/*
 Navicat Premium Data Transfer

 Source Server         : localhost@docker1
 Source Server Type    : MySQL
 Source Server Version : 80013
 Source Host           : localhost:3305
 Source Schema         : tcloud

 Target Server Type    : MySQL
 Target Server Version : 80013
 File Encoding         : 65001

 Date: 17/05/2025 18:33:41
*/

SET NAMES utf8mb4;
SET FOREIGN_KEY_CHECKS = 0;

-- ----------------------------
-- Table structure for t_admin
-- ----------------------------
DROP TABLE IF EXISTS `t_admin`;
CREATE TABLE `t_admin` (
  `id` int(11) unsigned NOT NULL AUTO_INCREMENT,
  `root` tinyint(1) unsigned NOT NULL DEFAULT '0' COMMENT '是否超级管理员 0-否 1-是',
  `name` varchar(32) CHARACTER SET utf8mb4 COLLATE utf8mb4_general_ci NOT NULL DEFAULT '' COMMENT '名称',
  `avatar` varchar(255) CHARACTER SET utf8mb4 COLLATE utf8mb4_general_ci NOT NULL DEFAULT '' COMMENT '用户头像',
  `account` varchar(32) CHARACTER SET utf8mb4 COLLATE utf8mb4_general_ci NOT NULL DEFAULT '' COMMENT '账号',
  `password` varchar(32) CHARACTER SET utf8mb4 COLLATE utf8mb4_general_ci NOT NULL COMMENT '密码',
  `login_time` int(10) DEFAULT NULL COMMENT '最后登录时间',
  `login_ip` varchar(39) CHARACTER SET utf8mb4 COLLATE utf8mb4_general_ci DEFAULT '' COMMENT '最后登录ip',
  `multipoint_login` tinyint(1) unsigned DEFAULT '1' COMMENT '是否支持多处登录：1-是；0-否；',
  `disable` tinyint(1) unsigned DEFAULT '0' COMMENT '是否禁用：0-否；1-是；',
  `create_time` int(10) NOT NULL COMMENT '创建时间',
  `update_time` int(10) DEFAULT NULL COMMENT '修改时间',
  `delete_time` int(10) DEFAULT NULL COMMENT '删除时间',
  PRIMARY KEY (`id`) USING BTREE
) ENGINE=InnoDB AUTO_INCREMENT=2 DEFAULT CHARSET=utf8mb4 COLLATE=utf8mb4_general_ci ROW_FORMAT=DYNAMIC COMMENT='管理员表';

-- ----------------------------
-- Records of t_admin
-- ----------------------------
BEGIN;
INSERT INTO `t_admin` (`id`, `root`, `name`, `avatar`, `account`, `password`, `login_time`, `login_ip`, `multipoint_login`, `disable`, `create_time`, `update_time`, `delete_time`) VALUES (1, 1, 'admin', '', 'admin', '7a337a017fa6f78f41467e9cde98e122', 1746187676, '172.18.0.1', 1, 0, 1743419325, 1746187676, NULL);
COMMIT;

-- ----------------------------
-- Table structure for t_admin_dept
-- ----------------------------
DROP TABLE IF EXISTS `t_admin_dept`;
CREATE TABLE `t_admin_dept` (
  `admin_id` int(10) NOT NULL DEFAULT '0' COMMENT '管理员id',
  `dept_id` int(10) NOT NULL DEFAULT '0' COMMENT '部门id',
  PRIMARY KEY (`admin_id`,`dept_id`) USING BTREE
) ENGINE=InnoDB DEFAULT CHARSET=utf8mb4 COLLATE=utf8mb4_general_ci ROW_FORMAT=DYNAMIC COMMENT='部门关联表';

-- ----------------------------
-- Records of t_admin_dept
-- ----------------------------
BEGIN;
INSERT INTO `t_admin_dept` (`admin_id`, `dept_id`) VALUES (1, 1);
COMMIT;

-- ----------------------------
-- Table structure for t_admin_jobs
-- ----------------------------
DROP TABLE IF EXISTS `t_admin_jobs`;
CREATE TABLE `t_admin_jobs` (
  `admin_id` int(10) NOT NULL COMMENT '管理员id',
  `jobs_id` int(10) NOT NULL COMMENT '岗位id',
  PRIMARY KEY (`admin_id`,`jobs_id`) USING BTREE
) ENGINE=InnoDB DEFAULT CHARSET=utf8mb4 COLLATE=utf8mb4_general_ci ROW_FORMAT=DYNAMIC COMMENT='岗位关联表';

-- ----------------------------
-- Records of t_admin_jobs
-- ----------------------------
BEGIN;
COMMIT;

-- ----------------------------
-- Table structure for t_admin_role
-- ----------------------------
DROP TABLE IF EXISTS `t_admin_role`;
CREATE TABLE `t_admin_role` (
  `admin_id` int(10) NOT NULL COMMENT '管理员id',
  `role_id` int(10) NOT NULL COMMENT '角色id',
  PRIMARY KEY (`admin_id`,`role_id`) USING BTREE
) ENGINE=InnoDB DEFAULT CHARSET=utf8mb4 COLLATE=utf8mb4_general_ci ROW_FORMAT=DYNAMIC COMMENT='角色关联表';

-- ----------------------------
-- Records of t_admin_role
-- ----------------------------
BEGIN;
COMMIT;

-- ----------------------------
-- Table structure for t_admin_session
-- ----------------------------
DROP TABLE IF EXISTS `t_admin_session`;
CREATE TABLE `t_admin_session` (
  `id` int(11) unsigned NOT NULL AUTO_INCREMENT,
  `admin_id` int(11) unsigned NOT NULL COMMENT '用户id',
  `terminal` tinyint(1) NOT NULL DEFAULT '1' COMMENT '客户端类型：1-pc管理后台 2-mobile手机管理后台',
  `token` varchar(32) CHARACTER SET utf8mb4 COLLATE utf8mb4_general_ci NOT NULL COMMENT '令牌',
  `update_time` int(10) DEFAULT NULL COMMENT '更新时间',
  `expire_time` int(10) NOT NULL COMMENT '到期时间',
  PRIMARY KEY (`id`) USING BTREE,
  UNIQUE KEY `admin_id_client` (`admin_id`,`terminal`) USING BTREE COMMENT '一个用户在一个终端只有一个token',
  UNIQUE KEY `token` (`token`) USING BTREE COMMENT 'token是唯一的'
) ENGINE=InnoDB AUTO_INCREMENT=2 DEFAULT CHARSET=utf8mb4 COLLATE=utf8mb4_general_ci ROW_FORMAT=DYNAMIC COMMENT='管理员会话表';

-- ----------------------------
-- Records of t_admin_session
-- ----------------------------
BEGIN;
INSERT INTO `t_admin_session` (`id`, `admin_id`, `terminal`, `token`, `update_time`, `expire_time`) VALUES (1, 1, 1, '754a712b20a7df6eaf3d601e2a99a5ec', 1746187676, 1746216476);
COMMIT;

-- ----------------------------
-- Table structure for t_article
-- ----------------------------
DROP TABLE IF EXISTS `t_article`;
CREATE TABLE `t_article` (
  `id` int(11) NOT NULL AUTO_INCREMENT COMMENT '文章id',
  `tenant_id` int(11) NOT NULL COMMENT '租户ID',
  `cid` int(11) NOT NULL COMMENT '文章分类',
  `title` varchar(255) CHARACTER SET utf8mb4 COLLATE utf8mb4_general_ci NOT NULL COMMENT '文章标题',
  `desc` varchar(255) CHARACTER SET utf8mb4 COLLATE utf8mb4_general_ci DEFAULT '' COMMENT '简介',
  `abstract` text CHARACTER SET utf8mb4 COLLATE utf8mb4_general_ci COMMENT '文章摘要',
  `image` varchar(128) CHARACTER SET utf8mb4 COLLATE utf8mb4_general_ci DEFAULT NULL COMMENT '文章图片',
  `author` varchar(255) CHARACTER SET utf8mb4 COLLATE utf8mb4_general_ci DEFAULT '' COMMENT '作者',
  `content` text CHARACTER SET utf8mb4 COLLATE utf8mb4_general_ci COMMENT '文章内容',
  `click_virtual` int(10) DEFAULT '0' COMMENT '虚拟浏览量',
  `click_actual` int(11) DEFAULT '0' COMMENT '实际浏览量',
  `is_show` tinyint(1) NOT NULL DEFAULT '1' COMMENT '是否显示:1-是.0-否',
  `sort` int(5) DEFAULT '0' COMMENT '排序',
  `create_time` int(11) DEFAULT NULL COMMENT '创建时间',
  `update_time` int(11) DEFAULT NULL COMMENT '更新时间',
  `delete_time` int(11) DEFAULT NULL COMMENT '删除时间',
  PRIMARY KEY (`id`) USING BTREE
) ENGINE=InnoDB AUTO_INCREMENT=42 DEFAULT CHARSET=utf8mb4 COLLATE=utf8mb4_general_ci ROW_FORMAT=DYNAMIC COMMENT='文章表';

-- ----------------------------
-- Records of t_article
-- ----------------------------
BEGIN;
INSERT INTO `t_article` (`id`, `tenant_id`, `cid`, `title`, `desc`, `abstract`, `image`, `author`, `content`, `click_virtual`, `click_actual`, `is_show`, `sort`, `create_time`, `update_time`, `delete_time`) VALUES (1, 1, 3, '让生活更精致！五款居家好物推荐，实用性超高', '##好物推荐🔥', '随着当代生活节奏的忙碌，很多人在闲暇之余都想好好的享受生活。随着科技的发展，也出现了越来越多可以帮助我们提升幸福感，让生活变得更精致的产品，下面周周就给大家盘点五款居家必备的好物，都是实用性很高的产品，周周可以保证大家买了肯定会喜欢。', 'resource/image/tenantapi/default/article01.png', '红花', '<p>拥有一台投影仪，闲暇时可以在家里直接看影院级别的大片，光是想想都觉得超级爽。市面上很多投影仪大几千，其实周周觉得没必要，选泰捷这款一千多的足够了，性价比非常高。</p><p>泰捷的专业度很高，在电视TV领域研发已经十年，有诸多专利和技术创新，荣获国内外多项技术奖项，拿下了腾讯创新工场投资，打造的泰捷视频TV端和泰捷电视盒子都获得了极高评价。</p><p>这款投影仪的分辨率在3000元内无敌，做到了真1080P高分辨率，也就是跟市场售价三千DLP投影仪一样的分辨率，真正做到了分毫毕现，像桌布的花纹、天空的云彩等，这些细节都清晰可见。</p><p>亮度方面，泰捷达到了850ANSI流明，同价位一般是200ANSI。这是因为泰捷为了提升亮度和LCD技术透射率低的问题，首创高功率LED灯源，让其亮度做到同价位最好。专业媒体也进行了多次对比，效果与3000元价位投影仪相当。</p><p>操作系统周周也很喜欢，完全不卡。泰捷作为资深音视频品牌，在系统优化方面有十年的研发经验，打造出的“零极”系统是业内公认效率最高、速度最快的系统，用户也评价它流畅度能一台顶三台，而且为了解决行业广告多这一痛点，系统内不植入任何广告。</p>', 1, 32, 1, 0, 1663317759, 1746186155, NULL);
INSERT INTO `t_article` (`id`, `tenant_id`, `cid`, `title`, `desc`, `abstract`, `image`, `author`, `content`, `click_virtual`, `click_actual`, `is_show`, `sort`, `create_time`, `update_time`, `delete_time`) VALUES (2, 1, 2, '埋葬UI设计师的坟墓不是内卷，而是免费模式', '', '本文从另外一个角度，聊聊作者对UI设计师职业发展前景的担忧，欢迎从事UI设计的同学来参与讨论，会有赠书哦', 'resource/image/tenantapi/default/article02.jpeg', '小明', '<p><br></p><p style=\"text-align: justify;\">一个职业，卷，根本就没什么大不了的，尤其是成熟且收入高的职业，不卷才不符合事物发展的规律。何况 UI 设计师的人力市场到今天也和 5 年前一样，还是停留在大型菜鸡互啄的场面。远不能和医疗、证券、教师或者演艺练习生相提并论。</p><p style=\"text-align: justify;\">真正会让我对UI设计师发展前景觉得悲观的事情就只有一件 —— 国内的互联网产品免费机制。这也是一个我一直以来想讨论的话题，就在这次写一写。</p><p style=\"text-align: justify;\">国内互联网市场的发展，是一部浩瀚的 “免费经济” 发展史。虽然今天免费已经是深入国内民众骨髓的认知，但最早的中文互联网也是需要付费的，网游也都是要花钱的。</p><p style=\"text-align: justify;\">只是自有国情在此，付费确实阻碍了互联网行业的扩张和普及，一批创业家就开始通过免费的模式为用户提供服务，从而扩大了自己的产品覆盖面和普及程度。</p><p style=\"text-align: justify;\">印象最深的就是免费急先锋周鸿祎，和现在鲜少出现在公众视野不同，一零年前他是当之无愧的互联网教主，因为他开发出了符合中国国情的互联网产品 “打法”，让 360 的发展如日中天。</p><p style=\"text-align: justify;\">就是他在自传中提到：</p><p style=\"text-align: justify;\">只要是在互联网上每个人都需要的服务，我们就认为它是基础服务，基础服务一定是免费的，这样的话不会形成价值歧视。就是说，只要这种服务是每个人都一定要用的，我一定免费提供，而且是无条件免费。增值服务不是所有人都需要的，这个比例可能会相当低，它只是百分之几甚至更少比例的人需要，所以这种服务一定要收费……</p><p style=\"text-align: justify;\">这就是互联网的游戏规则，它决定了要想建立一个有效的商业模式，就一定要有海量的用户基数……</p>', 2, 5, 1, 0, 1663322854, 1746186187, NULL);
INSERT INTO `t_article` (`id`, `tenant_id`, `cid`, `title`, `desc`, `abstract`, `image`, `author`, `content`, `click_virtual`, `click_actual`, `is_show`, `sort`, `create_time`, `update_time`, `delete_time`) VALUES (3, 1, 1, '金山电池公布“沪广深市民绿色生活方式”调查结果', '', '60%以上受访者认为高质量的10分钟足以完成“自我充电”', 'resource/image/tenantapi/default/article03.png', '中网资讯科技', '<p style=\"text-align: left; line-height: 2;\"><strong>深圳，2021年10月22日）</strong>生活在一线城市的沪广深市民一向以效率见称，工作繁忙和快节奏的生活容易缺乏充足的休息。近日，一项针对沪广深市民绿色生活方式而展开的网络问卷调查引起了大家的注意。问卷的问题设定集中于市民对休息时间的看法，以及从对循环充电电池的使用方面了解其对绿色生活方式的态度。该调查采用随机抽样的模式，并对最终收集的1,500份有效问卷进行专业分析后发现，超过60%的受访者表示，在每天的工作时段能拥有10分钟高质量的休息时间，就可以高效“自我充电”。该调查结果反映出，在快节奏时代下，人们需要高质量的休息时间，也要学会利用高效率的休息方式和工具来应对快节奏的生活，以时刻保持“满电”状态。</p><p style=\"text-align: left;\">　　<strong>60%以上受访者认为高质量的10分钟足以完成“自我充电”</strong></p><p style=\"text-align: left;\">　　这次调查超过1,500人，主要聚焦18至85岁的沪广深市民，了解他们对于休息时间的观念及使用充电电池的习惯，结果发现：</p><p style=\"text-align: left;\">　　· 90%以上有工作受访者每天工作时间在7小时以上，平均工作时间为8小时，其中43%以上的受访者工作时间超过9小时</p><p style=\"text-align: left;\">　　· 70%受访者认为在工作期间拥有10分钟“自我充电”时间不是一件困难的事情</p><p style=\"text-align: left;\">　　· 60%受访者认为在工作期间有10分钟休息时间足以为自己快速充电</p><p style=\"text-align: left;\">　　临床心理学家黄咏诗女士在发布会上分享为自己快速充电的实用技巧，她表示：“事实上，只要选择正确的休息方法，10分钟也足以为自己充电。以喝咖啡为例，我们可以使用心灵休息法 ── 静观呼吸，慢慢感受咖啡的温度和气味，如果能配合着聆听流水或海洋的声音，能够有效放松大脑及心灵。”</p><p style=\"text-align: left;\">　　这次调查结果反映出沪广深市民的希望在繁忙的工作中适时停下来，抽出10分钟喝杯咖啡、聆听音乐或小睡片刻，为自己充电。金山电池全新推出的“绿再十分充”超快速充电器仅需10分钟就能充好电，喝一杯咖啡的时间既能完成“自我充电”，也满足设备使用的用电需求，为提升工作效率和放松身心注入新能量。<img src=\"uploads/images/20250502/202505021830065623c5265.jpg\" alt=\"\" data-href=\"\" style=\"\"></p><p style=\"text-align: left;\">　　<strong>金山电池推出10分钟超快电池充电器*绿再十分充，以创新科技为市场带来革新体验</strong></p><p style=\"text-align: left;\">　　该问卷同时从沪广深市民对循环充电电池的使用方面进行了调查，以了解其对绿色生活方式的态度：</p><p style=\"text-align: left;\">　　· 87%受访者目前没有使用充电电池，其中61%表示会考虑使用充电电池</p><p style=\"text-align: left;\">　　· 58%受访者过往曾使用过充电电池，却只有20%左右市民仍在使用</p><p style=\"text-align: left;\">　　· 60%左右受访者认为充电电池尚未被广泛使用，主要障碍来自于充电时间过长、缺乏相关教育</p><p style=\"text-align: left;\">　　· 90%以上受访者认为充电电池充满电需要1小时或更长的时间</p><p style=\"text-align: left;\">　　金山电池一直致力于为大众提供安全可靠的充电电池，并与消费者的需求和生活方式一起演变及进步。今天，金山电池宣布推出10分钟超快电池充电器*绿再十分充，只需10分钟*即可将4粒绿再十分充充电电池充好电，充电速度比其他品牌提升3倍**。充电器的LED灯可以显示每粒电池的充电状态和模式，并提示用户是否错误插入已损坏电池或一次性电池。尽管其体型小巧，却具备多项创新科技 ，如拥有独特的充电算法以优化充电电流，并能根据各个电池类型、状况和温度用最短的时间为充电电池充好电;绿再十分充内置横流扇，有效防止电池温度过热和提供低噪音的充电环境等。<br></p>', 11, 61, 1, 0, 1663322665, 1746185577, NULL);
INSERT INTO `t_article` (`id`, `tenant_id`, `cid`, `title`, `desc`, `abstract`, `image`, `author`, `content`, `click_virtual`, `click_actual`, `is_show`, `sort`, `create_time`, `update_time`, `delete_time`) VALUES (4, 1, 4, '让生活更精致！五款居家好物推荐，实用性超高', '##好物推荐🔥', '随着当代生活节奏的忙碌，很多人在闲暇之余都想好好的享受生活。随着科技的发展，也出现了越来越多可以帮助我们提升幸福感，让生活变得更精致的产品，下面周周就给大家盘点五款居家必备的好物，都是实用性很高的产品，周周可以保证大家买了肯定会喜欢。', 'resource/image/tenantapi/default/article01.png', '红花', '<p>拥有一台投影仪，闲暇时可以在家里直接看影院级别的大片，光是想想都觉得超级爽。市面上很多投影仪大几千，其实周周觉得没必要，选泰捷这款一千多的足够了，性价比非常高。</p><p>泰捷的专业度很高，在电视TV领域研发已经十年，有诸多专利和技术创新，荣获国内外多项技术奖项，拿下了腾讯创新工场投资，打造的泰捷视频TV端和泰捷电视盒子都获得了极高评价。</p><p>这款投影仪的分辨率在3000元内无敌，做到了真1080P高分辨率，也就是跟市场售价三千DLP投影仪一样的分辨率，真正做到了分毫毕现，像桌布的花纹、天空的云彩等，这些细节都清晰可见。</p><p>亮度方面，泰捷达到了850ANSI流明，同价位一般是200ANSI。这是因为泰捷为了提升亮度和LCD技术透射率低的问题，首创高功率LED灯源，让其亮度做到同价位最好。专业媒体也进行了多次对比，效果与3000元价位投影仪相当。</p><p>操作系统周周也很喜欢，完全不卡。泰捷作为资深音视频品牌，在系统优化方面有十年的研发经验，打造出的“零极”系统是业内公认效率最高、速度最快的系统，用户也评价它流畅度能一台顶三台，而且为了解决行业广告多这一痛点，系统内不植入任何广告。</p>', 1, 2, 1, 0, 1743419673, 1743419673, NULL);
INSERT INTO `t_article` (`id`, `tenant_id`, `cid`, `title`, `desc`, `abstract`, `image`, `author`, `content`, `click_virtual`, `click_actual`, `is_show`, `sort`, `create_time`, `update_time`, `delete_time`) VALUES (5, 1, 5, '埋葬UI设计师的坟墓不是内卷，而是免费模式', '', '本文从另外一个角度，聊聊作者对UI设计师职业发展前景的担忧，欢迎从事UI设计的同学来参与讨论，会有赠书哦', 'resource/image/tenantapi/default/article02.jpeg', '小明', '<p><br></p><p style=\"text-align: justify;\">一个职业，卷，根本就没什么大不了的，尤其是成熟且收入高的职业，不卷才不符合事物发展的规律。何况 UI 设计师的人力市场到今天也和 5 年前一样，还是停留在大型菜鸡互啄的场面。远不能和医疗、证券、教师或者演艺练习生相提并论。</p><p style=\"text-align: justify;\">真正会让我对UI设计师发展前景觉得悲观的事情就只有一件 —— 国内的互联网产品免费机制。这也是一个我一直以来想讨论的话题，就在这次写一写。</p><p style=\"text-align: justify;\">国内互联网市场的发展，是一部浩瀚的 “免费经济” 发展史。虽然今天免费已经是深入国内民众骨髓的认知，但最早的中文互联网也是需要付费的，网游也都是要花钱的。</p><p style=\"text-align: justify;\">只是自有国情在此，付费确实阻碍了互联网行业的扩张和普及，一批创业家就开始通过免费的模式为用户提供服务，从而扩大了自己的产品覆盖面和普及程度。</p><p style=\"text-align: justify;\">印象最深的就是免费急先锋周鸿祎，和现在鲜少出现在公众视野不同，一零年前他是当之无愧的互联网教主，因为他开发出了符合中国国情的互联网产品 “打法”，让 360 的发展如日中天。</p><p style=\"text-align: justify;\">就是他在自传中提到：</p><p style=\"text-align: justify;\">只要是在互联网上每个人都需要的服务，我们就认为它是基础服务，基础服务一定是免费的，这样的话不会形成价值歧视。就是说，只要这种服务是每个人都一定要用的，我一定免费提供，而且是无条件免费。增值服务不是所有人都需要的，这个比例可能会相当低，它只是百分之几甚至更少比例的人需要，所以这种服务一定要收费……</p><p style=\"text-align: justify;\">这就是互联网的游戏规则，它决定了要想建立一个有效的商业模式，就一定要有海量的用户基数……</p>', 2, 4, 1, 0, 1743419673, 1743419673, NULL);
INSERT INTO `t_article` (`id`, `tenant_id`, `cid`, `title`, `desc`, `abstract`, `image`, `author`, `content`, `click_virtual`, `click_actual`, `is_show`, `sort`, `create_time`, `update_time`, `delete_time`) VALUES (6, 1, 6, '金山电池公布“沪广深市民绿色生活方式”调查结果', '', '60%以上受访者认为高质量的10分钟足以完成“自我充电”', 'resource/image/tenantapi/default/article03.png', '中网资讯科技', '<p style=\"text-align: left;\"><strong>深圳，2021年10月22日）</strong>生活在一线城市的沪广深市民一向以效率见称，工作繁忙和快节奏的生活容易缺乏充足的休息。近日，一项针对沪广深市民绿色生活方式而展开的网络问卷调查引起了大家的注意。问卷的问题设定集中于市民对休息时间的看法，以及从对循环充电电池的使用方面了解其对绿色生活方式的态度。该调查采用随机抽样的模式，并对最终收集的1,500份有效问卷进行专业分析后发现，超过60%的受访者表示，在每天的工作时段能拥有10分钟高质量的休息时间，就可以高效“自我充电”。该调查结果反映出，在快节奏时代下，人们需要高质量的休息时间，也要学会利用高效率的休息方式和工具来应对快节奏的生活，以时刻保持“满电”状态。</p><p style=\"text-align: left;\">　　<strong>60%以上受访者认为高质量的10分钟足以完成“自我充电”</strong></p><p style=\"text-align: left;\">　　这次调查超过1,500人，主要聚焦18至85岁的沪广深市民，了解他们对于休息时间的观念及使用充电电池的习惯，结果发现：😒<img src=\"uploads/images/20250331/20250331194706fb3256939.png\" alt=\"\" data-href=\"\" style=\"\"></p><p style=\"text-align: left;\">　　· 90%以上有工作受访者每天工作时间在7小时以上，平均工作时间<strong>为8小时，其中43%以上的受访者工作时间超过9</strong>小时</p><p style=\"text-align: left;\">　　· 70%受访者认为在工作期间拥有10分钟“自我充电”时间不是一件困难的事情</p><p style=\"text-align: left;\">　　· 60%受访者认为在工作期间有10分钟休息时间足以为自己快速充电</p><p style=\"text-align: left;\">　　临床心理学家黄咏诗女士在发布会上分享为自己快速充电的实用技巧，她表示：“事实上，只要选择正确的休息方法，10分钟也足以为自己充电。以喝咖啡为例，我们可以使用心灵休息法 ── 静观呼吸，慢慢感受咖啡的温度和气味，如果能配合着聆听流水或海洋的声音，能够有效放松大脑及心灵。”</p><p style=\"text-align: left;\">　　这次调查结果反映出沪广深市民的希望在繁忙的工作中适时停下来，抽出10分钟喝杯咖啡、聆听音乐或小睡片刻，为自己充电。金山电池全新推出的“绿再十分充”超快速充电器仅需10分钟就能充好电，喝一杯咖啡的时间既能完成“自我充电”，也满足设备使用的用电需求，为提升工作效率和放松身心注入新能量。</p><p style=\"text-align: left;\">　　<strong>金山电池推出10分钟超快电池充电器*绿再十分充，以创新科技为市场带来革新体验</strong></p><p style=\"text-align: left;\">　　该问卷同时从沪广深市民对循环充电电池的使用方面进行了调查，以了解其对绿色生活方式的态度：</p><p style=\"text-align: left;\">　　· 87%受访者目前没有使用充电电池，其中61%表示会考虑使用充电电池</p><p style=\"text-align: left;\">　　· 58%受访者过往曾使用过充电电池，却只有20%左右市民仍在使用</p><p style=\"text-align: left;\">　　· 60%左右受访者认为充电电池尚未被广泛使用，主要障碍来自于充电时间过长、缺乏相关教育</p><p style=\"text-align: left;\">　　· 90%以上受访者认为充电电池充满电需要1小时或更长的时间</p><p style=\"text-align: left;\">　　金山电池一直致力于为大众提供安全可靠的充电电池，并与消费者的需求和生活方式一起演变及进步。今天，金山电池宣布推出10分钟超快电池充电器*绿再十分充，只需10分钟*即可将4粒绿再十分充充电电池充好电，充电速度比其他品牌提升3倍**。充电器的LED灯可以显示每粒电池的充电状态和模式，并提示用户是否错误插入已损坏电池或一次性电池。尽管其体型小巧，却具备多项创新科技 ，如拥有独特的充电算法以优化充电电流，并能根据各个电池类型、状况和温度用最短的时间为充电电池充好电;绿再十分充内置横流扇，有效防止电池温度过热和提供低噪音的充电环境等。<br></p>', 11, 5, 1, 0, 1743419673, 1746043665, NULL);
INSERT INTO `t_article` (`id`, `tenant_id`, `cid`, `title`, `desc`, `abstract`, `image`, `author`, `content`, `click_virtual`, `click_actual`, `is_show`, `sort`, `create_time`, `update_time`, `delete_time`) VALUES (7, 1, 3, '让生活更精致！五款居家好物推荐，实用性超高', '##好物推荐🔥', '随着当代生活节奏的忙碌，很多人在闲暇之余都想好好的享受生活。随着科技的发展，也出现了越来越多可以帮助我们提升幸福感，让生活变得更精致的产品，下面周周就给大家盘点五款居家必备的好物，都是实用性很高的产品，周周可以保证大家买了肯定会喜欢。', 'resource/image/tenantapi/default/article01.png', '红花', '<p>拥有一台投影仪，闲暇时可以在家里直接看影院级别的大片，光是想想都觉得超级爽。市面上很多投影仪大几千，其实周周觉得没必要，选泰捷这款一千多的足够了，性价比非常高。</p><p>泰捷的专业度很高，在电视TV领域研发已经十年，有诸多专利和技术创新，荣获国内外多项技术奖项，拿下了腾讯创新工场投资，打造的泰捷视频TV端和泰捷电视盒子都获得了极高评价。</p><p>这款投影仪的分辨率在3000元内无敌，做到了真1080P高分辨率，也就是跟市场售价三千DLP投影仪一样的分辨率，真正做到了分毫毕现，像桌布的花纹、天空的云彩等，这些细节都清晰可见。</p><p>亮度方面，泰捷达到了850ANSI流明，同价位一般是200ANSI。这是因为泰捷为了提升亮度和LCD技术透射率低的问题，首创高功率LED灯源，让其亮度做到同价位最好。专业媒体也进行了多次对比，效果与3000元价位投影仪相当。</p><p>操作系统周周也很喜欢，完全不卡。泰捷作为资深音视频品牌，在系统优化方面有十年的研发经验，打造出的“零极”系统是业内公认效率最高、速度最快的系统，用户也评价它流畅度能一台顶三台，而且为了解决行业广告多这一痛点，系统内不植入任何广告。</p>', 1, 30, 1, 0, 1663317759, 1746043655, NULL);
INSERT INTO `t_article` (`id`, `tenant_id`, `cid`, `title`, `desc`, `abstract`, `image`, `author`, `content`, `click_virtual`, `click_actual`, `is_show`, `sort`, `create_time`, `update_time`, `delete_time`) VALUES (8, 1, 3, '让生活更精致！五款居家好物推荐，实用性超高', '##好物推荐🔥', '随着当代生活节奏的忙碌，很多人在闲暇之余都想好好的享受生活。随着科技的发展，也出现了越来越多可以帮助我们提升幸福感，让生活变得更精致的产品，下面周周就给大家盘点五款居家必备的好物，都是实用性很高的产品，周周可以保证大家买了肯定会喜欢。', 'resource/image/tenantapi/default/article01.png', '红花', '<p>拥有一台投影仪，闲暇时可以在家里直接看影院级别的大片，光是想想都觉得超级爽。市面上很多投影仪大几千，其实周周觉得没必要，选泰捷这款一千多的足够了，性价比非常高。</p><p>泰捷的专业度很高，在电视TV领域研发已经十年，有诸多专利和技术创新，荣获国内外多项技术奖项，拿下了腾讯创新工场投资，打造的泰捷视频TV端和泰捷电视盒子都获得了极高评价。</p><p>这款投影仪的分辨率在3000元内无敌，做到了真1080P高分辨率，也就是跟市场售价三千DLP投影仪一样的分辨率，真正做到了分毫毕现，像桌布的花纹、天空的云彩等，这些细节都清晰可见。</p><p>亮度方面，泰捷达到了850ANSI流明，同价位一般是200ANSI。这是因为泰捷为了提升亮度和LCD技术透射率低的问题，首创高功率LED灯源，让其亮度做到同价位最好。专业媒体也进行了多次对比，效果与3000元价位投影仪相当。</p><p>操作系统周周也很喜欢，完全不卡。泰捷作为资深音视频品牌，在系统优化方面有十年的研发经验，打造出的“零极”系统是业内公认效率最高、速度最快的系统，用户也评价它流畅度能一台顶三台，而且为了解决行业广告多这一痛点，系统内不植入任何广告。</p>', 1, 30, 1, 0, 1663317759, 1746043655, NULL);
INSERT INTO `t_article` (`id`, `tenant_id`, `cid`, `title`, `desc`, `abstract`, `image`, `author`, `content`, `click_virtual`, `click_actual`, `is_show`, `sort`, `create_time`, `update_time`, `delete_time`) VALUES (9, 1, 3, '让生活更精致！五款居家好物推荐，实用性超高', '##好物推荐🔥', '随着当代生活节奏的忙碌，很多人在闲暇之余都想好好的享受生活。随着科技的发展，也出现了越来越多可以帮助我们提升幸福感，让生活变得更精致的产品，下面周周就给大家盘点五款居家必备的好物，都是实用性很高的产品，周周可以保证大家买了肯定会喜欢。', 'resource/image/tenantapi/default/article01.png', '红花', '<p>拥有一台投影仪，闲暇时可以在家里直接看影院级别的大片，光是想想都觉得超级爽。市面上很多投影仪大几千，其实周周觉得没必要，选泰捷这款一千多的足够了，性价比非常高。</p><p>泰捷的专业度很高，在电视TV领域研发已经十年，有诸多专利和技术创新，荣获国内外多项技术奖项，拿下了腾讯创新工场投资，打造的泰捷视频TV端和泰捷电视盒子都获得了极高评价。</p><p>这款投影仪的分辨率在3000元内无敌，做到了真1080P高分辨率，也就是跟市场售价三千DLP投影仪一样的分辨率，真正做到了分毫毕现，像桌布的花纹、天空的云彩等，这些细节都清晰可见。</p><p>亮度方面，泰捷达到了850ANSI流明，同价位一般是200ANSI。这是因为泰捷为了提升亮度和LCD技术透射率低的问题，首创高功率LED灯源，让其亮度做到同价位最好。专业媒体也进行了多次对比，效果与3000元价位投影仪相当。</p><p>操作系统周周也很喜欢，完全不卡。泰捷作为资深音视频品牌，在系统优化方面有十年的研发经验，打造出的“零极”系统是业内公认效率最高、速度最快的系统，用户也评价它流畅度能一台顶三台，而且为了解决行业广告多这一痛点，系统内不植入任何广告。</p>', 1, 30, 1, 0, 1663317759, 1746043655, NULL);
INSERT INTO `t_article` (`id`, `tenant_id`, `cid`, `title`, `desc`, `abstract`, `image`, `author`, `content`, `click_virtual`, `click_actual`, `is_show`, `sort`, `create_time`, `update_time`, `delete_time`) VALUES (10, 1, 3, '让生活更精致！五款居家好物推荐，实用性超高', '##好物推荐🔥', '随着当代生活节奏的忙碌，很多人在闲暇之余都想好好的享受生活。随着科技的发展，也出现了越来越多可以帮助我们提升幸福感，让生活变得更精致的产品，下面周周就给大家盘点五款居家必备的好物，都是实用性很高的产品，周周可以保证大家买了肯定会喜欢。', 'resource/image/tenantapi/default/article01.png', '红花', '<p>拥有一台投影仪，闲暇时可以在家里直接看影院级别的大片，光是想想都觉得超级爽。市面上很多投影仪大几千，其实周周觉得没必要，选泰捷这款一千多的足够了，性价比非常高。</p><p>泰捷的专业度很高，在电视TV领域研发已经十年，有诸多专利和技术创新，荣获国内外多项技术奖项，拿下了腾讯创新工场投资，打造的泰捷视频TV端和泰捷电视盒子都获得了极高评价。</p><p>这款投影仪的分辨率在3000元内无敌，做到了真1080P高分辨率，也就是跟市场售价三千DLP投影仪一样的分辨率，真正做到了分毫毕现，像桌布的花纹、天空的云彩等，这些细节都清晰可见。</p><p>亮度方面，泰捷达到了850ANSI流明，同价位一般是200ANSI。这是因为泰捷为了提升亮度和LCD技术透射率低的问题，首创高功率LED灯源，让其亮度做到同价位最好。专业媒体也进行了多次对比，效果与3000元价位投影仪相当。</p><p>操作系统周周也很喜欢，完全不卡。泰捷作为资深音视频品牌，在系统优化方面有十年的研发经验，打造出的“零极”系统是业内公认效率最高、速度最快的系统，用户也评价它流畅度能一台顶三台，而且为了解决行业广告多这一痛点，系统内不植入任何广告。</p>', 1, 30, 1, 0, 1663317759, 1746043655, NULL);
INSERT INTO `t_article` (`id`, `tenant_id`, `cid`, `title`, `desc`, `abstract`, `image`, `author`, `content`, `click_virtual`, `click_actual`, `is_show`, `sort`, `create_time`, `update_time`, `delete_time`) VALUES (11, 1, 3, '让生活更精致！五款居家好物推荐，实用性超高', '##好物推荐🔥', '随着当代生活节奏的忙碌，很多人在闲暇之余都想好好的享受生活。随着科技的发展，也出现了越来越多可以帮助我们提升幸福感，让生活变得更精致的产品，下面周周就给大家盘点五款居家必备的好物，都是实用性很高的产品，周周可以保证大家买了肯定会喜欢。', 'resource/image/tenantapi/default/article01.png', '红花', '<p>拥有一台投影仪，闲暇时可以在家里直接看影院级别的大片，光是想想都觉得超级爽。市面上很多投影仪大几千，其实周周觉得没必要，选泰捷这款一千多的足够了，性价比非常高。</p><p>泰捷的专业度很高，在电视TV领域研发已经十年，有诸多专利和技术创新，荣获国内外多项技术奖项，拿下了腾讯创新工场投资，打造的泰捷视频TV端和泰捷电视盒子都获得了极高评价。</p><p>这款投影仪的分辨率在3000元内无敌，做到了真1080P高分辨率，也就是跟市场售价三千DLP投影仪一样的分辨率，真正做到了分毫毕现，像桌布的花纹、天空的云彩等，这些细节都清晰可见。</p><p>亮度方面，泰捷达到了850ANSI流明，同价位一般是200ANSI。这是因为泰捷为了提升亮度和LCD技术透射率低的问题，首创高功率LED灯源，让其亮度做到同价位最好。专业媒体也进行了多次对比，效果与3000元价位投影仪相当。</p><p>操作系统周周也很喜欢，完全不卡。泰捷作为资深音视频品牌，在系统优化方面有十年的研发经验，打造出的“零极”系统是业内公认效率最高、速度最快的系统，用户也评价它流畅度能一台顶三台，而且为了解决行业广告多这一痛点，系统内不植入任何广告。</p>', 1, 30, 1, 0, 1663317759, 1746043655, NULL);
INSERT INTO `t_article` (`id`, `tenant_id`, `cid`, `title`, `desc`, `abstract`, `image`, `author`, `content`, `click_virtual`, `click_actual`, `is_show`, `sort`, `create_time`, `update_time`, `delete_time`) VALUES (12, 1, 3, '让生活更精致！五款居家好物推荐，实用性超高', '##好物推荐🔥', '随着当代生活节奏的忙碌，很多人在闲暇之余都想好好的享受生活。随着科技的发展，也出现了越来越多可以帮助我们提升幸福感，让生活变得更精致的产品，下面周周就给大家盘点五款居家必备的好物，都是实用性很高的产品，周周可以保证大家买了肯定会喜欢。', 'resource/image/tenantapi/default/article01.png', '红花', '<p>拥有一台投影仪，闲暇时可以在家里直接看影院级别的大片，光是想想都觉得超级爽。市面上很多投影仪大几千，其实周周觉得没必要，选泰捷这款一千多的足够了，性价比非常高。</p><p>泰捷的专业度很高，在电视TV领域研发已经十年，有诸多专利和技术创新，荣获国内外多项技术奖项，拿下了腾讯创新工场投资，打造的泰捷视频TV端和泰捷电视盒子都获得了极高评价。</p><p>这款投影仪的分辨率在3000元内无敌，做到了真1080P高分辨率，也就是跟市场售价三千DLP投影仪一样的分辨率，真正做到了分毫毕现，像桌布的花纹、天空的云彩等，这些细节都清晰可见。</p><p>亮度方面，泰捷达到了850ANSI流明，同价位一般是200ANSI。这是因为泰捷为了提升亮度和LCD技术透射率低的问题，首创高功率LED灯源，让其亮度做到同价位最好。专业媒体也进行了多次对比，效果与3000元价位投影仪相当。</p><p>操作系统周周也很喜欢，完全不卡。泰捷作为资深音视频品牌，在系统优化方面有十年的研发经验，打造出的“零极”系统是业内公认效率最高、速度最快的系统，用户也评价它流畅度能一台顶三台，而且为了解决行业广告多这一痛点，系统内不植入任何广告。</p>', 1, 30, 1, 0, 1663317759, 1746043655, NULL);
INSERT INTO `t_article` (`id`, `tenant_id`, `cid`, `title`, `desc`, `abstract`, `image`, `author`, `content`, `click_virtual`, `click_actual`, `is_show`, `sort`, `create_time`, `update_time`, `delete_time`) VALUES (13, 1, 3, '让生活更精致！五款居家好物推荐，实用性超高', '##好物推荐🔥', '随着当代生活节奏的忙碌，很多人在闲暇之余都想好好的享受生活。随着科技的发展，也出现了越来越多可以帮助我们提升幸福感，让生活变得更精致的产品，下面周周就给大家盘点五款居家必备的好物，都是实用性很高的产品，周周可以保证大家买了肯定会喜欢。', 'resource/image/tenantapi/default/article01.png', '红花', '<p>拥有一台投影仪，闲暇时可以在家里直接看影院级别的大片，光是想想都觉得超级爽。市面上很多投影仪大几千，其实周周觉得没必要，选泰捷这款一千多的足够了，性价比非常高。</p><p>泰捷的专业度很高，在电视TV领域研发已经十年，有诸多专利和技术创新，荣获国内外多项技术奖项，拿下了腾讯创新工场投资，打造的泰捷视频TV端和泰捷电视盒子都获得了极高评价。</p><p>这款投影仪的分辨率在3000元内无敌，做到了真1080P高分辨率，也就是跟市场售价三千DLP投影仪一样的分辨率，真正做到了分毫毕现，像桌布的花纹、天空的云彩等，这些细节都清晰可见。</p><p>亮度方面，泰捷达到了850ANSI流明，同价位一般是200ANSI。这是因为泰捷为了提升亮度和LCD技术透射率低的问题，首创高功率LED灯源，让其亮度做到同价位最好。专业媒体也进行了多次对比，效果与3000元价位投影仪相当。</p><p>操作系统周周也很喜欢，完全不卡。泰捷作为资深音视频品牌，在系统优化方面有十年的研发经验，打造出的“零极”系统是业内公认效率最高、速度最快的系统，用户也评价它流畅度能一台顶三台，而且为了解决行业广告多这一痛点，系统内不植入任何广告。</p>', 1, 30, 1, 0, 1663317759, 1746043655, NULL);
INSERT INTO `t_article` (`id`, `tenant_id`, `cid`, `title`, `desc`, `abstract`, `image`, `author`, `content`, `click_virtual`, `click_actual`, `is_show`, `sort`, `create_time`, `update_time`, `delete_time`) VALUES (14, 1, 3, '让生活更精致！五款居家好物推荐，实用性超高', '##好物推荐🔥', '随着当代生活节奏的忙碌，很多人在闲暇之余都想好好的享受生活。随着科技的发展，也出现了越来越多可以帮助我们提升幸福感，让生活变得更精致的产品，下面周周就给大家盘点五款居家必备的好物，都是实用性很高的产品，周周可以保证大家买了肯定会喜欢。', 'resource/image/tenantapi/default/article01.png', '红花', '<p>拥有一台投影仪，闲暇时可以在家里直接看影院级别的大片，光是想想都觉得超级爽。市面上很多投影仪大几千，其实周周觉得没必要，选泰捷这款一千多的足够了，性价比非常高。</p><p>泰捷的专业度很高，在电视TV领域研发已经十年，有诸多专利和技术创新，荣获国内外多项技术奖项，拿下了腾讯创新工场投资，打造的泰捷视频TV端和泰捷电视盒子都获得了极高评价。</p><p>这款投影仪的分辨率在3000元内无敌，做到了真1080P高分辨率，也就是跟市场售价三千DLP投影仪一样的分辨率，真正做到了分毫毕现，像桌布的花纹、天空的云彩等，这些细节都清晰可见。</p><p>亮度方面，泰捷达到了850ANSI流明，同价位一般是200ANSI。这是因为泰捷为了提升亮度和LCD技术透射率低的问题，首创高功率LED灯源，让其亮度做到同价位最好。专业媒体也进行了多次对比，效果与3000元价位投影仪相当。</p><p>操作系统周周也很喜欢，完全不卡。泰捷作为资深音视频品牌，在系统优化方面有十年的研发经验，打造出的“零极”系统是业内公认效率最高、速度最快的系统，用户也评价它流畅度能一台顶三台，而且为了解决行业广告多这一痛点，系统内不植入任何广告。</p>', 1, 30, 1, 0, 1663317759, 1746043655, NULL);
INSERT INTO `t_article` (`id`, `tenant_id`, `cid`, `title`, `desc`, `abstract`, `image`, `author`, `content`, `click_virtual`, `click_actual`, `is_show`, `sort`, `create_time`, `update_time`, `delete_time`) VALUES (15, 1, 3, '让生活更精致！五款居家好物推荐，实用性超高', '##好物推荐🔥', '随着当代生活节奏的忙碌，很多人在闲暇之余都想好好的享受生活。随着科技的发展，也出现了越来越多可以帮助我们提升幸福感，让生活变得更精致的产品，下面周周就给大家盘点五款居家必备的好物，都是实用性很高的产品，周周可以保证大家买了肯定会喜欢。', 'resource/image/tenantapi/default/article01.png', '红花', '<p>拥有一台投影仪，闲暇时可以在家里直接看影院级别的大片，光是想想都觉得超级爽。市面上很多投影仪大几千，其实周周觉得没必要，选泰捷这款一千多的足够了，性价比非常高。</p><p>泰捷的专业度很高，在电视TV领域研发已经十年，有诸多专利和技术创新，荣获国内外多项技术奖项，拿下了腾讯创新工场投资，打造的泰捷视频TV端和泰捷电视盒子都获得了极高评价。</p><p>这款投影仪的分辨率在3000元内无敌，做到了真1080P高分辨率，也就是跟市场售价三千DLP投影仪一样的分辨率，真正做到了分毫毕现，像桌布的花纹、天空的云彩等，这些细节都清晰可见。</p><p>亮度方面，泰捷达到了850ANSI流明，同价位一般是200ANSI。这是因为泰捷为了提升亮度和LCD技术透射率低的问题，首创高功率LED灯源，让其亮度做到同价位最好。专业媒体也进行了多次对比，效果与3000元价位投影仪相当。</p><p>操作系统周周也很喜欢，完全不卡。泰捷作为资深音视频品牌，在系统优化方面有十年的研发经验，打造出的“零极”系统是业内公认效率最高、速度最快的系统，用户也评价它流畅度能一台顶三台，而且为了解决行业广告多这一痛点，系统内不植入任何广告。</p>', 1, 30, 1, 0, 1663317759, 1746043655, NULL);
INSERT INTO `t_article` (`id`, `tenant_id`, `cid`, `title`, `desc`, `abstract`, `image`, `author`, `content`, `click_virtual`, `click_actual`, `is_show`, `sort`, `create_time`, `update_time`, `delete_time`) VALUES (16, 1, 3, '让生活更精致！五款居家好物推荐，实用性超高', '##好物推荐🔥', '随着当代生活节奏的忙碌，很多人在闲暇之余都想好好的享受生活。随着科技的发展，也出现了越来越多可以帮助我们提升幸福感，让生活变得更精致的产品，下面周周就给大家盘点五款居家必备的好物，都是实用性很高的产品，周周可以保证大家买了肯定会喜欢。', 'resource/image/tenantapi/default/article01.png', '红花', '<p>拥有一台投影仪，闲暇时可以在家里直接看影院级别的大片，光是想想都觉得超级爽。市面上很多投影仪大几千，其实周周觉得没必要，选泰捷这款一千多的足够了，性价比非常高。</p><p>泰捷的专业度很高，在电视TV领域研发已经十年，有诸多专利和技术创新，荣获国内外多项技术奖项，拿下了腾讯创新工场投资，打造的泰捷视频TV端和泰捷电视盒子都获得了极高评价。</p><p>这款投影仪的分辨率在3000元内无敌，做到了真1080P高分辨率，也就是跟市场售价三千DLP投影仪一样的分辨率，真正做到了分毫毕现，像桌布的花纹、天空的云彩等，这些细节都清晰可见。</p><p>亮度方面，泰捷达到了850ANSI流明，同价位一般是200ANSI。这是因为泰捷为了提升亮度和LCD技术透射率低的问题，首创高功率LED灯源，让其亮度做到同价位最好。专业媒体也进行了多次对比，效果与3000元价位投影仪相当。</p><p>操作系统周周也很喜欢，完全不卡。泰捷作为资深音视频品牌，在系统优化方面有十年的研发经验，打造出的“零极”系统是业内公认效率最高、速度最快的系统，用户也评价它流畅度能一台顶三台，而且为了解决行业广告多这一痛点，系统内不植入任何广告。</p>', 1, 30, 1, 0, 1663317759, 1746043655, NULL);
INSERT INTO `t_article` (`id`, `tenant_id`, `cid`, `title`, `desc`, `abstract`, `image`, `author`, `content`, `click_virtual`, `click_actual`, `is_show`, `sort`, `create_time`, `update_time`, `delete_time`) VALUES (17, 1, 3, '让生活更精致！五款居家好物推荐，实用性超高', '##好物推荐🔥', '随着当代生活节奏的忙碌，很多人在闲暇之余都想好好的享受生活。随着科技的发展，也出现了越来越多可以帮助我们提升幸福感，让生活变得更精致的产品，下面周周就给大家盘点五款居家必备的好物，都是实用性很高的产品，周周可以保证大家买了肯定会喜欢。', 'resource/image/tenantapi/default/article01.png', '红花', '<p>拥有一台投影仪，闲暇时可以在家里直接看影院级别的大片，光是想想都觉得超级爽。市面上很多投影仪大几千，其实周周觉得没必要，选泰捷这款一千多的足够了，性价比非常高。</p><p>泰捷的专业度很高，在电视TV领域研发已经十年，有诸多专利和技术创新，荣获国内外多项技术奖项，拿下了腾讯创新工场投资，打造的泰捷视频TV端和泰捷电视盒子都获得了极高评价。</p><p>这款投影仪的分辨率在3000元内无敌，做到了真1080P高分辨率，也就是跟市场售价三千DLP投影仪一样的分辨率，真正做到了分毫毕现，像桌布的花纹、天空的云彩等，这些细节都清晰可见。</p><p>亮度方面，泰捷达到了850ANSI流明，同价位一般是200ANSI。这是因为泰捷为了提升亮度和LCD技术透射率低的问题，首创高功率LED灯源，让其亮度做到同价位最好。专业媒体也进行了多次对比，效果与3000元价位投影仪相当。</p><p>操作系统周周也很喜欢，完全不卡。泰捷作为资深音视频品牌，在系统优化方面有十年的研发经验，打造出的“零极”系统是业内公认效率最高、速度最快的系统，用户也评价它流畅度能一台顶三台，而且为了解决行业广告多这一痛点，系统内不植入任何广告。</p>', 1, 30, 1, 0, 1663317759, 1746043655, NULL);
INSERT INTO `t_article` (`id`, `tenant_id`, `cid`, `title`, `desc`, `abstract`, `image`, `author`, `content`, `click_virtual`, `click_actual`, `is_show`, `sort`, `create_time`, `update_time`, `delete_time`) VALUES (18, 1, 3, '让生活更精致！五款居家好物推荐，实用性超高', '##好物推荐🔥', '随着当代生活节奏的忙碌，很多人在闲暇之余都想好好的享受生活。随着科技的发展，也出现了越来越多可以帮助我们提升幸福感，让生活变得更精致的产品，下面周周就给大家盘点五款居家必备的好物，都是实用性很高的产品，周周可以保证大家买了肯定会喜欢。', 'resource/image/tenantapi/default/article01.png', '红花', '<p>拥有一台投影仪，闲暇时可以在家里直接看影院级别的大片，光是想想都觉得超级爽。市面上很多投影仪大几千，其实周周觉得没必要，选泰捷这款一千多的足够了，性价比非常高。</p><p>泰捷的专业度很高，在电视TV领域研发已经十年，有诸多专利和技术创新，荣获国内外多项技术奖项，拿下了腾讯创新工场投资，打造的泰捷视频TV端和泰捷电视盒子都获得了极高评价。</p><p>这款投影仪的分辨率在3000元内无敌，做到了真1080P高分辨率，也就是跟市场售价三千DLP投影仪一样的分辨率，真正做到了分毫毕现，像桌布的花纹、天空的云彩等，这些细节都清晰可见。</p><p>亮度方面，泰捷达到了850ANSI流明，同价位一般是200ANSI。这是因为泰捷为了提升亮度和LCD技术透射率低的问题，首创高功率LED灯源，让其亮度做到同价位最好。专业媒体也进行了多次对比，效果与3000元价位投影仪相当。</p><p>操作系统周周也很喜欢，完全不卡。泰捷作为资深音视频品牌，在系统优化方面有十年的研发经验，打造出的“零极”系统是业内公认效率最高、速度最快的系统，用户也评价它流畅度能一台顶三台，而且为了解决行业广告多这一痛点，系统内不植入任何广告。</p>', 1, 30, 1, 0, 1663317759, 1746043655, NULL);
INSERT INTO `t_article` (`id`, `tenant_id`, `cid`, `title`, `desc`, `abstract`, `image`, `author`, `content`, `click_virtual`, `click_actual`, `is_show`, `sort`, `create_time`, `update_time`, `delete_time`) VALUES (19, 1, 3, '让生活更精致！五款居家好物推荐，实用性超高', '##好物推荐🔥', '随着当代生活节奏的忙碌，很多人在闲暇之余都想好好的享受生活。随着科技的发展，也出现了越来越多可以帮助我们提升幸福感，让生活变得更精致的产品，下面周周就给大家盘点五款居家必备的好物，都是实用性很高的产品，周周可以保证大家买了肯定会喜欢。', 'resource/image/tenantapi/default/article01.png', '红花', '<p>拥有一台投影仪，闲暇时可以在家里直接看影院级别的大片，光是想想都觉得超级爽。市面上很多投影仪大几千，其实周周觉得没必要，选泰捷这款一千多的足够了，性价比非常高。</p><p>泰捷的专业度很高，在电视TV领域研发已经十年，有诸多专利和技术创新，荣获国内外多项技术奖项，拿下了腾讯创新工场投资，打造的泰捷视频TV端和泰捷电视盒子都获得了极高评价。</p><p>这款投影仪的分辨率在3000元内无敌，做到了真1080P高分辨率，也就是跟市场售价三千DLP投影仪一样的分辨率，真正做到了分毫毕现，像桌布的花纹、天空的云彩等，这些细节都清晰可见。</p><p>亮度方面，泰捷达到了850ANSI流明，同价位一般是200ANSI。这是因为泰捷为了提升亮度和LCD技术透射率低的问题，首创高功率LED灯源，让其亮度做到同价位最好。专业媒体也进行了多次对比，效果与3000元价位投影仪相当。</p><p>操作系统周周也很喜欢，完全不卡。泰捷作为资深音视频品牌，在系统优化方面有十年的研发经验，打造出的“零极”系统是业内公认效率最高、速度最快的系统，用户也评价它流畅度能一台顶三台，而且为了解决行业广告多这一痛点，系统内不植入任何广告。</p>', 1, 30, 1, 0, 1663317759, 1746043655, NULL);
INSERT INTO `t_article` (`id`, `tenant_id`, `cid`, `title`, `desc`, `abstract`, `image`, `author`, `content`, `click_virtual`, `click_actual`, `is_show`, `sort`, `create_time`, `update_time`, `delete_time`) VALUES (20, 1, 3, '让生活更精致！五款居家好物推荐，实用性超高', '##好物推荐🔥', '随着当代生活节奏的忙碌，很多人在闲暇之余都想好好的享受生活。随着科技的发展，也出现了越来越多可以帮助我们提升幸福感，让生活变得更精致的产品，下面周周就给大家盘点五款居家必备的好物，都是实用性很高的产品，周周可以保证大家买了肯定会喜欢。', 'resource/image/tenantapi/default/article01.png', '红花', '<p>拥有一台投影仪，闲暇时可以在家里直接看影院级别的大片，光是想想都觉得超级爽。市面上很多投影仪大几千，其实周周觉得没必要，选泰捷这款一千多的足够了，性价比非常高。</p><p>泰捷的专业度很高，在电视TV领域研发已经十年，有诸多专利和技术创新，荣获国内外多项技术奖项，拿下了腾讯创新工场投资，打造的泰捷视频TV端和泰捷电视盒子都获得了极高评价。</p><p>这款投影仪的分辨率在3000元内无敌，做到了真1080P高分辨率，也就是跟市场售价三千DLP投影仪一样的分辨率，真正做到了分毫毕现，像桌布的花纹、天空的云彩等，这些细节都清晰可见。</p><p>亮度方面，泰捷达到了850ANSI流明，同价位一般是200ANSI。这是因为泰捷为了提升亮度和LCD技术透射率低的问题，首创高功率LED灯源，让其亮度做到同价位最好。专业媒体也进行了多次对比，效果与3000元价位投影仪相当。</p><p>操作系统周周也很喜欢，完全不卡。泰捷作为资深音视频品牌，在系统优化方面有十年的研发经验，打造出的“零极”系统是业内公认效率最高、速度最快的系统，用户也评价它流畅度能一台顶三台，而且为了解决行业广告多这一痛点，系统内不植入任何广告。</p>', 1, 30, 1, 0, 1663317759, 1746043655, NULL);
INSERT INTO `t_article` (`id`, `tenant_id`, `cid`, `title`, `desc`, `abstract`, `image`, `author`, `content`, `click_virtual`, `click_actual`, `is_show`, `sort`, `create_time`, `update_time`, `delete_time`) VALUES (21, 1, 3, '让生活更精致！五款居家好物推荐，实用性超高', '##好物推荐🔥', '随着当代生活节奏的忙碌，很多人在闲暇之余都想好好的享受生活。随着科技的发展，也出现了越来越多可以帮助我们提升幸福感，让生活变得更精致的产品，下面周周就给大家盘点五款居家必备的好物，都是实用性很高的产品，周周可以保证大家买了肯定会喜欢。', 'resource/image/tenantapi/default/article01.png', '红花', '<p>拥有一台投影仪，闲暇时可以在家里直接看影院级别的大片，光是想想都觉得超级爽。市面上很多投影仪大几千，其实周周觉得没必要，选泰捷这款一千多的足够了，性价比非常高。</p><p>泰捷的专业度很高，在电视TV领域研发已经十年，有诸多专利和技术创新，荣获国内外多项技术奖项，拿下了腾讯创新工场投资，打造的泰捷视频TV端和泰捷电视盒子都获得了极高评价。</p><p>这款投影仪的分辨率在3000元内无敌，做到了真1080P高分辨率，也就是跟市场售价三千DLP投影仪一样的分辨率，真正做到了分毫毕现，像桌布的花纹、天空的云彩等，这些细节都清晰可见。</p><p>亮度方面，泰捷达到了850ANSI流明，同价位一般是200ANSI。这是因为泰捷为了提升亮度和LCD技术透射率低的问题，首创高功率LED灯源，让其亮度做到同价位最好。专业媒体也进行了多次对比，效果与3000元价位投影仪相当。</p><p>操作系统周周也很喜欢，完全不卡。泰捷作为资深音视频品牌，在系统优化方面有十年的研发经验，打造出的“零极”系统是业内公认效率最高、速度最快的系统，用户也评价它流畅度能一台顶三台，而且为了解决行业广告多这一痛点，系统内不植入任何广告。</p>', 1, 30, 1, 0, 1663317759, 1746043655, NULL);
INSERT INTO `t_article` (`id`, `tenant_id`, `cid`, `title`, `desc`, `abstract`, `image`, `author`, `content`, `click_virtual`, `click_actual`, `is_show`, `sort`, `create_time`, `update_time`, `delete_time`) VALUES (22, 1, 3, '让生活更精致！五款居家好物推荐，实用性超高', '##好物推荐🔥', '随着当代生活节奏的忙碌，很多人在闲暇之余都想好好的享受生活。随着科技的发展，也出现了越来越多可以帮助我们提升幸福感，让生活变得更精致的产品，下面周周就给大家盘点五款居家必备的好物，都是实用性很高的产品，周周可以保证大家买了肯定会喜欢。', 'resource/image/tenantapi/default/article01.png', '红花', '<p>拥有一台投影仪，闲暇时可以在家里直接看影院级别的大片，光是想想都觉得超级爽。市面上很多投影仪大几千，其实周周觉得没必要，选泰捷这款一千多的足够了，性价比非常高。</p><p>泰捷的专业度很高，在电视TV领域研发已经十年，有诸多专利和技术创新，荣获国内外多项技术奖项，拿下了腾讯创新工场投资，打造的泰捷视频TV端和泰捷电视盒子都获得了极高评价。</p><p>这款投影仪的分辨率在3000元内无敌，做到了真1080P高分辨率，也就是跟市场售价三千DLP投影仪一样的分辨率，真正做到了分毫毕现，像桌布的花纹、天空的云彩等，这些细节都清晰可见。</p><p>亮度方面，泰捷达到了850ANSI流明，同价位一般是200ANSI。这是因为泰捷为了提升亮度和LCD技术透射率低的问题，首创高功率LED灯源，让其亮度做到同价位最好。专业媒体也进行了多次对比，效果与3000元价位投影仪相当。</p><p>操作系统周周也很喜欢，完全不卡。泰捷作为资深音视频品牌，在系统优化方面有十年的研发经验，打造出的“零极”系统是业内公认效率最高、速度最快的系统，用户也评价它流畅度能一台顶三台，而且为了解决行业广告多这一痛点，系统内不植入任何广告。</p>', 1, 30, 1, 0, 1663317759, 1746043655, NULL);
INSERT INTO `t_article` (`id`, `tenant_id`, `cid`, `title`, `desc`, `abstract`, `image`, `author`, `content`, `click_virtual`, `click_actual`, `is_show`, `sort`, `create_time`, `update_time`, `delete_time`) VALUES (23, 1, 3, '让生活更精致！五款居家好物推荐，实用性超高', '##好物推荐🔥', '随着当代生活节奏的忙碌，很多人在闲暇之余都想好好的享受生活。随着科技的发展，也出现了越来越多可以帮助我们提升幸福感，让生活变得更精致的产品，下面周周就给大家盘点五款居家必备的好物，都是实用性很高的产品，周周可以保证大家买了肯定会喜欢。', 'resource/image/tenantapi/default/article01.png', '红花', '<p>拥有一台投影仪，闲暇时可以在家里直接看影院级别的大片，光是想想都觉得超级爽。市面上很多投影仪大几千，其实周周觉得没必要，选泰捷这款一千多的足够了，性价比非常高。</p><p>泰捷的专业度很高，在电视TV领域研发已经十年，有诸多专利和技术创新，荣获国内外多项技术奖项，拿下了腾讯创新工场投资，打造的泰捷视频TV端和泰捷电视盒子都获得了极高评价。</p><p>这款投影仪的分辨率在3000元内无敌，做到了真1080P高分辨率，也就是跟市场售价三千DLP投影仪一样的分辨率，真正做到了分毫毕现，像桌布的花纹、天空的云彩等，这些细节都清晰可见。</p><p>亮度方面，泰捷达到了850ANSI流明，同价位一般是200ANSI。这是因为泰捷为了提升亮度和LCD技术透射率低的问题，首创高功率LED灯源，让其亮度做到同价位最好。专业媒体也进行了多次对比，效果与3000元价位投影仪相当。</p><p>操作系统周周也很喜欢，完全不卡。泰捷作为资深音视频品牌，在系统优化方面有十年的研发经验，打造出的“零极”系统是业内公认效率最高、速度最快的系统，用户也评价它流畅度能一台顶三台，而且为了解决行业广告多这一痛点，系统内不植入任何广告。</p>', 1, 30, 1, 0, 1663317759, 1746043655, NULL);
INSERT INTO `t_article` (`id`, `tenant_id`, `cid`, `title`, `desc`, `abstract`, `image`, `author`, `content`, `click_virtual`, `click_actual`, `is_show`, `sort`, `create_time`, `update_time`, `delete_time`) VALUES (24, 1, 3, '让生活更精致！五款居家好物推荐，实用性超高', '##好物推荐🔥', '随着当代生活节奏的忙碌，很多人在闲暇之余都想好好的享受生活。随着科技的发展，也出现了越来越多可以帮助我们提升幸福感，让生活变得更精致的产品，下面周周就给大家盘点五款居家必备的好物，都是实用性很高的产品，周周可以保证大家买了肯定会喜欢。', 'resource/image/tenantapi/default/article01.png', '红花', '<p>拥有一台投影仪，闲暇时可以在家里直接看影院级别的大片，光是想想都觉得超级爽。市面上很多投影仪大几千，其实周周觉得没必要，选泰捷这款一千多的足够了，性价比非常高。</p><p>泰捷的专业度很高，在电视TV领域研发已经十年，有诸多专利和技术创新，荣获国内外多项技术奖项，拿下了腾讯创新工场投资，打造的泰捷视频TV端和泰捷电视盒子都获得了极高评价。</p><p>这款投影仪的分辨率在3000元内无敌，做到了真1080P高分辨率，也就是跟市场售价三千DLP投影仪一样的分辨率，真正做到了分毫毕现，像桌布的花纹、天空的云彩等，这些细节都清晰可见。</p><p>亮度方面，泰捷达到了850ANSI流明，同价位一般是200ANSI。这是因为泰捷为了提升亮度和LCD技术透射率低的问题，首创高功率LED灯源，让其亮度做到同价位最好。专业媒体也进行了多次对比，效果与3000元价位投影仪相当。</p><p>操作系统周周也很喜欢，完全不卡。泰捷作为资深音视频品牌，在系统优化方面有十年的研发经验，打造出的“零极”系统是业内公认效率最高、速度最快的系统，用户也评价它流畅度能一台顶三台，而且为了解决行业广告多这一痛点，系统内不植入任何广告。</p>', 1, 30, 1, 0, 1663317759, 1746043655, NULL);
INSERT INTO `t_article` (`id`, `tenant_id`, `cid`, `title`, `desc`, `abstract`, `image`, `author`, `content`, `click_virtual`, `click_actual`, `is_show`, `sort`, `create_time`, `update_time`, `delete_time`) VALUES (25, 1, 3, '让生活更精致！五款居家好物推荐，实用性超高', '##好物推荐🔥', '随着当代生活节奏的忙碌，很多人在闲暇之余都想好好的享受生活。随着科技的发展，也出现了越来越多可以帮助我们提升幸福感，让生活变得更精致的产品，下面周周就给大家盘点五款居家必备的好物，都是实用性很高的产品，周周可以保证大家买了肯定会喜欢。', 'resource/image/tenantapi/default/article01.png', '红花', '<p>拥有一台投影仪，闲暇时可以在家里直接看影院级别的大片，光是想想都觉得超级爽。市面上很多投影仪大几千，其实周周觉得没必要，选泰捷这款一千多的足够了，性价比非常高。</p><p>泰捷的专业度很高，在电视TV领域研发已经十年，有诸多专利和技术创新，荣获国内外多项技术奖项，拿下了腾讯创新工场投资，打造的泰捷视频TV端和泰捷电视盒子都获得了极高评价。</p><p>这款投影仪的分辨率在3000元内无敌，做到了真1080P高分辨率，也就是跟市场售价三千DLP投影仪一样的分辨率，真正做到了分毫毕现，像桌布的花纹、天空的云彩等，这些细节都清晰可见。</p><p>亮度方面，泰捷达到了850ANSI流明，同价位一般是200ANSI。这是因为泰捷为了提升亮度和LCD技术透射率低的问题，首创高功率LED灯源，让其亮度做到同价位最好。专业媒体也进行了多次对比，效果与3000元价位投影仪相当。</p><p>操作系统周周也很喜欢，完全不卡。泰捷作为资深音视频品牌，在系统优化方面有十年的研发经验，打造出的“零极”系统是业内公认效率最高、速度最快的系统，用户也评价它流畅度能一台顶三台，而且为了解决行业广告多这一痛点，系统内不植入任何广告。</p>', 1, 30, 1, 0, 1663317759, 1746043655, NULL);
INSERT INTO `t_article` (`id`, `tenant_id`, `cid`, `title`, `desc`, `abstract`, `image`, `author`, `content`, `click_virtual`, `click_actual`, `is_show`, `sort`, `create_time`, `update_time`, `delete_time`) VALUES (26, 1, 3, '让生活更精致！五款居家好物推荐，实用性超高', '##好物推荐🔥', '随着当代生活节奏的忙碌，很多人在闲暇之余都想好好的享受生活。随着科技的发展，也出现了越来越多可以帮助我们提升幸福感，让生活变得更精致的产品，下面周周就给大家盘点五款居家必备的好物，都是实用性很高的产品，周周可以保证大家买了肯定会喜欢。', 'resource/image/tenantapi/default/article01.png', '红花', '<p>拥有一台投影仪，闲暇时可以在家里直接看影院级别的大片，光是想想都觉得超级爽。市面上很多投影仪大几千，其实周周觉得没必要，选泰捷这款一千多的足够了，性价比非常高。</p><p>泰捷的专业度很高，在电视TV领域研发已经十年，有诸多专利和技术创新，荣获国内外多项技术奖项，拿下了腾讯创新工场投资，打造的泰捷视频TV端和泰捷电视盒子都获得了极高评价。</p><p>这款投影仪的分辨率在3000元内无敌，做到了真1080P高分辨率，也就是跟市场售价三千DLP投影仪一样的分辨率，真正做到了分毫毕现，像桌布的花纹、天空的云彩等，这些细节都清晰可见。</p><p>亮度方面，泰捷达到了850ANSI流明，同价位一般是200ANSI。这是因为泰捷为了提升亮度和LCD技术透射率低的问题，首创高功率LED灯源，让其亮度做到同价位最好。专业媒体也进行了多次对比，效果与3000元价位投影仪相当。</p><p>操作系统周周也很喜欢，完全不卡。泰捷作为资深音视频品牌，在系统优化方面有十年的研发经验，打造出的“零极”系统是业内公认效率最高、速度最快的系统，用户也评价它流畅度能一台顶三台，而且为了解决行业广告多这一痛点，系统内不植入任何广告。</p>', 1, 30, 1, 0, 1663317759, 1746043655, NULL);
INSERT INTO `t_article` (`id`, `tenant_id`, `cid`, `title`, `desc`, `abstract`, `image`, `author`, `content`, `click_virtual`, `click_actual`, `is_show`, `sort`, `create_time`, `update_time`, `delete_time`) VALUES (27, 1, 3, '让生活更精致！五款居家好物推荐，实用性超高', '##好物推荐🔥', '随着当代生活节奏的忙碌，很多人在闲暇之余都想好好的享受生活。随着科技的发展，也出现了越来越多可以帮助我们提升幸福感，让生活变得更精致的产品，下面周周就给大家盘点五款居家必备的好物，都是实用性很高的产品，周周可以保证大家买了肯定会喜欢。', 'resource/image/tenantapi/default/article01.png', '红花', '<p>拥有一台投影仪，闲暇时可以在家里直接看影院级别的大片，光是想想都觉得超级爽。市面上很多投影仪大几千，其实周周觉得没必要，选泰捷这款一千多的足够了，性价比非常高。</p><p>泰捷的专业度很高，在电视TV领域研发已经十年，有诸多专利和技术创新，荣获国内外多项技术奖项，拿下了腾讯创新工场投资，打造的泰捷视频TV端和泰捷电视盒子都获得了极高评价。</p><p>这款投影仪的分辨率在3000元内无敌，做到了真1080P高分辨率，也就是跟市场售价三千DLP投影仪一样的分辨率，真正做到了分毫毕现，像桌布的花纹、天空的云彩等，这些细节都清晰可见。</p><p>亮度方面，泰捷达到了850ANSI流明，同价位一般是200ANSI。这是因为泰捷为了提升亮度和LCD技术透射率低的问题，首创高功率LED灯源，让其亮度做到同价位最好。专业媒体也进行了多次对比，效果与3000元价位投影仪相当。</p><p>操作系统周周也很喜欢，完全不卡。泰捷作为资深音视频品牌，在系统优化方面有十年的研发经验，打造出的“零极”系统是业内公认效率最高、速度最快的系统，用户也评价它流畅度能一台顶三台，而且为了解决行业广告多这一痛点，系统内不植入任何广告。</p>', 1, 30, 1, 0, 1663317759, 1746043655, NULL);
INSERT INTO `t_article` (`id`, `tenant_id`, `cid`, `title`, `desc`, `abstract`, `image`, `author`, `content`, `click_virtual`, `click_actual`, `is_show`, `sort`, `create_time`, `update_time`, `delete_time`) VALUES (28, 1, 3, '让生活更精致！五款居家好物推荐，实用性超高', '##好物推荐🔥', '随着当代生活节奏的忙碌，很多人在闲暇之余都想好好的享受生活。随着科技的发展，也出现了越来越多可以帮助我们提升幸福感，让生活变得更精致的产品，下面周周就给大家盘点五款居家必备的好物，都是实用性很高的产品，周周可以保证大家买了肯定会喜欢。', 'resource/image/tenantapi/default/article01.png', '红花', '<p>拥有一台投影仪，闲暇时可以在家里直接看影院级别的大片，光是想想都觉得超级爽。市面上很多投影仪大几千，其实周周觉得没必要，选泰捷这款一千多的足够了，性价比非常高。</p><p>泰捷的专业度很高，在电视TV领域研发已经十年，有诸多专利和技术创新，荣获国内外多项技术奖项，拿下了腾讯创新工场投资，打造的泰捷视频TV端和泰捷电视盒子都获得了极高评价。</p><p>这款投影仪的分辨率在3000元内无敌，做到了真1080P高分辨率，也就是跟市场售价三千DLP投影仪一样的分辨率，真正做到了分毫毕现，像桌布的花纹、天空的云彩等，这些细节都清晰可见。</p><p>亮度方面，泰捷达到了850ANSI流明，同价位一般是200ANSI。这是因为泰捷为了提升亮度和LCD技术透射率低的问题，首创高功率LED灯源，让其亮度做到同价位最好。专业媒体也进行了多次对比，效果与3000元价位投影仪相当。</p><p>操作系统周周也很喜欢，完全不卡。泰捷作为资深音视频品牌，在系统优化方面有十年的研发经验，打造出的“零极”系统是业内公认效率最高、速度最快的系统，用户也评价它流畅度能一台顶三台，而且为了解决行业广告多这一痛点，系统内不植入任何广告。</p>', 1, 30, 1, 0, 1663317759, 1746043655, NULL);
INSERT INTO `t_article` (`id`, `tenant_id`, `cid`, `title`, `desc`, `abstract`, `image`, `author`, `content`, `click_virtual`, `click_actual`, `is_show`, `sort`, `create_time`, `update_time`, `delete_time`) VALUES (29, 1, 3, '让生活更精致！五款居家好物推荐，实用性超高', '##好物推荐🔥', '随着当代生活节奏的忙碌，很多人在闲暇之余都想好好的享受生活。随着科技的发展，也出现了越来越多可以帮助我们提升幸福感，让生活变得更精致的产品，下面周周就给大家盘点五款居家必备的好物，都是实用性很高的产品，周周可以保证大家买了肯定会喜欢。', 'resource/image/tenantapi/default/article01.png', '红花', '<p>拥有一台投影仪，闲暇时可以在家里直接看影院级别的大片，光是想想都觉得超级爽。市面上很多投影仪大几千，其实周周觉得没必要，选泰捷这款一千多的足够了，性价比非常高。</p><p>泰捷的专业度很高，在电视TV领域研发已经十年，有诸多专利和技术创新，荣获国内外多项技术奖项，拿下了腾讯创新工场投资，打造的泰捷视频TV端和泰捷电视盒子都获得了极高评价。</p><p>这款投影仪的分辨率在3000元内无敌，做到了真1080P高分辨率，也就是跟市场售价三千DLP投影仪一样的分辨率，真正做到了分毫毕现，像桌布的花纹、天空的云彩等，这些细节都清晰可见。</p><p>亮度方面，泰捷达到了850ANSI流明，同价位一般是200ANSI。这是因为泰捷为了提升亮度和LCD技术透射率低的问题，首创高功率LED灯源，让其亮度做到同价位最好。专业媒体也进行了多次对比，效果与3000元价位投影仪相当。</p><p>操作系统周周也很喜欢，完全不卡。泰捷作为资深音视频品牌，在系统优化方面有十年的研发经验，打造出的“零极”系统是业内公认效率最高、速度最快的系统，用户也评价它流畅度能一台顶三台，而且为了解决行业广告多这一痛点，系统内不植入任何广告。</p>', 1, 30, 1, 0, 1663317759, 1746043655, NULL);
INSERT INTO `t_article` (`id`, `tenant_id`, `cid`, `title`, `desc`, `abstract`, `image`, `author`, `content`, `click_virtual`, `click_actual`, `is_show`, `sort`, `create_time`, `update_time`, `delete_time`) VALUES (30, 1, 3, '让生活更精致！五款居家好物推荐，实用性超高', '##好物推荐🔥', '随着当代生活节奏的忙碌，很多人在闲暇之余都想好好的享受生活。随着科技的发展，也出现了越来越多可以帮助我们提升幸福感，让生活变得更精致的产品，下面周周就给大家盘点五款居家必备的好物，都是实用性很高的产品，周周可以保证大家买了肯定会喜欢。', 'resource/image/tenantapi/default/article01.png', '红花', '<p>拥有一台投影仪，闲暇时可以在家里直接看影院级别的大片，光是想想都觉得超级爽。市面上很多投影仪大几千，其实周周觉得没必要，选泰捷这款一千多的足够了，性价比非常高。</p><p>泰捷的专业度很高，在电视TV领域研发已经十年，有诸多专利和技术创新，荣获国内外多项技术奖项，拿下了腾讯创新工场投资，打造的泰捷视频TV端和泰捷电视盒子都获得了极高评价。</p><p>这款投影仪的分辨率在3000元内无敌，做到了真1080P高分辨率，也就是跟市场售价三千DLP投影仪一样的分辨率，真正做到了分毫毕现，像桌布的花纹、天空的云彩等，这些细节都清晰可见。</p><p>亮度方面，泰捷达到了850ANSI流明，同价位一般是200ANSI。这是因为泰捷为了提升亮度和LCD技术透射率低的问题，首创高功率LED灯源，让其亮度做到同价位最好。专业媒体也进行了多次对比，效果与3000元价位投影仪相当。</p><p>操作系统周周也很喜欢，完全不卡。泰捷作为资深音视频品牌，在系统优化方面有十年的研发经验，打造出的“零极”系统是业内公认效率最高、速度最快的系统，用户也评价它流畅度能一台顶三台，而且为了解决行业广告多这一痛点，系统内不植入任何广告。</p>', 1, 30, 1, 0, 1663317759, 1746043655, NULL);
INSERT INTO `t_article` (`id`, `tenant_id`, `cid`, `title`, `desc`, `abstract`, `image`, `author`, `content`, `click_virtual`, `click_actual`, `is_show`, `sort`, `create_time`, `update_time`, `delete_time`) VALUES (31, 1, 3, '让生活更精致！五款居家好物推荐，实用性超高', '##好物推荐🔥', '随着当代生活节奏的忙碌，很多人在闲暇之余都想好好的享受生活。随着科技的发展，也出现了越来越多可以帮助我们提升幸福感，让生活变得更精致的产品，下面周周就给大家盘点五款居家必备的好物，都是实用性很高的产品，周周可以保证大家买了肯定会喜欢。', 'resource/image/tenantapi/default/article01.png', '红花', '<p>拥有一台投影仪，闲暇时可以在家里直接看影院级别的大片，光是想想都觉得超级爽。市面上很多投影仪大几千，其实周周觉得没必要，选泰捷这款一千多的足够了，性价比非常高。</p><p>泰捷的专业度很高，在电视TV领域研发已经十年，有诸多专利和技术创新，荣获国内外多项技术奖项，拿下了腾讯创新工场投资，打造的泰捷视频TV端和泰捷电视盒子都获得了极高评价。</p><p>这款投影仪的分辨率在3000元内无敌，做到了真1080P高分辨率，也就是跟市场售价三千DLP投影仪一样的分辨率，真正做到了分毫毕现，像桌布的花纹、天空的云彩等，这些细节都清晰可见。</p><p>亮度方面，泰捷达到了850ANSI流明，同价位一般是200ANSI。这是因为泰捷为了提升亮度和LCD技术透射率低的问题，首创高功率LED灯源，让其亮度做到同价位最好。专业媒体也进行了多次对比，效果与3000元价位投影仪相当。</p><p>操作系统周周也很喜欢，完全不卡。泰捷作为资深音视频品牌，在系统优化方面有十年的研发经验，打造出的“零极”系统是业内公认效率最高、速度最快的系统，用户也评价它流畅度能一台顶三台，而且为了解决行业广告多这一痛点，系统内不植入任何广告。</p>', 1, 30, 1, 0, 1663317759, 1746043655, NULL);
INSERT INTO `t_article` (`id`, `tenant_id`, `cid`, `title`, `desc`, `abstract`, `image`, `author`, `content`, `click_virtual`, `click_actual`, `is_show`, `sort`, `create_time`, `update_time`, `delete_time`) VALUES (32, 1, 3, '让生活更精致！五款居家好物推荐，实用性超高', '##好物推荐🔥', '随着当代生活节奏的忙碌，很多人在闲暇之余都想好好的享受生活。随着科技的发展，也出现了越来越多可以帮助我们提升幸福感，让生活变得更精致的产品，下面周周就给大家盘点五款居家必备的好物，都是实用性很高的产品，周周可以保证大家买了肯定会喜欢。', 'resource/image/tenantapi/default/article01.png', '红花', '<p>拥有一台投影仪，闲暇时可以在家里直接看影院级别的大片，光是想想都觉得超级爽。市面上很多投影仪大几千，其实周周觉得没必要，选泰捷这款一千多的足够了，性价比非常高。</p><p>泰捷的专业度很高，在电视TV领域研发已经十年，有诸多专利和技术创新，荣获国内外多项技术奖项，拿下了腾讯创新工场投资，打造的泰捷视频TV端和泰捷电视盒子都获得了极高评价。</p><p>这款投影仪的分辨率在3000元内无敌，做到了真1080P高分辨率，也就是跟市场售价三千DLP投影仪一样的分辨率，真正做到了分毫毕现，像桌布的花纹、天空的云彩等，这些细节都清晰可见。</p><p>亮度方面，泰捷达到了850ANSI流明，同价位一般是200ANSI。这是因为泰捷为了提升亮度和LCD技术透射率低的问题，首创高功率LED灯源，让其亮度做到同价位最好。专业媒体也进行了多次对比，效果与3000元价位投影仪相当。</p><p>操作系统周周也很喜欢，完全不卡。泰捷作为资深音视频品牌，在系统优化方面有十年的研发经验，打造出的“零极”系统是业内公认效率最高、速度最快的系统，用户也评价它流畅度能一台顶三台，而且为了解决行业广告多这一痛点，系统内不植入任何广告。</p>', 1, 30, 1, 0, 1663317759, 1746043655, NULL);
INSERT INTO `t_article` (`id`, `tenant_id`, `cid`, `title`, `desc`, `abstract`, `image`, `author`, `content`, `click_virtual`, `click_actual`, `is_show`, `sort`, `create_time`, `update_time`, `delete_time`) VALUES (33, 1, 3, '让生活更精致！五款居家好物推荐，实用性超高', '##好物推荐🔥', '随着当代生活节奏的忙碌，很多人在闲暇之余都想好好的享受生活。随着科技的发展，也出现了越来越多可以帮助我们提升幸福感，让生活变得更精致的产品，下面周周就给大家盘点五款居家必备的好物，都是实用性很高的产品，周周可以保证大家买了肯定会喜欢。', 'resource/image/tenantapi/default/article01.png', '红花', '<p>拥有一台投影仪，闲暇时可以在家里直接看影院级别的大片，光是想想都觉得超级爽。市面上很多投影仪大几千，其实周周觉得没必要，选泰捷这款一千多的足够了，性价比非常高。</p><p>泰捷的专业度很高，在电视TV领域研发已经十年，有诸多专利和技术创新，荣获国内外多项技术奖项，拿下了腾讯创新工场投资，打造的泰捷视频TV端和泰捷电视盒子都获得了极高评价。</p><p>这款投影仪的分辨率在3000元内无敌，做到了真1080P高分辨率，也就是跟市场售价三千DLP投影仪一样的分辨率，真正做到了分毫毕现，像桌布的花纹、天空的云彩等，这些细节都清晰可见。</p><p>亮度方面，泰捷达到了850ANSI流明，同价位一般是200ANSI。这是因为泰捷为了提升亮度和LCD技术透射率低的问题，首创高功率LED灯源，让其亮度做到同价位最好。专业媒体也进行了多次对比，效果与3000元价位投影仪相当。</p><p>操作系统周周也很喜欢，完全不卡。泰捷作为资深音视频品牌，在系统优化方面有十年的研发经验，打造出的“零极”系统是业内公认效率最高、速度最快的系统，用户也评价它流畅度能一台顶三台，而且为了解决行业广告多这一痛点，系统内不植入任何广告。</p>', 1, 30, 1, 0, 1663317759, 1746043655, NULL);
INSERT INTO `t_article` (`id`, `tenant_id`, `cid`, `title`, `desc`, `abstract`, `image`, `author`, `content`, `click_virtual`, `click_actual`, `is_show`, `sort`, `create_time`, `update_time`, `delete_time`) VALUES (34, 1, 3, '让生活更精致！五款居家好物推荐，实用性超高', '##好物推荐🔥', '随着当代生活节奏的忙碌，很多人在闲暇之余都想好好的享受生活。随着科技的发展，也出现了越来越多可以帮助我们提升幸福感，让生活变得更精致的产品，下面周周就给大家盘点五款居家必备的好物，都是实用性很高的产品，周周可以保证大家买了肯定会喜欢。', 'resource/image/tenantapi/default/article01.png', '红花', '<p>拥有一台投影仪，闲暇时可以在家里直接看影院级别的大片，光是想想都觉得超级爽。市面上很多投影仪大几千，其实周周觉得没必要，选泰捷这款一千多的足够了，性价比非常高。</p><p>泰捷的专业度很高，在电视TV领域研发已经十年，有诸多专利和技术创新，荣获国内外多项技术奖项，拿下了腾讯创新工场投资，打造的泰捷视频TV端和泰捷电视盒子都获得了极高评价。</p><p>这款投影仪的分辨率在3000元内无敌，做到了真1080P高分辨率，也就是跟市场售价三千DLP投影仪一样的分辨率，真正做到了分毫毕现，像桌布的花纹、天空的云彩等，这些细节都清晰可见。</p><p>亮度方面，泰捷达到了850ANSI流明，同价位一般是200ANSI。这是因为泰捷为了提升亮度和LCD技术透射率低的问题，首创高功率LED灯源，让其亮度做到同价位最好。专业媒体也进行了多次对比，效果与3000元价位投影仪相当。</p><p>操作系统周周也很喜欢，完全不卡。泰捷作为资深音视频品牌，在系统优化方面有十年的研发经验，打造出的“零极”系统是业内公认效率最高、速度最快的系统，用户也评价它流畅度能一台顶三台，而且为了解决行业广告多这一痛点，系统内不植入任何广告。</p>', 1, 30, 1, 0, 1663317759, 1746043655, NULL);
INSERT INTO `t_article` (`id`, `tenant_id`, `cid`, `title`, `desc`, `abstract`, `image`, `author`, `content`, `click_virtual`, `click_actual`, `is_show`, `sort`, `create_time`, `update_time`, `delete_time`) VALUES (35, 1, 3, '让生活更精致！五款居家好物推荐，实用性超高', '##好物推荐🔥', '随着当代生活节奏的忙碌，很多人在闲暇之余都想好好的享受生活。随着科技的发展，也出现了越来越多可以帮助我们提升幸福感，让生活变得更精致的产品，下面周周就给大家盘点五款居家必备的好物，都是实用性很高的产品，周周可以保证大家买了肯定会喜欢。', 'resource/image/tenantapi/default/article01.png', '红花', '<p>拥有一台投影仪，闲暇时可以在家里直接看影院级别的大片，光是想想都觉得超级爽。市面上很多投影仪大几千，其实周周觉得没必要，选泰捷这款一千多的足够了，性价比非常高。</p><p>泰捷的专业度很高，在电视TV领域研发已经十年，有诸多专利和技术创新，荣获国内外多项技术奖项，拿下了腾讯创新工场投资，打造的泰捷视频TV端和泰捷电视盒子都获得了极高评价。</p><p>这款投影仪的分辨率在3000元内无敌，做到了真1080P高分辨率，也就是跟市场售价三千DLP投影仪一样的分辨率，真正做到了分毫毕现，像桌布的花纹、天空的云彩等，这些细节都清晰可见。</p><p>亮度方面，泰捷达到了850ANSI流明，同价位一般是200ANSI。这是因为泰捷为了提升亮度和LCD技术透射率低的问题，首创高功率LED灯源，让其亮度做到同价位最好。专业媒体也进行了多次对比，效果与3000元价位投影仪相当。</p><p>操作系统周周也很喜欢，完全不卡。泰捷作为资深音视频品牌，在系统优化方面有十年的研发经验，打造出的“零极”系统是业内公认效率最高、速度最快的系统，用户也评价它流畅度能一台顶三台，而且为了解决行业广告多这一痛点，系统内不植入任何广告。</p>', 1, 30, 1, 0, 1663317759, 1746043655, NULL);
INSERT INTO `t_article` (`id`, `tenant_id`, `cid`, `title`, `desc`, `abstract`, `image`, `author`, `content`, `click_virtual`, `click_actual`, `is_show`, `sort`, `create_time`, `update_time`, `delete_time`) VALUES (36, 1, 3, '让生活更精致！五款居家好物推荐，实用性超高', '##好物推荐🔥', '随着当代生活节奏的忙碌，很多人在闲暇之余都想好好的享受生活。随着科技的发展，也出现了越来越多可以帮助我们提升幸福感，让生活变得更精致的产品，下面周周就给大家盘点五款居家必备的好物，都是实用性很高的产品，周周可以保证大家买了肯定会喜欢。', 'resource/image/tenantapi/default/article01.png', '红花', '<p>拥有一台投影仪，闲暇时可以在家里直接看影院级别的大片，光是想想都觉得超级爽。市面上很多投影仪大几千，其实周周觉得没必要，选泰捷这款一千多的足够了，性价比非常高。</p><p>泰捷的专业度很高，在电视TV领域研发已经十年，有诸多专利和技术创新，荣获国内外多项技术奖项，拿下了腾讯创新工场投资，打造的泰捷视频TV端和泰捷电视盒子都获得了极高评价。</p><p>这款投影仪的分辨率在3000元内无敌，做到了真1080P高分辨率，也就是跟市场售价三千DLP投影仪一样的分辨率，真正做到了分毫毕现，像桌布的花纹、天空的云彩等，这些细节都清晰可见。</p><p>亮度方面，泰捷达到了850ANSI流明，同价位一般是200ANSI。这是因为泰捷为了提升亮度和LCD技术透射率低的问题，首创高功率LED灯源，让其亮度做到同价位最好。专业媒体也进行了多次对比，效果与3000元价位投影仪相当。</p><p>操作系统周周也很喜欢，完全不卡。泰捷作为资深音视频品牌，在系统优化方面有十年的研发经验，打造出的“零极”系统是业内公认效率最高、速度最快的系统，用户也评价它流畅度能一台顶三台，而且为了解决行业广告多这一痛点，系统内不植入任何广告。</p>', 1, 30, 1, 0, 1663317759, 1746043655, NULL);
INSERT INTO `t_article` (`id`, `tenant_id`, `cid`, `title`, `desc`, `abstract`, `image`, `author`, `content`, `click_virtual`, `click_actual`, `is_show`, `sort`, `create_time`, `update_time`, `delete_time`) VALUES (37, 1, 3, '让生活更精致！五款居家好物推荐，实用性超高', '##好物推荐🔥', '随着当代生活节奏的忙碌，很多人在闲暇之余都想好好的享受生活。随着科技的发展，也出现了越来越多可以帮助我们提升幸福感，让生活变得更精致的产品，下面周周就给大家盘点五款居家必备的好物，都是实用性很高的产品，周周可以保证大家买了肯定会喜欢。', 'resource/image/tenantapi/default/article01.png', '红花', '<p>拥有一台投影仪，闲暇时可以在家里直接看影院级别的大片，光是想想都觉得超级爽。市面上很多投影仪大几千，其实周周觉得没必要，选泰捷这款一千多的足够了，性价比非常高。</p><p>泰捷的专业度很高，在电视TV领域研发已经十年，有诸多专利和技术创新，荣获国内外多项技术奖项，拿下了腾讯创新工场投资，打造的泰捷视频TV端和泰捷电视盒子都获得了极高评价。</p><p>这款投影仪的分辨率在3000元内无敌，做到了真1080P高分辨率，也就是跟市场售价三千DLP投影仪一样的分辨率，真正做到了分毫毕现，像桌布的花纹、天空的云彩等，这些细节都清晰可见。</p><p>亮度方面，泰捷达到了850ANSI流明，同价位一般是200ANSI。这是因为泰捷为了提升亮度和LCD技术透射率低的问题，首创高功率LED灯源，让其亮度做到同价位最好。专业媒体也进行了多次对比，效果与3000元价位投影仪相当。</p><p>操作系统周周也很喜欢，完全不卡。泰捷作为资深音视频品牌，在系统优化方面有十年的研发经验，打造出的“零极”系统是业内公认效率最高、速度最快的系统，用户也评价它流畅度能一台顶三台，而且为了解决行业广告多这一痛点，系统内不植入任何广告。</p>', 1, 30, 1, 0, 1663317759, 1746043655, NULL);
INSERT INTO `t_article` (`id`, `tenant_id`, `cid`, `title`, `desc`, `abstract`, `image`, `author`, `content`, `click_virtual`, `click_actual`, `is_show`, `sort`, `create_time`, `update_time`, `delete_time`) VALUES (38, 1, 3, '让生活更精致！五款居家好物推荐，实用性超高', '##好物推荐🔥', '随着当代生活节奏的忙碌，很多人在闲暇之余都想好好的享受生活。随着科技的发展，也出现了越来越多可以帮助我们提升幸福感，让生活变得更精致的产品，下面周周就给大家盘点五款居家必备的好物，都是实用性很高的产品，周周可以保证大家买了肯定会喜欢。', 'resource/image/tenantapi/default/article01.png', '红花', '<p>拥有一台投影仪，闲暇时可以在家里直接看影院级别的大片，光是想想都觉得超级爽。市面上很多投影仪大几千，其实周周觉得没必要，选泰捷这款一千多的足够了，性价比非常高。</p><p>泰捷的专业度很高，在电视TV领域研发已经十年，有诸多专利和技术创新，荣获国内外多项技术奖项，拿下了腾讯创新工场投资，打造的泰捷视频TV端和泰捷电视盒子都获得了极高评价。</p><p>这款投影仪的分辨率在3000元内无敌，做到了真1080P高分辨率，也就是跟市场售价三千DLP投影仪一样的分辨率，真正做到了分毫毕现，像桌布的花纹、天空的云彩等，这些细节都清晰可见。</p><p>亮度方面，泰捷达到了850ANSI流明，同价位一般是200ANSI。这是因为泰捷为了提升亮度和LCD技术透射率低的问题，首创高功率LED灯源，让其亮度做到同价位最好。专业媒体也进行了多次对比，效果与3000元价位投影仪相当。</p><p>操作系统周周也很喜欢，完全不卡。泰捷作为资深音视频品牌，在系统优化方面有十年的研发经验，打造出的“零极”系统是业内公认效率最高、速度最快的系统，用户也评价它流畅度能一台顶三台，而且为了解决行业广告多这一痛点，系统内不植入任何广告。</p>', 1, 30, 1, 0, 1663317759, 1746043655, NULL);
INSERT INTO `t_article` (`id`, `tenant_id`, `cid`, `title`, `desc`, `abstract`, `image`, `author`, `content`, `click_virtual`, `click_actual`, `is_show`, `sort`, `create_time`, `update_time`, `delete_time`) VALUES (39, 1, 3, '让生活更精致！五款居家好物推荐，实用性超高', '##好物推荐🔥', '随着当代生活节奏的忙碌，很多人在闲暇之余都想好好的享受生活。随着科技的发展，也出现了越来越多可以帮助我们提升幸福感，让生活变得更精致的产品，下面周周就给大家盘点五款居家必备的好物，都是实用性很高的产品，周周可以保证大家买了肯定会喜欢。', 'resource/image/tenantapi/default/article01.png', '红花', '<p>拥有一台投影仪，闲暇时可以在家里直接看影院级别的大片，光是想想都觉得超级爽。市面上很多投影仪大几千，其实周周觉得没必要，选泰捷这款一千多的足够了，性价比非常高。</p><p>泰捷的专业度很高，在电视TV领域研发已经十年，有诸多专利和技术创新，荣获国内外多项技术奖项，拿下了腾讯创新工场投资，打造的泰捷视频TV端和泰捷电视盒子都获得了极高评价。</p><p>这款投影仪的分辨率在3000元内无敌，做到了真1080P高分辨率，也就是跟市场售价三千DLP投影仪一样的分辨率，真正做到了分毫毕现，像桌布的花纹、天空的云彩等，这些细节都清晰可见。</p><p>亮度方面，泰捷达到了850ANSI流明，同价位一般是200ANSI。这是因为泰捷为了提升亮度和LCD技术透射率低的问题，首创高功率LED灯源，让其亮度做到同价位最好。专业媒体也进行了多次对比，效果与3000元价位投影仪相当。</p><p>操作系统周周也很喜欢，完全不卡。泰捷作为资深音视频品牌，在系统优化方面有十年的研发经验，打造出的“零极”系统是业内公认效率最高、速度最快的系统，用户也评价它流畅度能一台顶三台，而且为了解决行业广告多这一痛点，系统内不植入任何广告。</p>', 1, 30, 1, 0, 1663317759, 1746043655, NULL);
INSERT INTO `t_article` (`id`, `tenant_id`, `cid`, `title`, `desc`, `abstract`, `image`, `author`, `content`, `click_virtual`, `click_actual`, `is_show`, `sort`, `create_time`, `update_time`, `delete_time`) VALUES (40, 1, 3, '让生活更精致！五款居家好物推荐，实用性超高', '##好物推荐🔥', '随着当代生活节奏的忙碌，很多人在闲暇之余都想好好的享受生活。随着科技的发展，也出现了越来越多可以帮助我们提升幸福感，让生活变得更精致的产品，下面周周就给大家盘点五款居家必备的好物，都是实用性很高的产品，周周可以保证大家买了肯定会喜欢。', 'resource/image/tenantapi/default/article01.png', '红花', '<p>拥有一台投影仪，闲暇时可以在家里直接看影院级别的大片，光是想想都觉得超级爽。市面上很多投影仪大几千，其实周周觉得没必要，选泰捷这款一千多的足够了，性价比非常高。</p><p>泰捷的专业度很高，在电视TV领域研发已经十年，有诸多专利和技术创新，荣获国内外多项技术奖项，拿下了腾讯创新工场投资，打造的泰捷视频TV端和泰捷电视盒子都获得了极高评价。</p><p>这款投影仪的分辨率在3000元内无敌，做到了真1080P高分辨率，也就是跟市场售价三千DLP投影仪一样的分辨率，真正做到了分毫毕现，像桌布的花纹、天空的云彩等，这些细节都清晰可见。</p><p>亮度方面，泰捷达到了850ANSI流明，同价位一般是200ANSI。这是因为泰捷为了提升亮度和LCD技术透射率低的问题，首创高功率LED灯源，让其亮度做到同价位最好。专业媒体也进行了多次对比，效果与3000元价位投影仪相当。</p><p>操作系统周周也很喜欢，完全不卡。泰捷作为资深音视频品牌，在系统优化方面有十年的研发经验，打造出的“零极”系统是业内公认效率最高、速度最快的系统，用户也评价它流畅度能一台顶三台，而且为了解决行业广告多这一痛点，系统内不植入任何广告。</p>', 1, 30, 1, 0, 1663317759, 1746043655, NULL);
INSERT INTO `t_article` (`id`, `tenant_id`, `cid`, `title`, `desc`, `abstract`, `image`, `author`, `content`, `click_virtual`, `click_actual`, `is_show`, `sort`, `create_time`, `update_time`, `delete_time`) VALUES (41, 1, 3, '让生活更精致！五款居家好物推荐，实用性超高', '##好物推荐🔥', '随着当代生活节奏的忙碌，很多人在闲暇之余都想好好的享受生活。随着科技的发展，也出现了越来越多可以帮助我们提升幸福感，让生活变得更精致的产品，下面周周就给大家盘点五款居家必备的好物，都是实用性很高的产品，周周可以保证大家买了肯定会喜欢。', 'resource/image/tenantapi/default/article01.png', '红花', '<p>拥有一台投影仪，闲暇时可以在家里直接看影院级别的大片，光是想想都觉得超级爽。市面上很多投影仪大几千，其实周周觉得没必要，选泰捷这款一千多的足够了，性价比非常高。</p><p>泰捷的专业度很高，在电视TV领域研发已经十年，有诸多专利和技术创新，荣获国内外多项技术奖项，拿下了腾讯创新工场投资，打造的泰捷视频TV端和泰捷电视盒子都获得了极高评价。</p><p>这款投影仪的分辨率在3000元内无敌，做到了真1080P高分辨率，也就是跟市场售价三千DLP投影仪一样的分辨率，真正做到了分毫毕现，像桌布的花纹、天空的云彩等，这些细节都清晰可见。</p><p>亮度方面，泰捷达到了850ANSI流明，同价位一般是200ANSI。这是因为泰捷为了提升亮度和LCD技术透射率低的问题，首创高功率LED灯源，让其亮度做到同价位最好。专业媒体也进行了多次对比，效果与3000元价位投影仪相当。</p><p>操作系统周周也很喜欢，完全不卡。泰捷作为资深音视频品牌，在系统优化方面有十年的研发经验，打造出的“零极”系统是业内公认效率最高、速度最快的系统，用户也评价它流畅度能一台顶三台，而且为了解决行业广告多这一痛点，系统内不植入任何广告。</p>', 1, 30, 1, 0, 1663317759, 1746043655, NULL);
COMMIT;

-- ----------------------------
-- Table structure for t_article_cate
-- ----------------------------
DROP TABLE IF EXISTS `t_article_cate`;
CREATE TABLE `t_article_cate` (
  `id` int(11) NOT NULL AUTO_INCREMENT COMMENT '文章分类id',
  `tenant_id` int(11) NOT NULL COMMENT '租户ID',
  `name` varchar(90) CHARACTER SET utf8mb4 COLLATE utf8mb4_general_ci DEFAULT NULL COMMENT '分类名称',
  `sort` int(11) DEFAULT '0' COMMENT '排序',
  `is_show` tinyint(1) DEFAULT '1' COMMENT '是否显示:1-是;0-否',
  `create_time` int(10) DEFAULT NULL COMMENT '创建时间',
  `update_time` int(10) DEFAULT NULL COMMENT '更新时间',
  `delete_time` int(10) DEFAULT NULL COMMENT '删除时间',
  PRIMARY KEY (`id`) USING BTREE
) ENGINE=InnoDB AUTO_INCREMENT=7 DEFAULT CHARSET=utf8mb4 COLLATE=utf8mb4_general_ci ROW_FORMAT=DYNAMIC COMMENT='文章分类表';

-- ----------------------------
-- Records of t_article_cate
-- ----------------------------
BEGIN;
INSERT INTO `t_article_cate` (`id`, `tenant_id`, `name`, `sort`, `is_show`, `create_time`, `update_time`, `delete_time`) VALUES (1, 1, '科技', 0, 1, 1663317280, 1663317280, NULL);
INSERT INTO `t_article_cate` (`id`, `tenant_id`, `name`, `sort`, `is_show`, `create_time`, `update_time`, `delete_time`) VALUES (2, 1, '生活', 0, 1, 1663317280, 1663321464, NULL);
INSERT INTO `t_article_cate` (`id`, `tenant_id`, `name`, `sort`, `is_show`, `create_time`, `update_time`, `delete_time`) VALUES (3, 1, '好物', 0, 1, 1727070858, 1727070858, NULL);
INSERT INTO `t_article_cate` (`id`, `tenant_id`, `name`, `sort`, `is_show`, `create_time`, `update_time`, `delete_time`) VALUES (4, 1, '好物', 0, 1, 1743419673, 1743419673, NULL);
INSERT INTO `t_article_cate` (`id`, `tenant_id`, `name`, `sort`, `is_show`, `create_time`, `update_time`, `delete_time`) VALUES (5, 1, '生活', 0, 1, 1743419673, 1743419673, NULL);
INSERT INTO `t_article_cate` (`id`, `tenant_id`, `name`, `sort`, `is_show`, `create_time`, `update_time`, `delete_time`) VALUES (6, 1, '科技', 0, 1, 1743419673, 1743419673, NULL);
COMMIT;

-- ----------------------------
-- Table structure for t_article_collect
-- ----------------------------
DROP TABLE IF EXISTS `t_article_collect`;
CREATE TABLE `t_article_collect` (
  `id` int(10) unsigned NOT NULL AUTO_INCREMENT COMMENT '主键',
  `tenant_id` int(11) NOT NULL COMMENT '租户ID',
  `user_id` int(10) unsigned NOT NULL DEFAULT '0' COMMENT '用户ID',
  `article_id` int(10) unsigned NOT NULL DEFAULT '0' COMMENT '文章ID',
  `status` tinyint(1) unsigned NOT NULL DEFAULT '0' COMMENT '收藏状态 0-未收藏 1-已收藏',
  `create_time` int(10) unsigned NOT NULL DEFAULT '0' COMMENT '创建时间',
  `update_time` int(10) unsigned NOT NULL DEFAULT '0' COMMENT '更新时间',
  `delete_time` int(10) DEFAULT NULL COMMENT '删除时间',
  PRIMARY KEY (`id`) USING BTREE
) ENGINE=InnoDB AUTO_INCREMENT=2 DEFAULT CHARSET=utf8mb4 COLLATE=utf8mb4_general_ci ROW_FORMAT=DYNAMIC COMMENT='文章收藏表';

-- ----------------------------
-- Records of t_article_collect
-- ----------------------------
BEGIN;
INSERT INTO `t_article_collect` (`id`, `tenant_id`, `user_id`, `article_id`, `status`, `create_time`, `update_time`, `delete_time`) VALUES (1, 1, 1, 3, 1, 1746184031, 1746185450, NULL);
COMMIT;

-- ----------------------------
-- Table structure for t_config
-- ----------------------------
DROP TABLE IF EXISTS `t_config`;
CREATE TABLE `t_config` (
  `id` int(11) NOT NULL AUTO_INCREMENT,
  `type` varchar(30) CHARACTER SET utf8mb4 COLLATE utf8mb4_general_ci DEFAULT NULL COMMENT '类型',
  `name` varchar(60) CHARACTER SET utf8mb4 COLLATE utf8mb4_general_ci NOT NULL DEFAULT '' COMMENT '名称',
  `value` text CHARACTER SET utf8mb4 COLLATE utf8mb4_general_ci COMMENT '值',
  `create_time` int(10) DEFAULT NULL COMMENT '创建时间',
  `update_time` int(10) DEFAULT NULL COMMENT '更新时间',
  PRIMARY KEY (`id`) USING BTREE
) ENGINE=InnoDB DEFAULT CHARSET=utf8mb4 COLLATE=utf8mb4_general_ci ROW_FORMAT=DYNAMIC COMMENT='配置表';

-- ----------------------------
-- Records of t_config
-- ----------------------------
BEGIN;
COMMIT;

-- ----------------------------
-- Table structure for t_decorate_page
-- ----------------------------
DROP TABLE IF EXISTS `t_decorate_page`;
CREATE TABLE `t_decorate_page` (
  `id` int(10) unsigned NOT NULL AUTO_INCREMENT COMMENT '主键',
  `tenant_id` int(10) NOT NULL COMMENT '租户ID',
  `type` tinyint(2) unsigned NOT NULL DEFAULT '10' COMMENT '页面类型 1=商城首页, 2=个人中心, 3=客服设置 4-PC首页',
  `name` varchar(100) CHARACTER SET utf8mb4 COLLATE utf8mb4_general_ci NOT NULL DEFAULT '' COMMENT '页面名称',
  `data` text CHARACTER SET utf8mb4 COLLATE utf8mb4_general_ci COMMENT '页面数据',
  `meta` text CHARACTER SET utf8mb4 COLLATE utf8mb4_general_ci COMMENT '页面设置',
  `create_time` int(10) unsigned NOT NULL DEFAULT '0' COMMENT '创建时间',
  `update_time` int(10) unsigned NOT NULL COMMENT '更新时间',
  PRIMARY KEY (`id`) USING BTREE
) ENGINE=InnoDB AUTO_INCREMENT=11 DEFAULT CHARSET=utf8mb4 COLLATE=utf8mb4_general_ci ROW_FORMAT=DYNAMIC COMMENT='装修页面配置表';

-- ----------------------------
-- Records of t_decorate_page
-- ----------------------------
BEGIN;
INSERT INTO `t_decorate_page` (`id`, `tenant_id`, `type`, `name`, `data`, `meta`, `create_time`, `update_time`) VALUES (6, 1, 1, '商城首页', '[{\"title\":\"搜索\",\"name\":\"search\",\"disabled\":1,\"content\":{},\"styles\":{}},{\"title\":\"首页轮播图\",\"name\":\"banner\",\"content\":{\"enabled\":1,\"data\":[{\"image\":\"/resource/image/tenantapi/default/banner001.png\",\"name\":\"\",\"link\":{\"id\":6,\"name\":\"来自瓷器的爱\",\"path\":\"/pages/news_detail/news_detail\",\"query\":{\"id\":6},\"type\":\"article\"},\"is_show\":\"1\",\"bg\":\"/resource/image/tenantapi/default/banner001_bg.png\"},{\"image\":\"/resource/image/tenantapi/default/banner002.png\",\"name\":\"\",\"link\":{\"id\":3,\"name\":\"金山电池公布“沪广深市民绿色生活方式”调查结果\",\"path\":\"/pages/news_detail/news_detail\",\"query\":{\"id\":3},\"type\":\"article\"},\"is_show\":\"1\",\"bg\":\"/resource/image/tenantapi/default/banner002_bg.png\"},{\"is_show\":\"1\",\"image\":\"/resource/image/tenantapi/default/banner003.png\",\"name\":\"\",\"link\":{\"id\":1,\"name\":\"让生活更精致！五款居家好物推荐，实用性超高\",\"path\":\"/pages/news_detail/news_detail\",\"query\":{\"id\":1},\"type\":\"article\"},\"bg\":\"/resource/image/tenantapi/default/banner003_bg.png\"}],\"style\":1,\"bg_style\":1},\"styles\":{}},{\"title\":\"导航菜单\",\"name\":\"nav\",\"content\":{\"enabled\":1,\"data\":[{\"image\":\"/resource/image/tenantapi/default/nav01.png\",\"name\":\"资讯中心\",\"link\":{\"path\":\"/pages/news/news\",\"name\":\"文章资讯\",\"type\":\"shop\",\"canTab\":true},\"is_show\":\"1\"},{\"image\":\"/resource/image/tenantapi/default/nav03.png\",\"name\":\"个人设置\",\"link\":{\"path\":\"/pages/user_set/user_set\",\"name\":\"个人设置\",\"type\":\"shop\"},\"is_show\":\"1\"},{\"image\":\"/resource/image/tenantapi/default/nav02.png\",\"name\":\"我的收藏\",\"link\":{\"path\":\"/pages/collection/collection\",\"name\":\"我的收藏\",\"type\":\"shop\"},\"is_show\":\"1\"},{\"image\":\"/resource/image/tenantapi/default/nav05.png\",\"name\":\"关于我们\",\"link\":{\"path\":\"/pages/as_us/as_us\",\"name\":\"关于我们\",\"type\":\"shop\"},\"is_show\":\"1\"},{\"image\":\"/resource/image/tenantapi/default/nav04.png\",\"name\":\"联系客服\",\"link\":{\"path\":\"/pages/customer_service/customer_service\",\"name\":\"联系客服\",\"type\":\"shop\"},\"is_show\":\"1\"}],\"style\":2,\"per_line\":5,\"show_line\":2},\"styles\":{}},{\"title\":\"首页中部轮播图\",\"name\":\"middle-banner\",\"content\":{\"enabled\":1,\"data\":[{\"is_show\":\"1\",\"image\":\"/resource/image/tenantapi/default/index_ad01.png\",\"name\":\"\",\"link\":{\"path\":\"/pages/agreement/agreement\",\"name\":\"隐私政策\",\"query\":{\"type\":\"privacy\"},\"type\":\"shop\"}}]},\"styles\":{}},{\"id\":\"l84almsk2uhyf\",\"title\":\"资讯\",\"name\":\"news\",\"disabled\":1,\"content\":{},\"styles\":{}}]', '[{\"title\":\"页面设置\",\"name\":\"page-meta\",\"content\":{\"title\":\"首页\",\"bg_type\":\"2\",\"bg_color\":\"#2F80ED\",\"bg_image\":\"/resource/image/tenantapi/default/page_meta_bg01.png\",\"text_color\":\"2\",\"title_type\":\"2\",\"title_img\":\"/resource/image/tenantapi/default/page_mate_title.png\"},\"styles\":{}}]', 1743419674, 1743419674);
INSERT INTO `t_decorate_page` (`id`, `tenant_id`, `type`, `name`, `data`, `meta`, `create_time`, `update_time`) VALUES (7, 1, 2, '个人中心', '[{\"title\":\"用户信息\",\"name\":\"user-info\",\"disabled\":1,\"content\":{},\"styles\":{}},{\"title\":\"我的服务\",\"name\":\"my-service\",\"content\":{\"style\":1,\"title\":\"我的服务\",\"data\":[{\"image\":\"/resource/image/tenantapi/default/user_collect.png\",\"name\":\"我的收藏\",\"link\":{\"path\":\"/pages/collection/collection\",\"name\":\"我的收藏\",\"type\":\"shop\"},\"is_show\":\"1\"},{\"image\":\"/resource/image/tenantapi/default/user_setting.png\",\"name\":\"个人设置\",\"link\":{\"path\":\"/pages/user_set/user_set\",\"name\":\"个人设置\",\"type\":\"shop\"},\"is_show\":\"1\"},{\"image\":\"/resource/image/tenantapi/default/user_kefu.png\",\"name\":\"联系客服\",\"link\":{\"path\":\"/pages/customer_service/customer_service\",\"name\":\"联系客服\",\"type\":\"shop\"},\"is_show\":\"1\"},{\"image\":\"/resource/image/tenantapi/default/wallet.png\",\"name\":\"我的钱包\",\"link\":{\"path\":\"/packages/pages/user_wallet/user_wallet\",\"name\":\"我的钱包\",\"type\":\"shop\"},\"is_show\":\"1\"}],\"enabled\":1},\"styles\":{}},{\"title\":\"个人中心广告图\",\"name\":\"user-banner\",\"content\":{\"enabled\":1,\"data\":[{\"image\":\"/resource/image/tenantapi/default/user_ad01.png\",\"name\":\"\",\"link\":{\"path\":\"/pages/customer_service/customer_service\",\"name\":\"联系客服\",\"type\":\"shop\"},\"is_show\":\"1\"},{\"image\":\"/resource/image/tenantapi/default/user_ad02.png\",\"name\":\"\",\"link\":{\"path\":\"/pages/customer_service/customer_service\",\"name\":\"联系客服\",\"type\":\"shop\"},\"is_show\":\"1\"}]},\"styles\":{}}]', '[{\"title\":\"页面设置\",\"name\":\"page-meta\",\"content\":{\"title\":\"个人中心\",\"bg_type\":\"1\",\"bg_color\":\"#2F80ED\",\"bg_image\":\"\",\"text_color\":\"1\",\"title_type\":\"2\",\"title_img\":\"/resource/image/tenantapi/default/page_mate_title.png\"},\"styles\":{}}]', 1743419674, 1743424301);
INSERT INTO `t_decorate_page` (`id`, `tenant_id`, `type`, `name`, `data`, `meta`, `create_time`, `update_time`) VALUES (8, 1, 3, '客服设置', '[{\"title\":\"客服设置\",\"name\":\"customer-service\",\"content\":{\"title\":\"添加客服二维码\",\"time\":\"早上 9:30 - 19:00\",\"mobile\":\"18578768757\",\"qrcode\":\"uploads/images/20250331/20250331194814509969578.jpg\",\"remark\":\"长按添加客服或拨打客服热线\"},\"styles\":{}}]', '', 1743419674, 1743424274);
INSERT INTO `t_decorate_page` (`id`, `tenant_id`, `type`, `name`, `data`, `meta`, `create_time`, `update_time`) VALUES (9, 1, 4, 'PC设置', '[{\"id\":\"lajcn8d0hzhed\",\"title\":\"首页轮播图\",\"name\":\"pc-banner\",\"content\":{\"enabled\":1,\"data\":[{\"image\":\"/resource/image/tenantapi/default/banner003.png\",\"name\":\"\",\"link\":{\"path\":\"/pages/news/news\",\"name\":\"文章资讯\",\"type\":\"shop\"}},{\"image\":\"/resource/image/tenantapi/default/banner002.png\",\"name\":\"\",\"link\":{\"path\":\"/pages/collection/collection\",\"name\":\"我的收藏\",\"type\":\"shop\"}},{\"image\":\"/resource/image/tenantapi/default/banner001.png\",\"name\":\"\",\"link\":{}}]},\"styles\":{\"position\":\"absolute\",\"left\":\"40\",\"top\":\"75px\",\"width\":\"750px\",\"height\":\"340px\"}}]', '', 1743419674, 1743419674);
INSERT INTO `t_decorate_page` (`id`, `tenant_id`, `type`, `name`, `data`, `meta`, `create_time`, `update_time`) VALUES (10, 1, 5, '系统风格', '{\"themeColorId\":3,\"topTextColor\":\"white\",\"navigationBarColor\":\"#A74BFD\",\"themeColor1\":\"#A74BFD\",\"themeColor2\":\"#CB60FF\",\"buttonColor\":\"white\"}', '', 1743419674, 1743419674);
COMMIT;

-- ----------------------------
-- Table structure for t_decorate_tabbar
-- ----------------------------
DROP TABLE IF EXISTS `t_decorate_tabbar`;
CREATE TABLE `t_decorate_tabbar` (
  `id` int(10) unsigned NOT NULL AUTO_INCREMENT COMMENT '主键',
  `tenant_id` int(10) NOT NULL COMMENT '租户ID',
  `name` varchar(20) CHARACTER SET utf8mb4 COLLATE utf8mb4_general_ci NOT NULL DEFAULT '' COMMENT '导航名称',
  `selected` varchar(200) CHARACTER SET utf8mb4 COLLATE utf8mb4_general_ci NOT NULL DEFAULT '' COMMENT '未选图标',
  `unselected` varchar(200) CHARACTER SET utf8mb4 COLLATE utf8mb4_general_ci NOT NULL DEFAULT '' COMMENT '已选图标',
  `link` varchar(200) CHARACTER SET utf8mb4 COLLATE utf8mb4_general_ci DEFAULT NULL COMMENT '链接地址',
  `is_show` tinyint(255) unsigned NOT NULL DEFAULT '1' COMMENT '显示状态',
  `create_time` int(10) unsigned NOT NULL DEFAULT '0' COMMENT '创建时间',
  `update_time` int(10) unsigned NOT NULL DEFAULT '0' COMMENT '更新时间',
  PRIMARY KEY (`id`) USING BTREE
) ENGINE=InnoDB AUTO_INCREMENT=7 DEFAULT CHARSET=utf8mb4 COLLATE=utf8mb4_general_ci ROW_FORMAT=DYNAMIC COMMENT='装修底部导航表';

-- ----------------------------
-- Records of t_decorate_tabbar
-- ----------------------------
BEGIN;
INSERT INTO `t_decorate_tabbar` (`id`, `tenant_id`, `name`, `selected`, `unselected`, `link`, `is_show`, `create_time`, `update_time`) VALUES (1, 0, '首页', 'resource/image/tenantapi/default/tabbar_home_sel.png', 'resource/image/tenantapi/default/tabbar_home.png', '{\"path\":\"/pages/index/index\",\"name\":\"商城首页\",\"type\":\"shop\"}', 1, 1662688157, 1662688157);
INSERT INTO `t_decorate_tabbar` (`id`, `tenant_id`, `name`, `selected`, `unselected`, `link`, `is_show`, `create_time`, `update_time`) VALUES (2, 0, '资讯', 'resource/image/tenantapi/default/tabbar_text_sel.png', 'resource/image/tenantapi/default/tabbar_text.png', '{\"path\":\"/pages/news/news\",\"name\":\"文章资讯\",\"type\":\"shop\",\"canTab\":\"1\"}', 1, 1662688157, 1662688157);
INSERT INTO `t_decorate_tabbar` (`id`, `tenant_id`, `name`, `selected`, `unselected`, `link`, `is_show`, `create_time`, `update_time`) VALUES (3, 0, '我的', 'resource/image/tenantapi/default/tabbar_me_sel.png', 'resource/image/tenantapi/default/tabbar_me.png', '{\"path\":\"/pages/user/user\",\"name\":\"个人中心\",\"type\":\"shop\",\"canTab\":\"1\"}', 1, 1662688157, 1662688157);
INSERT INTO `t_decorate_tabbar` (`id`, `tenant_id`, `name`, `selected`, `unselected`, `link`, `is_show`, `create_time`, `update_time`) VALUES (4, 1, '首页', 'resource/image/tenantapi/default/tabbar_home_sel.png', 'resource/image/tenantapi/default/tabbar_home.png', '{\"path\":\"\\/pages\\/index\\/index\",\"name\":\"\\u5546\\u57ce\\u9996\\u9875\",\"type\":\"shop\"}', 1, 1743419674, 1743419674);
INSERT INTO `t_decorate_tabbar` (`id`, `tenant_id`, `name`, `selected`, `unselected`, `link`, `is_show`, `create_time`, `update_time`) VALUES (5, 1, '资讯', 'resource/image/tenantapi/default/tabbar_text_sel.png', 'resource/image/tenantapi/default/tabbar_text.png', '{\"path\":\"\\/pages\\/news\\/news\",\"name\":\"\\u6587\\u7ae0\\u8d44\\u8baf\",\"type\":\"shop\",\"canTab\":\"1\"}', 1, 1743419674, 1743419674);
INSERT INTO `t_decorate_tabbar` (`id`, `tenant_id`, `name`, `selected`, `unselected`, `link`, `is_show`, `create_time`, `update_time`) VALUES (6, 1, '我的', 'resource/image/tenantapi/default/tabbar_me_sel.png', 'resource/image/tenantapi/default/tabbar_me.png', '{\"path\":\"\\/pages\\/user\\/user\",\"name\":\"\\u4e2a\\u4eba\\u4e2d\\u5fc3\",\"type\":\"shop\",\"canTab\":\"1\"}', 1, 1743419674, 1743419674);
COMMIT;

-- ----------------------------
-- Table structure for t_dept
-- ----------------------------
DROP TABLE IF EXISTS `t_dept`;
CREATE TABLE `t_dept` (
  `id` int(11) NOT NULL AUTO_INCREMENT COMMENT 'id',
  `name` varchar(30) CHARACTER SET utf8mb4 COLLATE utf8mb4_general_ci NOT NULL DEFAULT '' COMMENT '部门名称',
  `pid` bigint(20) NOT NULL DEFAULT '0' COMMENT '上级部门id',
  `sort` int(11) NOT NULL DEFAULT '0' COMMENT '排序',
  `leader` varchar(64) CHARACTER SET utf8mb4 COLLATE utf8mb4_general_ci DEFAULT NULL COMMENT '负责人',
  `mobile` varchar(16) CHARACTER SET utf8mb4 COLLATE utf8mb4_general_ci DEFAULT NULL COMMENT '联系电话',
  `status` tinyint(1) NOT NULL DEFAULT '0' COMMENT '部门状态（0停用 1正常）',
  `create_time` int(10) NOT NULL COMMENT '创建时间',
  `update_time` int(10) DEFAULT NULL COMMENT '修改时间',
  `delete_time` int(10) DEFAULT NULL COMMENT '删除时间',
  PRIMARY KEY (`id`) USING BTREE
) ENGINE=InnoDB AUTO_INCREMENT=2 DEFAULT CHARSET=utf8mb4 COLLATE=utf8mb4_general_ci ROW_FORMAT=DYNAMIC COMMENT='部门表';

-- ----------------------------
-- Records of t_dept
-- ----------------------------
BEGIN;
INSERT INTO `t_dept` (`id`, `name`, `pid`, `sort`, `leader`, `mobile`, `status`, `create_time`, `update_time`, `delete_time`) VALUES (1, '公司', 0, 0, 'boss', '12345698745', 1, 1650592684, 1653640368, NULL);
COMMIT;

-- ----------------------------
-- Table structure for t_dev_crontab
-- ----------------------------
DROP TABLE IF EXISTS `t_dev_crontab`;
CREATE TABLE `t_dev_crontab` (
  `id` int(11) NOT NULL AUTO_INCREMENT,
  `name` varchar(32) NOT NULL COMMENT '定时任务名称',
  `type` tinyint(1) NOT NULL COMMENT '类型 1-定时任务',
  `system` tinyint(4) DEFAULT '0' COMMENT '是否系统任务 0-否 1-是',
  `remark` varchar(255) DEFAULT '' COMMENT '备注',
  `command` varchar(64) NOT NULL COMMENT '命令内容',
  `params` varchar(64) DEFAULT '' COMMENT '参数',
  `status` tinyint(1) NOT NULL DEFAULT '0' COMMENT '状态 1-运行 2-停止 3-错误',
  `expression` varchar(64) NOT NULL COMMENT '运行规则',
  `error` varchar(256) DEFAULT NULL COMMENT '运行失败原因',
  `last_time` int(11) DEFAULT NULL COMMENT '最后执行时间',
  `time` varchar(64) DEFAULT '0' COMMENT '实时执行时长',
  `max_time` varchar(64) DEFAULT '0' COMMENT '最大执行时长',
  `create_time` int(10) DEFAULT NULL COMMENT '创建时间',
  `update_time` int(10) DEFAULT NULL COMMENT '更新时间',
  `delete_time` int(10) DEFAULT NULL COMMENT '删除时间',
  PRIMARY KEY (`id`) USING BTREE
) ENGINE=InnoDB DEFAULT CHARSET=utf8mb4 COLLATE=utf8mb4_general_ci COMMENT='计划任务表';

-- ----------------------------
-- Records of t_dev_crontab
-- ----------------------------
BEGIN;
COMMIT;

-- ----------------------------
-- Table structure for t_dict_data
-- ----------------------------
DROP TABLE IF EXISTS `t_dict_data`;
CREATE TABLE `t_dict_data` (
  `id` int(11) NOT NULL AUTO_INCREMENT COMMENT 'id',
  `name` varchar(255) CHARACTER SET utf8mb4 COLLATE utf8mb4_general_ci NOT NULL COMMENT '数据名称',
  `value` varchar(255) CHARACTER SET utf8mb4 COLLATE utf8mb4_general_ci NOT NULL COMMENT '数据值',
  `type_id` int(11) NOT NULL COMMENT '字典类型id',
  `type_value` varchar(255) CHARACTER SET utf8mb4 COLLATE utf8mb4_general_ci NOT NULL COMMENT '字典类型',
  `sort` int(10) DEFAULT '0' COMMENT '排序值',
  `status` tinyint(1) NOT NULL DEFAULT '0' COMMENT '状态 0-停用 1-正常',
  `remark` varchar(255) CHARACTER SET utf8mb4 COLLATE utf8mb4_general_ci DEFAULT '' COMMENT '备注',
  `create_time` int(10) NOT NULL COMMENT '创建时间',
  `update_time` int(10) DEFAULT NULL COMMENT '修改时间',
  `delete_time` int(10) DEFAULT NULL COMMENT '删除时间',
  PRIMARY KEY (`id`) USING BTREE
) ENGINE=InnoDB AUTO_INCREMENT=54 DEFAULT CHARSET=utf8mb4 COLLATE=utf8mb4_general_ci ROW_FORMAT=DYNAMIC COMMENT='字典数据表';

-- ----------------------------
-- Records of t_dict_data
-- ----------------------------
BEGIN;
INSERT INTO `t_dict_data` (`id`, `name`, `value`, `type_id`, `type_value`, `sort`, `status`, `remark`, `create_time`, `update_time`, `delete_time`) VALUES (1, '下架', '0', 1, 'show_status', 0, 1, '', 1656381543, 1656381543, NULL);
INSERT INTO `t_dict_data` (`id`, `name`, `value`, `type_id`, `type_value`, `sort`, `status`, `remark`, `create_time`, `update_time`, `delete_time`) VALUES (2, '上架', '1', 1, 'show_status', 0, 1, '', 1656381550, 1656381550, NULL);
INSERT INTO `t_dict_data` (`id`, `name`, `value`, `type_id`, `type_value`, `sort`, `status`, `remark`, `create_time`, `update_time`, `delete_time`) VALUES (3, '进行中', '0', 2, 'business_status', 0, 1, '', 1656381410, 1656381410, NULL);
INSERT INTO `t_dict_data` (`id`, `name`, `value`, `type_id`, `type_value`, `sort`, `status`, `remark`, `create_time`, `update_time`, `delete_time`) VALUES (4, '成功', '1', 2, 'business_status', 0, 1, '', 1656381437, 1656381437, NULL);
INSERT INTO `t_dict_data` (`id`, `name`, `value`, `type_id`, `type_value`, `sort`, `status`, `remark`, `create_time`, `update_time`, `delete_time`) VALUES (5, '失败', '2', 2, 'business_status', 0, 1, '', 1656381449, 1656381449, NULL);
INSERT INTO `t_dict_data` (`id`, `name`, `value`, `type_id`, `type_value`, `sort`, `status`, `remark`, `create_time`, `update_time`, `delete_time`) VALUES (6, '待处理', '0', 3, 'event_status', 0, 1, '', 1656381212, 1656381212, NULL);
INSERT INTO `t_dict_data` (`id`, `name`, `value`, `type_id`, `type_value`, `sort`, `status`, `remark`, `create_time`, `update_time`, `delete_time`) VALUES (7, '已处理', '1', 3, 'event_status', 0, 1, '', 1656381315, 1656381315, NULL);
INSERT INTO `t_dict_data` (`id`, `name`, `value`, `type_id`, `type_value`, `sort`, `status`, `remark`, `create_time`, `update_time`, `delete_time`) VALUES (8, '拒绝处理', '2', 3, 'event_status', 0, 1, '', 1656381331, 1656381331, NULL);
INSERT INTO `t_dict_data` (`id`, `name`, `value`, `type_id`, `type_value`, `sort`, `status`, `remark`, `create_time`, `update_time`, `delete_time`) VALUES (9, '禁用', '1', 4, 'system_disable', 0, 1, '', 1656312030, 1656312030, NULL);
INSERT INTO `t_dict_data` (`id`, `name`, `value`, `type_id`, `type_value`, `sort`, `status`, `remark`, `create_time`, `update_time`, `delete_time`) VALUES (10, '正常', '0', 4, 'system_disable', 0, 1, '', 1656312040, 1656312040, NULL);
INSERT INTO `t_dict_data` (`id`, `name`, `value`, `type_id`, `type_value`, `sort`, `status`, `remark`, `create_time`, `update_time`, `delete_time`) VALUES (11, '未知', '0', 5, 'sex', 0, 1, '', 1656062988, 1656062988, NULL);
INSERT INTO `t_dict_data` (`id`, `name`, `value`, `type_id`, `type_value`, `sort`, `status`, `remark`, `create_time`, `update_time`, `delete_time`) VALUES (12, '男', '1', 5, 'sex', 0, 1, '', 1656062999, 1656062999, NULL);
INSERT INTO `t_dict_data` (`id`, `name`, `value`, `type_id`, `type_value`, `sort`, `status`, `remark`, `create_time`, `update_time`, `delete_time`) VALUES (13, '女', '2', 5, 'sex', 0, 1, '', 1656063009, 1656063009, NULL);
INSERT INTO `t_dict_data` (`id`, `name`, `value`, `type_id`, `type_value`, `sort`, `status`, `remark`, `create_time`, `update_time`, `delete_time`) VALUES (14, '是', '1', 6, 'is_recommend', 0, 1, '', 1743445220, 1743445220, NULL);
INSERT INTO `t_dict_data` (`id`, `name`, `value`, `type_id`, `type_value`, `sort`, `status`, `remark`, `create_time`, `update_time`, `delete_time`) VALUES (15, '否', '2', 6, 'is_recommend', 0, 1, '', 1743445226, 1743445226, NULL);
INSERT INTO `t_dict_data` (`id`, `name`, `value`, `type_id`, `type_value`, `sort`, `status`, `remark`, `create_time`, `update_time`, `delete_time`) VALUES (16, '免费开放', '1', 7, 'price_typ', 0, 1, '', 1743452660, 1743452660, NULL);
INSERT INTO `t_dict_data` (`id`, `name`, `value`, `type_id`, `type_value`, `sort`, `status`, `remark`, `create_time`, `update_time`, `delete_time`) VALUES (17, '会员专享', '2', 7, 'price_typ', 0, 1, '', 1743452668, 1743452668, NULL);
INSERT INTO `t_dict_data` (`id`, `name`, `value`, `type_id`, `type_value`, `sort`, `status`, `remark`, `create_time`, `update_time`, `delete_time`) VALUES (18, '2020', '2020', 8, 'data_year', 0, 1, '', 1743452920, 1743452920, NULL);
INSERT INTO `t_dict_data` (`id`, `name`, `value`, `type_id`, `type_value`, `sort`, `status`, `remark`, `create_time`, `update_time`, `delete_time`) VALUES (19, '2021', '2021', 8, 'data_year', 0, 1, '', 1743452926, 1743452926, NULL);
INSERT INTO `t_dict_data` (`id`, `name`, `value`, `type_id`, `type_value`, `sort`, `status`, `remark`, `create_time`, `update_time`, `delete_time`) VALUES (20, '2022', '2022', 8, 'data_year', 0, 1, '', 1743452936, 1743452936, NULL);
INSERT INTO `t_dict_data` (`id`, `name`, `value`, `type_id`, `type_value`, `sort`, `status`, `remark`, `create_time`, `update_time`, `delete_time`) VALUES (21, '2023', '2023', 8, 'data_year', 0, 1, '', 1743452968, 1743452968, NULL);
INSERT INTO `t_dict_data` (`id`, `name`, `value`, `type_id`, `type_value`, `sort`, `status`, `remark`, `create_time`, `update_time`, `delete_time`) VALUES (22, '2024', '2024', 8, 'data_year', 0, 1, '', 1743452974, 1743452974, NULL);
INSERT INTO `t_dict_data` (`id`, `name`, `value`, `type_id`, `type_value`, `sort`, `status`, `remark`, `create_time`, `update_time`, `delete_time`) VALUES (23, '2025', '2025', 8, 'data_year', 0, 1, '', 1743452982, 1743452982, NULL);
INSERT INTO `t_dict_data` (`id`, `name`, `value`, `type_id`, `type_value`, `sort`, `status`, `remark`, `create_time`, `update_time`, `delete_time`) VALUES (24, '简单', '1', 9, 'level', 0, 1, '', 1744283613, 1744283613, NULL);
INSERT INTO `t_dict_data` (`id`, `name`, `value`, `type_id`, `type_value`, `sort`, `status`, `remark`, `create_time`, `update_time`, `delete_time`) VALUES (25, '中等', '2', 9, 'level', 0, 1, '', 1744283620, 1744283620, NULL);
INSERT INTO `t_dict_data` (`id`, `name`, `value`, `type_id`, `type_value`, `sort`, `status`, `remark`, `create_time`, `update_time`, `delete_time`) VALUES (26, '困难', '3', 9, 'level', 0, 1, '', 1744283628, 1744283628, NULL);
INSERT INTO `t_dict_data` (`id`, `name`, `value`, `type_id`, `type_value`, `sort`, `status`, `remark`, `create_time`, `update_time`, `delete_time`) VALUES (27, '单选试题', '1', 10, 'exam_level', 0, 1, '', 1744283686, 1744283686, NULL);
INSERT INTO `t_dict_data` (`id`, `name`, `value`, `type_id`, `type_value`, `sort`, `status`, `remark`, `create_time`, `update_time`, `delete_time`) VALUES (28, '多选试题', '2', 10, 'exam_level', 0, 1, '', 1744283691, 1744283691, NULL);
INSERT INTO `t_dict_data` (`id`, `name`, `value`, `type_id`, `type_value`, `sort`, `status`, `remark`, `create_time`, `update_time`, `delete_time`) VALUES (29, '判断试题', '3', 10, 'exam_level', 0, 1, '', 1744283697, 1744283697, NULL);
INSERT INTO `t_dict_data` (`id`, `name`, `value`, `type_id`, `type_value`, `sort`, `status`, `remark`, `create_time`, `update_time`, `delete_time`) VALUES (30, '填空试题', '4', 10, 'exam_level', 0, 0, '', 1744283704, 1744283704, NULL);
INSERT INTO `t_dict_data` (`id`, `name`, `value`, `type_id`, `type_value`, `sort`, `status`, `remark`, `create_time`, `update_time`, `delete_time`) VALUES (31, '问答试题', '5', 10, 'exam_level', 0, 0, '', 1744401172, 1744401172, NULL);
INSERT INTO `t_dict_data` (`id`, `name`, `value`, `type_id`, `type_value`, `sort`, `status`, `remark`, `create_time`, `update_time`, `delete_time`) VALUES (32, '组合试题', '6', 10, 'exam_level', 0, 0, '', 1744401183, 1744401183, NULL);
INSERT INTO `t_dict_data` (`id`, `name`, `value`, `type_id`, `type_value`, `sort`, `status`, `remark`, `create_time`, `update_time`, `delete_time`) VALUES (33, '完型试题', '7', 10, 'exam_level', 0, 0, '', 1744401200, 1744401200, NULL);
INSERT INTO `t_dict_data` (`id`, `name`, `value`, `type_id`, `type_value`, `sort`, `status`, `remark`, `create_time`, `update_time`, `delete_time`) VALUES (34, '通用登录方式', '1', 11, 'exam_login_style', 0, 1, '', 1744551430, 1744551430, NULL);
INSERT INTO `t_dict_data` (`id`, `name`, `value`, `type_id`, `type_value`, `sort`, `status`, `remark`, `create_time`, `update_time`, `delete_time`) VALUES (35, '姓名和手机号', '2', 11, 'exam_login_style', 0, 1, '', 1744551440, 1744551440, NULL);
INSERT INTO `t_dict_data` (`id`, `name`, `value`, `type_id`, `type_value`, `sort`, `status`, `remark`, `create_time`, `update_time`, `delete_time`) VALUES (36, '姓名和身份证', '3', 11, 'exam_login_style', 0, 1, '', 1744551449, 1744551449, NULL);
INSERT INTO `t_dict_data` (`id`, `name`, `value`, `type_id`, `type_value`, `sort`, `status`, `remark`, `create_time`, `update_time`, `delete_time`) VALUES (37, '公开考试', '1', 12, 'exam_privilege', 0, 1, '', 1744551537, 1744551537, NULL);
INSERT INTO `t_dict_data` (`id`, `name`, `value`, `type_id`, `type_value`, `sort`, `status`, `remark`, `create_time`, `update_time`, `delete_time`) VALUES (38, '私有考试', '2', 12, 'exam_privilege', 0, 1, '', 1744551545, 1744551545, NULL);
INSERT INTO `t_dict_data` (`id`, `name`, `value`, `type_id`, `type_value`, `sort`, `status`, `remark`, `create_time`, `update_time`, `delete_time`) VALUES (39, '不限制次数', '1', 13, 'exam_submit_type', 0, 1, '', 1744566088, 1744566088, NULL);
INSERT INTO `t_dict_data` (`id`, `name`, `value`, `type_id`, `type_value`, `sort`, `status`, `remark`, `create_time`, `update_time`, `delete_time`) VALUES (40, '每日限制次数', '2', 13, 'exam_submit_type', 0, 1, '', 1744566104, 1744566104, NULL);
INSERT INTO `t_dict_data` (`id`, `name`, `value`, `type_id`, `type_value`, `sort`, `status`, `remark`, `create_time`, `update_time`, `delete_time`) VALUES (41, '微信小程序', 'wechat_mini', 14, 'client', 0, 1, '', 1746031237, 1746031237, NULL);
INSERT INTO `t_dict_data` (`id`, `name`, `value`, `type_id`, `type_value`, `sort`, `status`, `remark`, `create_time`, `update_time`, `delete_time`) VALUES (42, '抖音小程序', 'dy_mini', 14, 'client', 0, 1, '', 1746031250, 1746031250, NULL);
INSERT INTO `t_dict_data` (`id`, `name`, `value`, `type_id`, `type_value`, `sort`, `status`, `remark`, `create_time`, `update_time`, `delete_time`) VALUES (43, '网页H5', 'network_h5', 14, 'client', 0, 1, '', 1746031285, 1746031285, NULL);
INSERT INTO `t_dict_data` (`id`, `name`, `value`, `type_id`, `type_value`, `sort`, `status`, `remark`, `create_time`, `update_time`, `delete_time`) VALUES (44, '网页PC', 'network_pc', 14, 'client', 0, 1, '', 1746031300, 1746031300, NULL);
INSERT INTO `t_dict_data` (`id`, `name`, `value`, `type_id`, `type_value`, `sort`, `status`, `remark`, `create_time`, `update_time`, `delete_time`) VALUES (45, '首页顶部轮播图', 'home_top', 15, 'image_position', 0, 1, '', 1746031357, 1746031357, NULL);
INSERT INTO `t_dict_data` (`id`, `name`, `value`, `type_id`, `type_value`, `sort`, `status`, `remark`, `create_time`, `update_time`, `delete_time`) VALUES (46, '答题主页轮播图', 'exam_menu_top', 15, 'image_position', 0, 1, '', 1746031378, 1746031378, NULL);
INSERT INTO `t_dict_data` (`id`, `name`, `value`, `type_id`, `type_value`, `sort`, `status`, `remark`, `create_time`, `update_time`, `delete_time`) VALUES (47, '菜单配置', 'image_menu', 16, 'image_type', 0, 1, '', 1746036939, 1746036939, NULL);
INSERT INTO `t_dict_data` (`id`, `name`, `value`, `type_id`, `type_value`, `sort`, `status`, `remark`, `create_time`, `update_time`, `delete_time`) VALUES (48, '轮播图配置', 'image_banner', 16, 'image_type', 0, 1, '', 1746036954, 1746036954, NULL);
INSERT INTO `t_dict_data` (`id`, `name`, `value`, `type_id`, `type_value`, `sort`, `status`, `remark`, `create_time`, `update_time`, `delete_time`) VALUES (49, '首页菜单', 'home_menu', 15, 'image_position', 0, 1, '', 1746037505, 1746037505, NULL);
INSERT INTO `t_dict_data` (`id`, `name`, `value`, `type_id`, `type_value`, `sort`, `status`, `remark`, `create_time`, `update_time`, `delete_time`) VALUES (50, '是', '1', 17, 'recommend_state', 0, 1, '', 1746200079, 1746200079, NULL);
INSERT INTO `t_dict_data` (`id`, `name`, `value`, `type_id`, `type_value`, `sort`, `status`, `remark`, `create_time`, `update_time`, `delete_time`) VALUES (51, '否', '0', 17, 'recommend_state', 0, 1, '', 1746200085, 1746200085, NULL);
INSERT INTO `t_dict_data` (`id`, `name`, `value`, `type_id`, `type_value`, `sort`, `status`, `remark`, `create_time`, `update_time`, `delete_time`) VALUES (52, '是', '1', 18, 'hot_state', 0, 1, '', 1746200106, 1746200106, NULL);
INSERT INTO `t_dict_data` (`id`, `name`, `value`, `type_id`, `type_value`, `sort`, `status`, `remark`, `create_time`, `update_time`, `delete_time`) VALUES (53, '否', '0', 18, 'hot_state', 0, 1, '', 1746200133, 1746200133, NULL);
COMMIT;

-- ----------------------------
-- Table structure for t_dict_type
-- ----------------------------
DROP TABLE IF EXISTS `t_dict_type`;
CREATE TABLE `t_dict_type` (
  `id` int(11) NOT NULL AUTO_INCREMENT COMMENT 'id',
  `name` varchar(255) CHARACTER SET utf8mb4 COLLATE utf8mb4_general_ci NOT NULL DEFAULT '' COMMENT '字典名称',
  `type` varchar(255) CHARACTER SET utf8mb4 COLLATE utf8mb4_general_ci NOT NULL DEFAULT '' COMMENT '字典类型名称',
  `status` tinyint(1) NOT NULL DEFAULT '0' COMMENT '状态 0-停用 1-正常',
  `remark` varchar(255) CHARACTER SET utf8mb4 COLLATE utf8mb4_general_ci DEFAULT '' COMMENT '备注',
  `create_time` int(10) NOT NULL COMMENT '创建时间',
  `update_time` int(10) DEFAULT NULL COMMENT '修改时间',
  `delete_time` int(10) DEFAULT NULL COMMENT '删除时间',
  PRIMARY KEY (`id`) USING BTREE
) ENGINE=InnoDB AUTO_INCREMENT=19 DEFAULT CHARSET=utf8mb4 COLLATE=utf8mb4_general_ci ROW_FORMAT=DYNAMIC COMMENT='字典类型表';

-- ----------------------------
-- Records of t_dict_type
-- ----------------------------
BEGIN;
INSERT INTO `t_dict_type` (`id`, `name`, `type`, `status`, `remark`, `create_time`, `update_time`, `delete_time`) VALUES (1, '显示状态', 'show_status', 1, '', 1656381520, 1656381520, NULL);
INSERT INTO `t_dict_type` (`id`, `name`, `type`, `status`, `remark`, `create_time`, `update_time`, `delete_time`) VALUES (2, '业务状态', 'business_status', 1, '', 1656381393, 1656381393, NULL);
INSERT INTO `t_dict_type` (`id`, `name`, `type`, `status`, `remark`, `create_time`, `update_time`, `delete_time`) VALUES (3, '事件状态', 'event_status', 1, '', 1656381075, 1656381075, NULL);
INSERT INTO `t_dict_type` (`id`, `name`, `type`, `status`, `remark`, `create_time`, `update_time`, `delete_time`) VALUES (4, '禁用状态', 'system_disable', 1, '', 1656311838, 1656311838, NULL);
INSERT INTO `t_dict_type` (`id`, `name`, `type`, `status`, `remark`, `create_time`, `update_time`, `delete_time`) VALUES (5, '用户性别', 'sex', 1, '', 1656062946, 1656380925, NULL);
INSERT INTO `t_dict_type` (`id`, `name`, `type`, `status`, `remark`, `create_time`, `update_time`, `delete_time`) VALUES (6, '推荐状态', 'is_recommend', 1, '', 1743445210, 1743445210, NULL);
INSERT INTO `t_dict_type` (`id`, `name`, `type`, `status`, `remark`, `create_time`, `update_time`, `delete_time`) VALUES (7, '价格类型', 'price_typ', 1, '', 1743452627, 1743452627, NULL);
INSERT INTO `t_dict_type` (`id`, `name`, `type`, `status`, `remark`, `create_time`, `update_time`, `delete_time`) VALUES (8, '数据年份', 'data_year', 1, '', 1743452906, 1743452906, NULL);
INSERT INTO `t_dict_type` (`id`, `name`, `type`, `status`, `remark`, `create_time`, `update_time`, `delete_time`) VALUES (9, '难度等级', 'level', 1, '', 1744283600, 1744283600, NULL);
INSERT INTO `t_dict_type` (`id`, `name`, `type`, `status`, `remark`, `create_time`, `update_time`, `delete_time`) VALUES (10, '试题类型', 'exam_level', 1, '', 1744283678, 1744283678, NULL);
INSERT INTO `t_dict_type` (`id`, `name`, `type`, `status`, `remark`, `create_time`, `update_time`, `delete_time`) VALUES (11, '考试登录方式', 'exam_login_style', 1, '', 1744551407, 1744551407, NULL);
INSERT INTO `t_dict_type` (`id`, `name`, `type`, `status`, `remark`, `create_time`, `update_time`, `delete_time`) VALUES (12, '考试权限', 'exam_privilege', 1, '用于设置考试是内部考试还是外部考试', 1744551526, 1744551526, NULL);
INSERT INTO `t_dict_type` (`id`, `name`, `type`, `status`, `remark`, `create_time`, `update_time`, `delete_time`) VALUES (13, '考试类型', 'exam_submit_type', 1, '考试提交类型，允许多次或者单次等条件限制。', 1744566059, 1744566059, NULL);
INSERT INTO `t_dict_type` (`id`, `name`, `type`, `status`, `remark`, `create_time`, `update_time`, `delete_time`) VALUES (14, '客户端平台', 'client', 1, '', 1746031210, 1746031210, NULL);
INSERT INTO `t_dict_type` (`id`, `name`, `type`, `status`, `remark`, `create_time`, `update_time`, `delete_time`) VALUES (15, '图片配置位置', 'image_position', 1, '', 1746031340, 1746036975, NULL);
INSERT INTO `t_dict_type` (`id`, `name`, `type`, `status`, `remark`, `create_time`, `update_time`, `delete_time`) VALUES (16, '图片配置类型', 'image_type', 1, '', 1746036916, 1746036916, NULL);
INSERT INTO `t_dict_type` (`id`, `name`, `type`, `status`, `remark`, `create_time`, `update_time`, `delete_time`) VALUES (17, '推荐状态', 'recommend_state', 1, '', 1746200065, 1746200065, NULL);
INSERT INTO `t_dict_type` (`id`, `name`, `type`, `status`, `remark`, `create_time`, `update_time`, `delete_time`) VALUES (18, '热门状态', 'hot_state', 1, '', 1746200098, 1746200098, NULL);
COMMIT;

-- ----------------------------
-- Table structure for t_file
-- ----------------------------
DROP TABLE IF EXISTS `t_file`;
CREATE TABLE `t_file` (
  `id` int(10) unsigned NOT NULL AUTO_INCREMENT COMMENT '主键ID',
  `cid` int(10) unsigned NOT NULL DEFAULT '0' COMMENT '类目ID',
  `source_id` int(11) unsigned NOT NULL DEFAULT '0' COMMENT '上传者id',
  `source` tinyint(1) NOT NULL DEFAULT '0' COMMENT '来源类型[0-后台,1-用户]',
  `type` tinyint(2) unsigned NOT NULL DEFAULT '10' COMMENT '类型[10=图片, 20=视频]',
  `name` varchar(255) CHARACTER SET utf8mb4 COLLATE utf8mb4_general_ci NOT NULL DEFAULT '' COMMENT '文件名称',
  `uri` varchar(200) CHARACTER SET utf8mb4 COLLATE utf8mb4_general_ci NOT NULL COMMENT '文件路径',
  `create_time` int(10) unsigned DEFAULT NULL COMMENT '创建时间',
  `update_time` int(10) DEFAULT NULL COMMENT '更新时间',
  `delete_time` int(10) DEFAULT NULL COMMENT '删除时间',
  PRIMARY KEY (`id`) USING BTREE
) ENGINE=InnoDB AUTO_INCREMENT=2 DEFAULT CHARSET=utf8mb4 COLLATE=utf8mb4_general_ci ROW_FORMAT=DYNAMIC COMMENT='文件表';

-- ----------------------------
-- Records of t_file
-- ----------------------------
BEGIN;
INSERT INTO `t_file` (`id`, `cid`, `source_id`, `source`, `type`, `name`, `uri`, `create_time`, `update_time`, `delete_time`) VALUES (1, 0, 0, 0, 10, '堆友AI_20240328_76 (1) (1) (1) (1).png', 'uploads/images/20250331/20250331191332599a16193.png', 1743419613, 1743419613, NULL);
COMMIT;

-- ----------------------------
-- Table structure for t_file_cate
-- ----------------------------
DROP TABLE IF EXISTS `t_file_cate`;
CREATE TABLE `t_file_cate` (
  `id` int(10) unsigned NOT NULL AUTO_INCREMENT COMMENT '主键ID',
  `pid` int(10) unsigned NOT NULL DEFAULT '0' COMMENT '父级ID',
  `type` tinyint(2) unsigned NOT NULL DEFAULT '10' COMMENT '类型[10=图片，20=视频，30=文件]',
  `name` varchar(32) CHARACTER SET utf8mb4 COLLATE utf8mb4_general_ci NOT NULL DEFAULT '' COMMENT '分类名称',
  `create_time` int(10) unsigned DEFAULT NULL COMMENT '创建时间',
  `update_time` int(10) unsigned DEFAULT NULL COMMENT '更新时间',
  `delete_time` int(10) unsigned DEFAULT NULL COMMENT '删除时间',
  PRIMARY KEY (`id`) USING BTREE
) ENGINE=InnoDB DEFAULT CHARSET=utf8mb4 COLLATE=utf8mb4_general_ci ROW_FORMAT=DYNAMIC COMMENT='文件分类表';

-- ----------------------------
-- Records of t_file_cate
-- ----------------------------
BEGIN;
COMMIT;

-- ----------------------------
-- Table structure for t_generate_column
-- ----------------------------
DROP TABLE IF EXISTS `t_generate_column`;
CREATE TABLE `t_generate_column` (
  `id` int(11) NOT NULL AUTO_INCREMENT COMMENT 'id',
  `table_id` int(11) NOT NULL DEFAULT '0' COMMENT '表id',
  `column_name` varchar(100) CHARACTER SET utf8mb4 COLLATE utf8mb4_general_ci NOT NULL DEFAULT '' COMMENT '字段名称',
  `column_comment` varchar(300) CHARACTER SET utf8mb4 COLLATE utf8mb4_general_ci NOT NULL DEFAULT '' COMMENT '字段描述',
  `column_type` varchar(100) CHARACTER SET utf8mb4 COLLATE utf8mb4_general_ci NOT NULL DEFAULT '' COMMENT '字段类型',
  `is_required` tinyint(1) DEFAULT '0' COMMENT '是否必填 0-非必填 1-必填',
  `is_pk` tinyint(1) DEFAULT '0' COMMENT '是否为主键 0-不是 1-是',
  `is_insert` tinyint(1) DEFAULT '0' COMMENT '是否为插入字段 0-不是 1-是',
  `is_update` tinyint(1) DEFAULT '0' COMMENT '是否为更新字段 0-不是 1-是',
  `is_lists` tinyint(1) DEFAULT '0' COMMENT '是否为列表字段 0-不是 1-是',
  `is_query` tinyint(1) DEFAULT '0' COMMENT '是否为查询字段 0-不是 1-是',
  `query_type` varchar(100) CHARACTER SET utf8mb4 COLLATE utf8mb4_general_ci DEFAULT '=' COMMENT '查询类型',
  `view_type` varchar(100) CHARACTER SET utf8mb4 COLLATE utf8mb4_general_ci DEFAULT 'input' COMMENT '显示类型',
  `dict_type` varchar(255) CHARACTER SET utf8mb4 COLLATE utf8mb4_general_ci DEFAULT '' COMMENT '字典类型',
  `create_time` int(10) NOT NULL COMMENT '创建时间',
  `update_time` int(10) DEFAULT NULL COMMENT '修改时间',
  PRIMARY KEY (`id`) USING BTREE
) ENGINE=InnoDB AUTO_INCREMENT=91 DEFAULT CHARSET=utf8mb4 COLLATE=utf8mb4_general_ci ROW_FORMAT=DYNAMIC COMMENT='代码生成表字段信息表';

-- ----------------------------
-- Records of t_generate_column
-- ----------------------------
BEGIN;
INSERT INTO `t_generate_column` (`id`, `table_id`, `column_name`, `column_comment`, `column_type`, `is_required`, `is_pk`, `is_insert`, `is_update`, `is_lists`, `is_query`, `query_type`, `view_type`, `dict_type`, `create_time`, `update_time`) VALUES (1, 1, 'id', '', 'int', 0, 1, 0, 0, 0, 0, '=', 'input', '', 1743424926, 1743443470);
INSERT INTO `t_generate_column` (`id`, `table_id`, `column_name`, `column_comment`, `column_type`, `is_required`, `is_pk`, `is_insert`, `is_update`, `is_lists`, `is_query`, `query_type`, `view_type`, `dict_type`, `create_time`, `update_time`) VALUES (2, 1, 'uid', '分类编号', 'string', 0, 0, 0, 1, 1, 0, '=', 'input', '', 1743424926, 1743443471);
INSERT INTO `t_generate_column` (`id`, `table_id`, `column_name`, `column_comment`, `column_type`, `is_required`, `is_pk`, `is_insert`, `is_update`, `is_lists`, `is_query`, `query_type`, `view_type`, `dict_type`, `create_time`, `update_time`) VALUES (3, 1, 'title', '分类名称', 'string', 1, 0, 1, 1, 1, 1, 'like', 'input', '', 1743424926, 1743443471);
INSERT INTO `t_generate_column` (`id`, `table_id`, `column_name`, `column_comment`, `column_type`, `is_required`, `is_pk`, `is_insert`, `is_update`, `is_lists`, `is_query`, `query_type`, `view_type`, `dict_type`, `create_time`, `update_time`) VALUES (4, 1, 'is_show', '启用状态', 'int', 1, 0, 1, 1, 1, 1, '=', 'radio', 'show_status', 1743424926, 1743443471);
INSERT INTO `t_generate_column` (`id`, `table_id`, `column_name`, `column_comment`, `column_type`, `is_required`, `is_pk`, `is_insert`, `is_update`, `is_lists`, `is_query`, `query_type`, `view_type`, `dict_type`, `create_time`, `update_time`) VALUES (5, 1, 'sort', '显示权重', 'int', 1, 0, 1, 1, 1, 0, '=', 'input', '', 1743424926, 1743443471);
INSERT INTO `t_generate_column` (`id`, `table_id`, `column_name`, `column_comment`, `column_type`, `is_required`, `is_pk`, `is_insert`, `is_update`, `is_lists`, `is_query`, `query_type`, `view_type`, `dict_type`, `create_time`, `update_time`) VALUES (6, 1, 'parent_uid', '上级分类', 'string', 0, 0, 0, 0, 0, 0, '=', 'input', '', 1743424926, 1743443471);
INSERT INTO `t_generate_column` (`id`, `table_id`, `column_name`, `column_comment`, `column_type`, `is_required`, `is_pk`, `is_insert`, `is_update`, `is_lists`, `is_query`, `query_type`, `view_type`, `dict_type`, `create_time`, `update_time`) VALUES (7, 1, 'create_time', '创建时间', 'int', 0, 0, 0, 0, 1, 0, '=', 'input', '', 1743424926, 1743443471);
INSERT INTO `t_generate_column` (`id`, `table_id`, `column_name`, `column_comment`, `column_type`, `is_required`, `is_pk`, `is_insert`, `is_update`, `is_lists`, `is_query`, `query_type`, `view_type`, `dict_type`, `create_time`, `update_time`) VALUES (8, 1, 'update_time', '更新时间', 'int', 0, 0, 0, 0, 1, 0, '=', 'input', '', 1743424926, 1743443471);
INSERT INTO `t_generate_column` (`id`, `table_id`, `column_name`, `column_comment`, `column_type`, `is_required`, `is_pk`, `is_insert`, `is_update`, `is_lists`, `is_query`, `query_type`, `view_type`, `dict_type`, `create_time`, `update_time`) VALUES (9, 1, 'delete_time', '', 'int', 0, 0, 0, 0, 0, 0, '=', 'input', '', 1743424926, 1743443471);
INSERT INTO `t_generate_column` (`id`, `table_id`, `column_name`, `column_comment`, `column_type`, `is_required`, `is_pk`, `is_insert`, `is_update`, `is_lists`, `is_query`, `query_type`, `view_type`, `dict_type`, `create_time`, `update_time`) VALUES (10, 1, 'cover', '分类封面', 'string', 0, 0, 1, 1, 1, 0, '=', 'input', '', 1743424926, 1743443471);
INSERT INTO `t_generate_column` (`id`, `table_id`, `column_name`, `column_comment`, `column_type`, `is_required`, `is_pk`, `is_insert`, `is_update`, `is_lists`, `is_query`, `query_type`, `view_type`, `dict_type`, `create_time`, `update_time`) VALUES (11, 1, 'is_recommend', '是否推荐', 'int', 1, 0, 1, 1, 1, 1, '=', 'select', '', 1743424926, 1743443471);
INSERT INTO `t_generate_column` (`id`, `table_id`, `column_name`, `column_comment`, `column_type`, `is_required`, `is_pk`, `is_insert`, `is_update`, `is_lists`, `is_query`, `query_type`, `view_type`, `dict_type`, `create_time`, `update_time`) VALUES (12, 1, 'icon', '分类icon', 'string', 0, 0, 1, 1, 1, 0, '=', 'input', '', 1743424926, 1743443471);
INSERT INTO `t_generate_column` (`id`, `table_id`, `column_name`, `column_comment`, `column_type`, `is_required`, `is_pk`, `is_insert`, `is_update`, `is_lists`, `is_query`, `query_type`, `view_type`, `dict_type`, `create_time`, `update_time`) VALUES (13, 1, 'tenant_id', '', 'int', 0, 0, 0, 0, 0, 0, '=', 'input', '', 1743424926, 1743443471);
INSERT INTO `t_generate_column` (`id`, `table_id`, `column_name`, `column_comment`, `column_type`, `is_required`, `is_pk`, `is_insert`, `is_update`, `is_lists`, `is_query`, `query_type`, `view_type`, `dict_type`, `create_time`, `update_time`) VALUES (14, 2, 'id', '', 'int', 0, 1, 0, 0, 0, 0, '=', 'input', '', 1743452586, 1743453191);
INSERT INTO `t_generate_column` (`id`, `table_id`, `column_name`, `column_comment`, `column_type`, `is_required`, `is_pk`, `is_insert`, `is_update`, `is_lists`, `is_query`, `query_type`, `view_type`, `dict_type`, `create_time`, `update_time`) VALUES (15, 2, 'uid', '', 'string', 0, 0, 0, 0, 1, 0, '=', 'input', '', 1743452586, 1743453191);
INSERT INTO `t_generate_column` (`id`, `table_id`, `column_name`, `column_comment`, `column_type`, `is_required`, `is_pk`, `is_insert`, `is_update`, `is_lists`, `is_query`, `query_type`, `view_type`, `dict_type`, `create_time`, `update_time`) VALUES (16, 2, 'title', '', 'string', 1, 0, 1, 1, 1, 1, 'like', 'input', '', 1743452586, 1743453191);
INSERT INTO `t_generate_column` (`id`, `table_id`, `column_name`, `column_comment`, `column_type`, `is_required`, `is_pk`, `is_insert`, `is_update`, `is_lists`, `is_query`, `query_type`, `view_type`, `dict_type`, `create_time`, `update_time`) VALUES (17, 2, 'is_show', '', 'int', 1, 0, 1, 1, 1, 1, '=', 'radio', 'show_status', 1743452586, 1743453191);
INSERT INTO `t_generate_column` (`id`, `table_id`, `column_name`, `column_comment`, `column_type`, `is_required`, `is_pk`, `is_insert`, `is_update`, `is_lists`, `is_query`, `query_type`, `view_type`, `dict_type`, `create_time`, `update_time`) VALUES (18, 2, 'sort', '', 'int', 1, 0, 1, 1, 1, 0, '=', 'input', '', 1743452586, 1743453191);
INSERT INTO `t_generate_column` (`id`, `table_id`, `column_name`, `column_comment`, `column_type`, `is_required`, `is_pk`, `is_insert`, `is_update`, `is_lists`, `is_query`, `query_type`, `view_type`, `dict_type`, `create_time`, `update_time`) VALUES (19, 2, 'create_time', '', 'int', 0, 0, 0, 0, 1, 0, '=', 'input', '', 1743452586, 1743453191);
INSERT INTO `t_generate_column` (`id`, `table_id`, `column_name`, `column_comment`, `column_type`, `is_required`, `is_pk`, `is_insert`, `is_update`, `is_lists`, `is_query`, `query_type`, `view_type`, `dict_type`, `create_time`, `update_time`) VALUES (20, 2, 'update_time', '', 'int', 0, 0, 0, 0, 1, 0, '=', 'input', '', 1743452586, 1743453191);
INSERT INTO `t_generate_column` (`id`, `table_id`, `column_name`, `column_comment`, `column_type`, `is_required`, `is_pk`, `is_insert`, `is_update`, `is_lists`, `is_query`, `query_type`, `view_type`, `dict_type`, `create_time`, `update_time`) VALUES (21, 2, 'delete_time', '', 'int', 0, 0, 0, 0, 0, 0, '=', 'input', '', 1743452586, 1743453191);
INSERT INTO `t_generate_column` (`id`, `table_id`, `column_name`, `column_comment`, `column_type`, `is_required`, `is_pk`, `is_insert`, `is_update`, `is_lists`, `is_query`, `query_type`, `view_type`, `dict_type`, `create_time`, `update_time`) VALUES (22, 2, 'cover', '', 'string', 0, 0, 1, 1, 1, 0, '=', 'imageSelect', '', 1743452586, 1743453191);
INSERT INTO `t_generate_column` (`id`, `table_id`, `column_name`, `column_comment`, `column_type`, `is_required`, `is_pk`, `is_insert`, `is_update`, `is_lists`, `is_query`, `query_type`, `view_type`, `dict_type`, `create_time`, `update_time`) VALUES (23, 2, 'remark', '', 'string', 0, 0, 1, 1, 1, 0, '=', 'textarea', '', 1743452586, 1743453191);
INSERT INTO `t_generate_column` (`id`, `table_id`, `column_name`, `column_comment`, `column_type`, `is_required`, `is_pk`, `is_insert`, `is_update`, `is_lists`, `is_query`, `query_type`, `view_type`, `dict_type`, `create_time`, `update_time`) VALUES (24, 2, 'category_uid', '', 'string', 1, 0, 1, 1, 1, 1, '=', 'select', 'show_status', 1743452586, 1743453191);
INSERT INTO `t_generate_column` (`id`, `table_id`, `column_name`, `column_comment`, `column_type`, `is_required`, `is_pk`, `is_insert`, `is_update`, `is_lists`, `is_query`, `query_type`, `view_type`, `dict_type`, `create_time`, `update_time`) VALUES (25, 2, 'author', '', 'string', 1, 0, 1, 1, 1, 1, 'like', 'input', '', 1743452586, 1743453191);
INSERT INTO `t_generate_column` (`id`, `table_id`, `column_name`, `column_comment`, `column_type`, `is_required`, `is_pk`, `is_insert`, `is_update`, `is_lists`, `is_query`, `query_type`, `view_type`, `dict_type`, `create_time`, `update_time`) VALUES (26, 2, 'free_state', '', 'string', 1, 0, 1, 1, 1, 1, '=', 'select', 'price_typ', 1743452586, 1743453191);
INSERT INTO `t_generate_column` (`id`, `table_id`, `column_name`, `column_comment`, `column_type`, `is_required`, `is_pk`, `is_insert`, `is_update`, `is_lists`, `is_query`, `query_type`, `view_type`, `dict_type`, `create_time`, `update_time`) VALUES (27, 2, 'money', '', 'float', 0, 0, 1, 1, 1, 0, '=', 'input', '', 1743452586, 1743453192);
INSERT INTO `t_generate_column` (`id`, `table_id`, `column_name`, `column_comment`, `column_type`, `is_required`, `is_pk`, `is_insert`, `is_update`, `is_lists`, `is_query`, `query_type`, `view_type`, `dict_type`, `create_time`, `update_time`) VALUES (28, 2, 'discount', '', 'float', 0, 0, 1, 1, 1, 0, '=', 'input', '', 1743452586, 1743453192);
INSERT INTO `t_generate_column` (`id`, `table_id`, `column_name`, `column_comment`, `column_type`, `is_required`, `is_pk`, `is_insert`, `is_update`, `is_lists`, `is_query`, `query_type`, `view_type`, `dict_type`, `create_time`, `update_time`) VALUES (29, 2, 'tenant_id', '', 'int', 0, 0, 0, 0, 0, 0, '=', 'input', '', 1743452586, 1743453192);
INSERT INTO `t_generate_column` (`id`, `table_id`, `column_name`, `column_comment`, `column_type`, `is_required`, `is_pk`, `is_insert`, `is_update`, `is_lists`, `is_query`, `query_type`, `view_type`, `dict_type`, `create_time`, `update_time`) VALUES (30, 2, 'year', '', 'int', 1, 0, 1, 1, 1, 1, '=', 'select', 'data_year', 1743452586, 1743453192);
INSERT INTO `t_generate_column` (`id`, `table_id`, `column_name`, `column_comment`, `column_type`, `is_required`, `is_pk`, `is_insert`, `is_update`, `is_lists`, `is_query`, `query_type`, `view_type`, `dict_type`, `create_time`, `update_time`) VALUES (31, 3, 'id', '', 'int', 0, 1, 0, 0, 0, 0, '=', 'input', '', 1744283726, 1744284155);
INSERT INTO `t_generate_column` (`id`, `table_id`, `column_name`, `column_comment`, `column_type`, `is_required`, `is_pk`, `is_insert`, `is_update`, `is_lists`, `is_query`, `query_type`, `view_type`, `dict_type`, `create_time`, `update_time`) VALUES (32, 3, 'uid', '数据编号', 'string', 0, 0, 0, 0, 0, 0, '=', 'input', '', 1744283726, 1744284155);
INSERT INTO `t_generate_column` (`id`, `table_id`, `column_name`, `column_comment`, `column_type`, `is_required`, `is_pk`, `is_insert`, `is_update`, `is_lists`, `is_query`, `query_type`, `view_type`, `dict_type`, `create_time`, `update_time`) VALUES (33, 3, 'tenant_exam_library_uid', '试题题库', 'string', 1, 0, 1, 1, 1, 0, '=', 'input', '', 1744283726, 1744284155);
INSERT INTO `t_generate_column` (`id`, `table_id`, `column_name`, `column_comment`, `column_type`, `is_required`, `is_pk`, `is_insert`, `is_update`, `is_lists`, `is_query`, `query_type`, `view_type`, `dict_type`, `create_time`, `update_time`) VALUES (34, 3, 'title', '试题题干', 'string', 1, 0, 1, 1, 1, 1, 'like', 'input', '', 1744283726, 1744284155);
INSERT INTO `t_generate_column` (`id`, `table_id`, `column_name`, `column_comment`, `column_type`, `is_required`, `is_pk`, `is_insert`, `is_update`, `is_lists`, `is_query`, `query_type`, `view_type`, `dict_type`, `create_time`, `update_time`) VALUES (35, 3, 'second_title', '二级题干', 'string', 0, 0, 1, 1, 0, 0, '=', 'editor', '', 1744283726, 1744284155);
INSERT INTO `t_generate_column` (`id`, `table_id`, `column_name`, `column_comment`, `column_type`, `is_required`, `is_pk`, `is_insert`, `is_update`, `is_lists`, `is_query`, `query_type`, `view_type`, `dict_type`, `create_time`, `update_time`) VALUES (36, 3, 'option', '试题选项', 'string', 1, 0, 1, 1, 1, 0, '=', 'input', '', 1744283726, 1744284155);
INSERT INTO `t_generate_column` (`id`, `table_id`, `column_name`, `column_comment`, `column_type`, `is_required`, `is_pk`, `is_insert`, `is_update`, `is_lists`, `is_query`, `query_type`, `view_type`, `dict_type`, `create_time`, `update_time`) VALUES (37, 3, 'score', '试题积分', 'float', 1, 0, 1, 1, 1, 0, '=', 'input', '', 1744283726, 1744284155);
INSERT INTO `t_generate_column` (`id`, `table_id`, `column_name`, `column_comment`, `column_type`, `is_required`, `is_pk`, `is_insert`, `is_update`, `is_lists`, `is_query`, `query_type`, `view_type`, `dict_type`, `create_time`, `update_time`) VALUES (38, 3, 'answer', '试题答案', 'string', 1, 0, 1, 1, 1, 0, '=', 'input', '', 1744283726, 1744284155);
INSERT INTO `t_generate_column` (`id`, `table_id`, `column_name`, `column_comment`, `column_type`, `is_required`, `is_pk`, `is_insert`, `is_update`, `is_lists`, `is_query`, `query_type`, `view_type`, `dict_type`, `create_time`, `update_time`) VALUES (39, 3, 'analysis', '试题解析', 'string', 0, 0, 1, 1, 1, 0, '=', 'input', '', 1744283726, 1744284155);
INSERT INTO `t_generate_column` (`id`, `table_id`, `column_name`, `column_comment`, `column_type`, `is_required`, `is_pk`, `is_insert`, `is_update`, `is_lists`, `is_query`, `query_type`, `view_type`, `dict_type`, `create_time`, `update_time`) VALUES (40, 3, 'exam_type', '试题题型', 'int', 1, 0, 1, 1, 1, 1, '=', 'radio', 'exam_level', 1744283726, 1744284156);
INSERT INTO `t_generate_column` (`id`, `table_id`, `column_name`, `column_comment`, `column_type`, `is_required`, `is_pk`, `is_insert`, `is_update`, `is_lists`, `is_query`, `query_type`, `view_type`, `dict_type`, `create_time`, `update_time`) VALUES (41, 3, 'sort', '显示权重', 'int', 1, 0, 1, 1, 1, 0, '=', 'input', '', 1744283726, 1744284156);
INSERT INTO `t_generate_column` (`id`, `table_id`, `column_name`, `column_comment`, `column_type`, `is_required`, `is_pk`, `is_insert`, `is_update`, `is_lists`, `is_query`, `query_type`, `view_type`, `dict_type`, `create_time`, `update_time`) VALUES (42, 3, 'is_show', '显示状态', 'int', 1, 0, 1, 1, 1, 1, '=', 'radio', 'show_status', 1744283726, 1744284156);
INSERT INTO `t_generate_column` (`id`, `table_id`, `column_name`, `column_comment`, `column_type`, `is_required`, `is_pk`, `is_insert`, `is_update`, `is_lists`, `is_query`, `query_type`, `view_type`, `dict_type`, `create_time`, `update_time`) VALUES (43, 3, 'create_time', '创建时间', 'int', 0, 0, 0, 0, 1, 0, '=', 'input', '', 1744283726, 1744284156);
INSERT INTO `t_generate_column` (`id`, `table_id`, `column_name`, `column_comment`, `column_type`, `is_required`, `is_pk`, `is_insert`, `is_update`, `is_lists`, `is_query`, `query_type`, `view_type`, `dict_type`, `create_time`, `update_time`) VALUES (44, 3, 'update_time', '更新时间', 'int', 0, 0, 0, 0, 0, 0, '=', 'input', '', 1744283726, 1744284156);
INSERT INTO `t_generate_column` (`id`, `table_id`, `column_name`, `column_comment`, `column_type`, `is_required`, `is_pk`, `is_insert`, `is_update`, `is_lists`, `is_query`, `query_type`, `view_type`, `dict_type`, `create_time`, `update_time`) VALUES (45, 3, 'delete_time', '', 'int', 0, 0, 0, 0, 0, 0, '=', 'input', '', 1744283726, 1744284156);
INSERT INTO `t_generate_column` (`id`, `table_id`, `column_name`, `column_comment`, `column_type`, `is_required`, `is_pk`, `is_insert`, `is_update`, `is_lists`, `is_query`, `query_type`, `view_type`, `dict_type`, `create_time`, `update_time`) VALUES (46, 3, 'level', '试题难度', 'int', 1, 0, 1, 1, 1, 1, '=', 'radio', 'level', 1744283726, 1744284156);
INSERT INTO `t_generate_column` (`id`, `table_id`, `column_name`, `column_comment`, `column_type`, `is_required`, `is_pk`, `is_insert`, `is_update`, `is_lists`, `is_query`, `query_type`, `view_type`, `dict_type`, `create_time`, `update_time`) VALUES (47, 3, 'admin_id', '', 'int', 0, 0, 0, 0, 0, 0, '=', 'input', '', 1744283726, 1744284156);
INSERT INTO `t_generate_column` (`id`, `table_id`, `column_name`, `column_comment`, `column_type`, `is_required`, `is_pk`, `is_insert`, `is_update`, `is_lists`, `is_query`, `query_type`, `view_type`, `dict_type`, `create_time`, `update_time`) VALUES (48, 3, 'tenant_id', '', 'int', 0, 0, 0, 0, 0, 0, '=', 'input', '', 1744283726, 1744284156);
INSERT INTO `t_generate_column` (`id`, `table_id`, `column_name`, `column_comment`, `column_type`, `is_required`, `is_pk`, `is_insert`, `is_update`, `is_lists`, `is_query`, `query_type`, `view_type`, `dict_type`, `create_time`, `update_time`) VALUES (49, 3, 'chapter_uid', '试题章节', 'string', 0, 0, 1, 1, 1, 0, '=', 'input', '', 1744283726, 1744284156);
INSERT INTO `t_generate_column` (`id`, `table_id`, `column_name`, `column_comment`, `column_type`, `is_required`, `is_pk`, `is_insert`, `is_update`, `is_lists`, `is_query`, `query_type`, `view_type`, `dict_type`, `create_time`, `update_time`) VALUES (50, 4, 'id', '', 'int', 0, 1, 0, 0, 0, 0, '=', 'input', '', 1744444265, 1744444430);
INSERT INTO `t_generate_column` (`id`, `table_id`, `column_name`, `column_comment`, `column_type`, `is_required`, `is_pk`, `is_insert`, `is_update`, `is_lists`, `is_query`, `query_type`, `view_type`, `dict_type`, `create_time`, `update_time`) VALUES (51, 4, 'uid', '章节编号', 'string', 0, 0, 0, 0, 1, 0, '=', 'input', '', 1744444265, 1744444430);
INSERT INTO `t_generate_column` (`id`, `table_id`, `column_name`, `column_comment`, `column_type`, `is_required`, `is_pk`, `is_insert`, `is_update`, `is_lists`, `is_query`, `query_type`, `view_type`, `dict_type`, `create_time`, `update_time`) VALUES (52, 4, 'title', '章节名称', 'string', 1, 0, 1, 1, 1, 1, 'like', 'input', '', 1744444265, 1744444430);
INSERT INTO `t_generate_column` (`id`, `table_id`, `column_name`, `column_comment`, `column_type`, `is_required`, `is_pk`, `is_insert`, `is_update`, `is_lists`, `is_query`, `query_type`, `view_type`, `dict_type`, `create_time`, `update_time`) VALUES (53, 4, 'is_show', '显示状态', 'int', 1, 0, 1, 1, 1, 1, '=', 'radio', 'show_status', 1744444265, 1744444430);
INSERT INTO `t_generate_column` (`id`, `table_id`, `column_name`, `column_comment`, `column_type`, `is_required`, `is_pk`, `is_insert`, `is_update`, `is_lists`, `is_query`, `query_type`, `view_type`, `dict_type`, `create_time`, `update_time`) VALUES (54, 4, 'sort', '显示权重', 'int', 1, 0, 1, 1, 1, 0, '=', 'input', '', 1744444265, 1744444430);
INSERT INTO `t_generate_column` (`id`, `table_id`, `column_name`, `column_comment`, `column_type`, `is_required`, `is_pk`, `is_insert`, `is_update`, `is_lists`, `is_query`, `query_type`, `view_type`, `dict_type`, `create_time`, `update_time`) VALUES (55, 4, 'parent_uid', '上级章节', 'string', 0, 0, 1, 1, 1, 0, '=', 'input', '', 1744444265, 1744444430);
INSERT INTO `t_generate_column` (`id`, `table_id`, `column_name`, `column_comment`, `column_type`, `is_required`, `is_pk`, `is_insert`, `is_update`, `is_lists`, `is_query`, `query_type`, `view_type`, `dict_type`, `create_time`, `update_time`) VALUES (56, 4, 'create_time', '创建时间', 'int', 0, 0, 0, 0, 1, 0, '=', 'input', '', 1744444265, 1744444430);
INSERT INTO `t_generate_column` (`id`, `table_id`, `column_name`, `column_comment`, `column_type`, `is_required`, `is_pk`, `is_insert`, `is_update`, `is_lists`, `is_query`, `query_type`, `view_type`, `dict_type`, `create_time`, `update_time`) VALUES (57, 4, 'update_time', '更新时间', 'int', 0, 0, 0, 0, 1, 0, '=', 'input', '', 1744444265, 1744444430);
INSERT INTO `t_generate_column` (`id`, `table_id`, `column_name`, `column_comment`, `column_type`, `is_required`, `is_pk`, `is_insert`, `is_update`, `is_lists`, `is_query`, `query_type`, `view_type`, `dict_type`, `create_time`, `update_time`) VALUES (58, 4, 'delete_time', '', 'int', 0, 0, 0, 0, 0, 0, '=', 'input', '', 1744444265, 1744444430);
INSERT INTO `t_generate_column` (`id`, `table_id`, `column_name`, `column_comment`, `column_type`, `is_required`, `is_pk`, `is_insert`, `is_update`, `is_lists`, `is_query`, `query_type`, `view_type`, `dict_type`, `create_time`, `update_time`) VALUES (59, 4, 'tenant_id', '', 'int', 0, 0, 0, 0, 0, 0, '=', 'input', '', 1744444265, 1744444430);
INSERT INTO `t_generate_column` (`id`, `table_id`, `column_name`, `column_comment`, `column_type`, `is_required`, `is_pk`, `is_insert`, `is_update`, `is_lists`, `is_query`, `query_type`, `view_type`, `dict_type`, `create_time`, `update_time`) VALUES (60, 5, 'id', '', 'int', 0, 1, 0, 0, 1, 0, '=', 'input', '', 1744551173, 1744551734);
INSERT INTO `t_generate_column` (`id`, `table_id`, `column_name`, `column_comment`, `column_type`, `is_required`, `is_pk`, `is_insert`, `is_update`, `is_lists`, `is_query`, `query_type`, `view_type`, `dict_type`, `create_time`, `update_time`) VALUES (61, 5, 'uid', '', 'string', 0, 0, 0, 0, 0, 0, '=', 'input', '', 1744551173, 1744551734);
INSERT INTO `t_generate_column` (`id`, `table_id`, `column_name`, `column_comment`, `column_type`, `is_required`, `is_pk`, `is_insert`, `is_update`, `is_lists`, `is_query`, `query_type`, `view_type`, `dict_type`, `create_time`, `update_time`) VALUES (62, 5, 'title', '考试名称', 'string', 1, 0, 1, 1, 1, 1, 'like', 'input', '', 1744551173, 1744551734);
INSERT INTO `t_generate_column` (`id`, `table_id`, `column_name`, `column_comment`, `column_type`, `is_required`, `is_pk`, `is_insert`, `is_update`, `is_lists`, `is_query`, `query_type`, `view_type`, `dict_type`, `create_time`, `update_time`) VALUES (63, 5, 'score', '及格分数', 'float', 1, 0, 1, 1, 1, 0, '=', 'input', '', 1744551173, 1744551734);
INSERT INTO `t_generate_column` (`id`, `table_id`, `column_name`, `column_comment`, `column_type`, `is_required`, `is_pk`, `is_insert`, `is_update`, `is_lists`, `is_query`, `query_type`, `view_type`, `dict_type`, `create_time`, `update_time`) VALUES (64, 5, 'content', '考试说明', 'string', 1, 0, 1, 1, 0, 0, '=', 'editor', '', 1744551173, 1744551734);
INSERT INTO `t_generate_column` (`id`, `table_id`, `column_name`, `column_comment`, `column_type`, `is_required`, `is_pk`, `is_insert`, `is_update`, `is_lists`, `is_query`, `query_type`, `view_type`, `dict_type`, `create_time`, `update_time`) VALUES (65, 5, 'sort', '显示权重', 'int', 1, 0, 1, 1, 1, 0, '=', 'input', '', 1744551173, 1744551734);
INSERT INTO `t_generate_column` (`id`, `table_id`, `column_name`, `column_comment`, `column_type`, `is_required`, `is_pk`, `is_insert`, `is_update`, `is_lists`, `is_query`, `query_type`, `view_type`, `dict_type`, `create_time`, `update_time`) VALUES (66, 5, 'is_show', '发布状态', 'int', 1, 0, 1, 1, 1, 1, '=', 'checkbox', 'show_status', 1744551173, 1744551734);
INSERT INTO `t_generate_column` (`id`, `table_id`, `column_name`, `column_comment`, `column_type`, `is_required`, `is_pk`, `is_insert`, `is_update`, `is_lists`, `is_query`, `query_type`, `view_type`, `dict_type`, `create_time`, `update_time`) VALUES (67, 5, 'create_time', '创建时间', 'int', 0, 0, 0, 0, 1, 0, '=', 'input', '', 1744551173, 1744551734);
INSERT INTO `t_generate_column` (`id`, `table_id`, `column_name`, `column_comment`, `column_type`, `is_required`, `is_pk`, `is_insert`, `is_update`, `is_lists`, `is_query`, `query_type`, `view_type`, `dict_type`, `create_time`, `update_time`) VALUES (68, 5, 'update_time', '更新时间', 'int', 0, 0, 0, 0, 0, 0, '=', 'input', '', 1744551173, 1744551734);
INSERT INTO `t_generate_column` (`id`, `table_id`, `column_name`, `column_comment`, `column_type`, `is_required`, `is_pk`, `is_insert`, `is_update`, `is_lists`, `is_query`, `query_type`, `view_type`, `dict_type`, `create_time`, `update_time`) VALUES (69, 5, 'delete_time', '', 'int', 0, 0, 0, 0, 0, 0, '=', 'input', '', 1744551173, 1744551734);
INSERT INTO `t_generate_column` (`id`, `table_id`, `column_name`, `column_comment`, `column_type`, `is_required`, `is_pk`, `is_insert`, `is_update`, `is_lists`, `is_query`, `query_type`, `view_type`, `dict_type`, `create_time`, `update_time`) VALUES (70, 5, 'admin_id', '', 'int', 1, 0, 1, 1, 1, 1, '=', 'input', '', 1744551173, 1744551734);
INSERT INTO `t_generate_column` (`id`, `table_id`, `column_name`, `column_comment`, `column_type`, `is_required`, `is_pk`, `is_insert`, `is_update`, `is_lists`, `is_query`, `query_type`, `view_type`, `dict_type`, `create_time`, `update_time`) VALUES (71, 5, 'tenant_id', '', 'int', 1, 0, 1, 1, 1, 1, '=', 'input', '', 1744551173, 1744551734);
INSERT INTO `t_generate_column` (`id`, `table_id`, `column_name`, `column_comment`, `column_type`, `is_required`, `is_pk`, `is_insert`, `is_update`, `is_lists`, `is_query`, `query_type`, `view_type`, `dict_type`, `create_time`, `update_time`) VALUES (72, 5, 'start_time', '开始时间', 'datetime', 1, 0, 1, 1, 1, 1, '=', 'input', '', 1744551173, 1744551734);
INSERT INTO `t_generate_column` (`id`, `table_id`, `column_name`, `column_comment`, `column_type`, `is_required`, `is_pk`, `is_insert`, `is_update`, `is_lists`, `is_query`, `query_type`, `view_type`, `dict_type`, `create_time`, `update_time`) VALUES (73, 5, 'end_time', '结束时间', 'datetime', 1, 0, 1, 1, 1, 1, '=', 'input', '', 1744551173, 1744551734);
INSERT INTO `t_generate_column` (`id`, `table_id`, `column_name`, `column_comment`, `column_type`, `is_required`, `is_pk`, `is_insert`, `is_update`, `is_lists`, `is_query`, `query_type`, `view_type`, `dict_type`, `create_time`, `update_time`) VALUES (74, 5, 'privilege', '考试权限', 'int', 1, 0, 1, 1, 1, 1, '=', 'radio', 'exam_privilege', 1744551173, 1744551734);
INSERT INTO `t_generate_column` (`id`, `table_id`, `column_name`, `column_comment`, `column_type`, `is_required`, `is_pk`, `is_insert`, `is_update`, `is_lists`, `is_query`, `query_type`, `view_type`, `dict_type`, `create_time`, `update_time`) VALUES (75, 5, 'exam_time', '考试时间', 'string', 1, 0, 1, 1, 1, 1, '=', 'input', '', 1744551173, 1744551734);
INSERT INTO `t_generate_column` (`id`, `table_id`, `column_name`, `column_comment`, `column_type`, `is_required`, `is_pk`, `is_insert`, `is_update`, `is_lists`, `is_query`, `query_type`, `view_type`, `dict_type`, `create_time`, `update_time`) VALUES (76, 5, 'submit_count_type', '答题类型', 'int', 1, 0, 1, 1, 1, 1, '=', 'input', '', 1744551173, 1744551734);
INSERT INTO `t_generate_column` (`id`, `table_id`, `column_name`, `column_comment`, `column_type`, `is_required`, `is_pk`, `is_insert`, `is_update`, `is_lists`, `is_query`, `query_type`, `view_type`, `dict_type`, `create_time`, `update_time`) VALUES (77, 5, 'submit_count_value', '', 'int', 0, 0, 0, 0, 0, 0, '=', 'input', '', 1744551173, 1744551734);
INSERT INTO `t_generate_column` (`id`, `table_id`, `column_name`, `column_comment`, `column_type`, `is_required`, `is_pk`, `is_insert`, `is_update`, `is_lists`, `is_query`, `query_type`, `view_type`, `dict_type`, `create_time`, `update_time`) VALUES (78, 5, 'login_style', '登录方式', 'int', 1, 0, 1, 1, 1, 1, '=', 'radio', 'exam_login_style', 1744551173, 1744551734);
INSERT INTO `t_generate_column` (`id`, `table_id`, `column_name`, `column_comment`, `column_type`, `is_required`, `is_pk`, `is_insert`, `is_update`, `is_lists`, `is_query`, `query_type`, `view_type`, `dict_type`, `create_time`, `update_time`) VALUES (79, 6, 'id', '', 'int', 0, 1, 0, 0, 0, 0, '=', 'input', '', 1746031402, 1746031613);
INSERT INTO `t_generate_column` (`id`, `table_id`, `column_name`, `column_comment`, `column_type`, `is_required`, `is_pk`, `is_insert`, `is_update`, `is_lists`, `is_query`, `query_type`, `view_type`, `dict_type`, `create_time`, `update_time`) VALUES (80, 6, 'uid', '数据标识', 'string', 0, 0, 0, 0, 0, 0, '=', 'input', '', 1746031402, 1746031613);
INSERT INTO `t_generate_column` (`id`, `table_id`, `column_name`, `column_comment`, `column_type`, `is_required`, `is_pk`, `is_insert`, `is_update`, `is_lists`, `is_query`, `query_type`, `view_type`, `dict_type`, `create_time`, `update_time`) VALUES (81, 6, 'title', '图片标题', 'string', 1, 0, 1, 1, 1, 1, 'like', 'input', '', 1746031402, 1746031613);
INSERT INTO `t_generate_column` (`id`, `table_id`, `column_name`, `column_comment`, `column_type`, `is_required`, `is_pk`, `is_insert`, `is_update`, `is_lists`, `is_query`, `query_type`, `view_type`, `dict_type`, `create_time`, `update_time`) VALUES (82, 6, 'is_show', '显示状态', 'int', 1, 0, 1, 1, 1, 1, '=', 'radio', 'show_status', 1746031402, 1746031613);
INSERT INTO `t_generate_column` (`id`, `table_id`, `column_name`, `column_comment`, `column_type`, `is_required`, `is_pk`, `is_insert`, `is_update`, `is_lists`, `is_query`, `query_type`, `view_type`, `dict_type`, `create_time`, `update_time`) VALUES (83, 6, 'sort', '显示权重', 'int', 1, 0, 1, 1, 1, 1, '=', 'input', '', 1746031402, 1746031613);
INSERT INTO `t_generate_column` (`id`, `table_id`, `column_name`, `column_comment`, `column_type`, `is_required`, `is_pk`, `is_insert`, `is_update`, `is_lists`, `is_query`, `query_type`, `view_type`, `dict_type`, `create_time`, `update_time`) VALUES (84, 6, 'create_time', '创建时间', 'int', 0, 0, 0, 0, 1, 0, '=', 'input', '', 1746031402, 1746031613);
INSERT INTO `t_generate_column` (`id`, `table_id`, `column_name`, `column_comment`, `column_type`, `is_required`, `is_pk`, `is_insert`, `is_update`, `is_lists`, `is_query`, `query_type`, `view_type`, `dict_type`, `create_time`, `update_time`) VALUES (85, 6, 'update_time', '显示时间', 'int', 0, 0, 0, 0, 1, 0, '=', 'input', '', 1746031402, 1746031613);
INSERT INTO `t_generate_column` (`id`, `table_id`, `column_name`, `column_comment`, `column_type`, `is_required`, `is_pk`, `is_insert`, `is_update`, `is_lists`, `is_query`, `query_type`, `view_type`, `dict_type`, `create_time`, `update_time`) VALUES (86, 6, 'delete_time', '', 'int', 0, 0, 0, 0, 0, 0, '=', 'input', '', 1746031402, 1746031613);
INSERT INTO `t_generate_column` (`id`, `table_id`, `column_name`, `column_comment`, `column_type`, `is_required`, `is_pk`, `is_insert`, `is_update`, `is_lists`, `is_query`, `query_type`, `view_type`, `dict_type`, `create_time`, `update_time`) VALUES (87, 6, 'tenant_id', '', 'int', 0, 0, 0, 0, 0, 0, '=', 'input', '', 1746031402, 1746031613);
INSERT INTO `t_generate_column` (`id`, `table_id`, `column_name`, `column_comment`, `column_type`, `is_required`, `is_pk`, `is_insert`, `is_update`, `is_lists`, `is_query`, `query_type`, `view_type`, `dict_type`, `create_time`, `update_time`) VALUES (88, 6, 'position', '显示位置', 'string', 1, 0, 1, 1, 1, 1, '=', 'select', 'banner_position', 1746031402, 1746031613);
INSERT INTO `t_generate_column` (`id`, `table_id`, `column_name`, `column_comment`, `column_type`, `is_required`, `is_pk`, `is_insert`, `is_update`, `is_lists`, `is_query`, `query_type`, `view_type`, `dict_type`, `create_time`, `update_time`) VALUES (89, 6, 'client', '显示平台', 'string', 1, 0, 1, 1, 1, 1, '=', 'select', 'client', 1746031402, 1746031613);
INSERT INTO `t_generate_column` (`id`, `table_id`, `column_name`, `column_comment`, `column_type`, `is_required`, `is_pk`, `is_insert`, `is_update`, `is_lists`, `is_query`, `query_type`, `view_type`, `dict_type`, `create_time`, `update_time`) VALUES (90, 6, 'image', '封面图片', 'string', 0, 0, 1, 1, 1, 1, '=', 'imageSelect', '', 1746031402, 1746031613);
COMMIT;

-- ----------------------------
-- Table structure for t_generate_table
-- ----------------------------
DROP TABLE IF EXISTS `t_generate_table`;
CREATE TABLE `t_generate_table` (
  `id` int(11) NOT NULL AUTO_INCREMENT COMMENT 'id',
  `table_name` varchar(200) CHARACTER SET utf8mb4 COLLATE utf8mb4_general_ci NOT NULL DEFAULT '' COMMENT '表名称',
  `table_comment` varchar(300) CHARACTER SET utf8mb4 COLLATE utf8mb4_general_ci NOT NULL DEFAULT '' COMMENT '表描述',
  `template_type` tinyint(1) NOT NULL DEFAULT '0' COMMENT '模板类型 0-单表(curd) 1-树表(curd)',
  `author` varchar(100) CHARACTER SET utf8mb4 COLLATE utf8mb4_general_ci DEFAULT '' COMMENT '作者',
  `remark` varchar(255) CHARACTER SET utf8mb4 COLLATE utf8mb4_general_ci DEFAULT '' COMMENT '备注',
  `generate_type` tinyint(1) NOT NULL DEFAULT '0' COMMENT '生成方式  0-压缩包下载 1-生成到模块',
  `module_name` varchar(100) CHARACTER SET utf8mb4 COLLATE utf8mb4_general_ci DEFAULT '' COMMENT '模块名',
  `class_dir` varchar(100) CHARACTER SET utf8mb4 COLLATE utf8mb4_general_ci DEFAULT '' COMMENT '类目录名',
  `class_comment` varchar(100) CHARACTER SET utf8mb4 COLLATE utf8mb4_general_ci DEFAULT '' COMMENT '类描述',
  `admin_id` int(11) DEFAULT '0' COMMENT '管理员id',
  `menu` text CHARACTER SET utf8mb4 COLLATE utf8mb4_general_ci COMMENT '菜单配置',
  `delete` text CHARACTER SET utf8mb4 COLLATE utf8mb4_general_ci COMMENT '删除配置',
  `tree` text CHARACTER SET utf8mb4 COLLATE utf8mb4_general_ci COMMENT '树表配置',
  `relations` text CHARACTER SET utf8mb4 COLLATE utf8mb4_general_ci COMMENT '关联配置',
  `create_time` int(10) NOT NULL COMMENT '创建时间',
  `update_time` int(10) DEFAULT NULL COMMENT '修改时间',
  PRIMARY KEY (`id`) USING BTREE
) ENGINE=InnoDB AUTO_INCREMENT=7 DEFAULT CHARSET=utf8mb4 COLLATE=utf8mb4_general_ci ROW_FORMAT=DYNAMIC COMMENT='代码生成表信息表';

-- ----------------------------
-- Records of t_generate_table
-- ----------------------------
BEGIN;
INSERT INTO `t_generate_table` (`id`, `table_name`, `table_comment`, `template_type`, `author`, `remark`, `generate_type`, `module_name`, `class_dir`, `class_comment`, `admin_id`, `menu`, `delete`, `tree`, `relations`, `create_time`, `update_time`) VALUES (1, 't_exam_category', '试题分类', 0, '', '', 1, 'platform', 'exam', '题库分类', 1, '{\"pid\":170,\"type\":1,\"name\":\"\\u8bd5\\u9898\\u5206\\u7c7b\"}', '{\"type\":1,\"name\":\"delete_time\"}', '{\"tree_id\":\"\",\"tree_pid\":\"\",\"tree_name\":\"\"}', '[]', 1743424926, 1743443470);
INSERT INTO `t_generate_table` (`id`, `table_name`, `table_comment`, `template_type`, `author`, `remark`, `generate_type`, `module_name`, `class_dir`, `class_comment`, `admin_id`, `menu`, `delete`, `tree`, `relations`, `create_time`, `update_time`) VALUES (2, 't_tenant_exam_library', '题库管理', 0, '', '', 1, 'platform', 'exam', '题库管理', 1, '{\"pid\":0,\"type\":1,\"name\":\"\\u9898\\u5e93\"}', '{\"type\":1,\"name\":\"delete_time\"}', '{\"tree_id\":\"\",\"tree_pid\":\"\",\"tree_name\":\"\"}', '[]', 1743452586, 1743453191);
INSERT INTO `t_generate_table` (`id`, `table_name`, `table_comment`, `template_type`, `author`, `remark`, `generate_type`, `module_name`, `class_dir`, `class_comment`, `admin_id`, `menu`, `delete`, `tree`, `relations`, `create_time`, `update_time`) VALUES (3, 't_tenant_exam_question', '题库试题', 0, '', '', 1, 'platform', 'exam', '试题管理', 1, '{\"pid\":5,\"type\":1,\"name\":\"\\u9898\\u5e93\\u8bd5\\u9898\"}', '{\"type\":1,\"name\":\"delete_time\"}', '{\"tree_id\":\"\",\"tree_pid\":\"\",\"tree_name\":\"\"}', '[]', 1744283726, 1744284155);
INSERT INTO `t_generate_table` (`id`, `table_name`, `table_comment`, `template_type`, `author`, `remark`, `generate_type`, `module_name`, `class_dir`, `class_comment`, `admin_id`, `menu`, `delete`, `tree`, `relations`, `create_time`, `update_time`) VALUES (4, 't_tenant_exam_chapter', '题库章节', 0, '', '', 1, 'platform', 'exam', '题库章节', 1, '{\"pid\":0,\"type\":1,\"name\":\"\\u9898\\u5e93\\u7ae0\\u8282\"}', '{\"type\":1,\"name\":\"delete_time\"}', '{\"tree_id\":\"\",\"tree_pid\":\"\",\"tree_name\":\"\"}', '[]', 1744444265, 1744444430);
INSERT INTO `t_generate_table` (`id`, `table_name`, `table_comment`, `template_type`, `author`, `remark`, `generate_type`, `module_name`, `class_dir`, `class_comment`, `admin_id`, `menu`, `delete`, `tree`, `relations`, `create_time`, `update_time`) VALUES (5, 't_tenant_exam_examination', '考试管理', 0, '', '', 1, 'platform', 'exam', '考试管理', 1, '{\"pid\":0,\"type\":1,\"name\":\"\\u8003\\u8bd5\\u7ba1\\u7406\"}', '{\"type\":1,\"name\":\"delete_time\"}', '{\"tree_id\":\"\",\"tree_pid\":\"\",\"tree_name\":\"\"}', '[]', 1744551173, 1744551734);
INSERT INTO `t_generate_table` (`id`, `table_name`, `table_comment`, `template_type`, `author`, `remark`, `generate_type`, `module_name`, `class_dir`, `class_comment`, `admin_id`, `menu`, `delete`, `tree`, `relations`, `create_time`, `update_time`) VALUES (6, 't_tenant_banner', '轮播图管理', 0, '', '', 1, 'platform', 'config', '轮播图管理', 1, '{\"pid\":0,\"type\":1,\"name\":\"\\u8f6e\\u64ad\\u56fe\\u7ba1\\u7406\"}', '{\"type\":1,\"name\":\"delete_time\"}', '{\"tree_id\":\"\",\"tree_pid\":\"\",\"tree_name\":\"\"}', '[]', 1746031402, 1746031612);
COMMIT;

-- ----------------------------
-- Table structure for t_hot_search
-- ----------------------------
DROP TABLE IF EXISTS `t_hot_search`;
CREATE TABLE `t_hot_search` (
  `id` int(10) unsigned NOT NULL AUTO_INCREMENT COMMENT '主键',
  `tenant_id` int(11) NOT NULL COMMENT '租户ID',
  `name` varchar(200) CHARACTER SET utf8mb4 COLLATE utf8mb4_general_ci NOT NULL DEFAULT '' COMMENT '关键词',
  `sort` smallint(5) unsigned NOT NULL DEFAULT '0' COMMENT '排序号',
  `create_time` int(10) DEFAULT NULL COMMENT '创建时间',
  PRIMARY KEY (`id`) USING BTREE
) ENGINE=InnoDB AUTO_INCREMENT=7 DEFAULT CHARSET=utf8mb4 COLLATE=utf8mb4_general_ci ROW_FORMAT=DYNAMIC COMMENT='热门搜索表';

-- ----------------------------
-- Records of t_hot_search
-- ----------------------------
BEGIN;
INSERT INTO `t_hot_search` (`id`, `tenant_id`, `name`, `sort`, `create_time`) VALUES (4, 1, '面试题', 0, 1746199497);
INSERT INTO `t_hot_search` (`id`, `tenant_id`, `name`, `sort`, `create_time`) VALUES (5, 1, '高考', 0, 1746199497);
INSERT INTO `t_hot_search` (`id`, `tenant_id`, `name`, `sort`, `create_time`) VALUES (6, 1, '考研', 0, 1746199497);
COMMIT;

-- ----------------------------
-- Table structure for t_jobs
-- ----------------------------
DROP TABLE IF EXISTS `t_jobs`;
CREATE TABLE `t_jobs` (
  `id` int(11) NOT NULL AUTO_INCREMENT COMMENT 'id',
  `name` varchar(50) CHARACTER SET utf8mb4 COLLATE utf8mb4_general_ci NOT NULL COMMENT '岗位名称',
  `code` varchar(64) CHARACTER SET utf8mb4 COLLATE utf8mb4_general_ci NOT NULL COMMENT '岗位编码',
  `sort` int(11) DEFAULT '0' COMMENT '显示顺序',
  `status` tinyint(1) NOT NULL DEFAULT '0' COMMENT '状态（0停用 1正常）',
  `remark` varchar(500) CHARACTER SET utf8mb4 COLLATE utf8mb4_general_ci DEFAULT NULL COMMENT '备注',
  `create_time` int(10) NOT NULL COMMENT '创建时间',
  `update_time` int(10) DEFAULT NULL COMMENT '修改时间',
  `delete_time` int(10) DEFAULT NULL COMMENT '删除时间',
  PRIMARY KEY (`id`) USING BTREE
) ENGINE=InnoDB DEFAULT CHARSET=utf8mb4 COLLATE=utf8mb4_general_ci ROW_FORMAT=DYNAMIC COMMENT='岗位表';

-- ----------------------------
-- Records of t_jobs
-- ----------------------------
BEGIN;
COMMIT;

-- ----------------------------
-- Table structure for t_notice_record
-- ----------------------------
DROP TABLE IF EXISTS `t_notice_record`;
CREATE TABLE `t_notice_record` (
  `id` int(10) unsigned NOT NULL AUTO_INCREMENT COMMENT 'ID',
  `user_id` int(10) unsigned NOT NULL COMMENT '用户id',
  `title` varchar(50) CHARACTER SET utf8mb4 COLLATE utf8mb4_general_ci NOT NULL DEFAULT '' COMMENT '标题',
  `content` text CHARACTER SET utf8mb4 COLLATE utf8mb4_general_ci NOT NULL COMMENT '内容',
  `scene_id` int(10) unsigned DEFAULT '0' COMMENT '场景',
  `read` tinyint(1) DEFAULT '0' COMMENT '已读状态;0-未读,1-已读',
  `recipient` tinyint(1) DEFAULT '0' COMMENT '通知接收对象类型;1-会员;2-商家;3-平台;4-游客(未注册用户)',
  `send_type` tinyint(1) DEFAULT '0' COMMENT '通知发送类型 1-系统通知 2-短信通知 3-微信模板 4-微信小程序',
  `notice_type` tinyint(1) DEFAULT NULL COMMENT '通知类型 1-业务通知 2-验证码',
  `extra` varchar(255) CHARACTER SET utf8mb4 COLLATE utf8mb4_general_ci DEFAULT '' COMMENT '其他',
  `create_time` int(10) DEFAULT NULL COMMENT '创建时间',
  `update_time` int(10) DEFAULT NULL COMMENT '更新时间',
  `delete_time` int(10) DEFAULT NULL COMMENT '删除时间',
  PRIMARY KEY (`id`) USING BTREE
) ENGINE=InnoDB AUTO_INCREMENT=5 DEFAULT CHARSET=utf8mb4 COLLATE=utf8mb4_general_ci ROW_FORMAT=DYNAMIC COMMENT='通知记录表';

-- ----------------------------
-- Records of t_notice_record
-- ----------------------------
BEGIN;
INSERT INTO `t_notice_record` (`id`, `user_id`, `title`, `content`, `scene_id`, `read`, `recipient`, `send_type`, `notice_type`, `extra`, `create_time`, `update_time`, `delete_time`) VALUES (1, 0, '', '您正在登录，验证码8141，切勿将验证码泄露于他人，本条验证码有效期5分钟。', 101, 0, 1, 2, 2, '', 1746117083, 1746117083, NULL);
INSERT INTO `t_notice_record` (`id`, `user_id`, `title`, `content`, `scene_id`, `read`, `recipient`, `send_type`, `notice_type`, `extra`, `create_time`, `update_time`, `delete_time`) VALUES (2, 0, '', '您正在登录，验证码4898，切勿将验证码泄露于他人，本条验证码有效期5分钟。', 101, 0, 1, 2, 2, '', 1746119682, 1746119682, NULL);
INSERT INTO `t_notice_record` (`id`, `user_id`, `title`, `content`, `scene_id`, `read`, `recipient`, `send_type`, `notice_type`, `extra`, `create_time`, `update_time`, `delete_time`) VALUES (3, 0, '', '您正在登录，验证码9279，切勿将验证码泄露于他人，本条验证码有效期5分钟。', 101, 0, 1, 2, 2, '', 1746169775, 1746169775, NULL);
INSERT INTO `t_notice_record` (`id`, `user_id`, `title`, `content`, `scene_id`, `read`, `recipient`, `send_type`, `notice_type`, `extra`, `create_time`, `update_time`, `delete_time`) VALUES (4, 0, '', '您正在找回登录密码，验证码7368，切勿将验证码泄露于他人，本条验证码有效期5分钟。', 104, 0, 1, 2, 2, '', 1746170282, 1746170282, NULL);
COMMIT;

-- ----------------------------
-- Table structure for t_notice_setting
-- ----------------------------
DROP TABLE IF EXISTS `t_notice_setting`;
CREATE TABLE `t_notice_setting` (
  `id` int(11) NOT NULL AUTO_INCREMENT,
  `scene_id` int(10) NOT NULL COMMENT '场景id',
  `scene_name` varchar(255) CHARACTER SET utf8mb4 COLLATE utf8mb4_general_ci NOT NULL DEFAULT '' COMMENT '场景名称',
  `scene_desc` varchar(255) CHARACTER SET utf8mb4 COLLATE utf8mb4_general_ci NOT NULL DEFAULT '' COMMENT '场景描述',
  `recipient` tinyint(1) NOT NULL DEFAULT '1' COMMENT '接收者 1-用户 2-平台',
  `type` tinyint(1) NOT NULL DEFAULT '1' COMMENT '通知类型: 1-业务通知 2-验证码',
  `system_notice` text CHARACTER SET utf8mb4 COLLATE utf8mb4_general_ci COMMENT '系统通知设置',
  `sms_notice` text CHARACTER SET utf8mb4 COLLATE utf8mb4_general_ci COMMENT '短信通知设置',
  `oa_notice` text CHARACTER SET utf8mb4 COLLATE utf8mb4_general_ci COMMENT '公众号通知设置',
  `mnp_notice` text CHARACTER SET utf8mb4 COLLATE utf8mb4_general_ci COMMENT '小程序通知设置',
  `support` char(10) CHARACTER SET utf8mb4 COLLATE utf8mb4_general_ci NOT NULL DEFAULT '' COMMENT '支持的发送类型 1-系统通知 2-短信通知 3-微信模板消息 4-小程序提醒',
  `update_time` int(10) DEFAULT NULL COMMENT '更新时间',
  PRIMARY KEY (`id`) USING BTREE
) ENGINE=InnoDB AUTO_INCREMENT=5 DEFAULT CHARSET=utf8mb4 COLLATE=utf8mb4_general_ci ROW_FORMAT=DYNAMIC COMMENT='通知设置表';

-- ----------------------------
-- Records of t_notice_setting
-- ----------------------------
BEGIN;
INSERT INTO `t_notice_setting` (`id`, `scene_id`, `scene_name`, `scene_desc`, `recipient`, `type`, `system_notice`, `sms_notice`, `oa_notice`, `mnp_notice`, `support`, `update_time`) VALUES (1, 101, '登录验证码', '用户手机号码登录时发送', 1, 2, '{\"type\":\"system\",\"title\":\"\",\"content\":\"\",\"status\":\"0\",\"is_show\":\"\",\"tips\":[\"可选变量 验证码:code\"]}', '{\"type\":\"sms\",\"template_id\":\"SMS_123456\",\"content\":\"您正在登录，验证码${code}，切勿将验证码泄露于他人，本条验证码有效期5分钟。\",\"status\":\"1\",\"is_show\":\"1\"}', '{\"type\":\"oa\",\"template_id\":\"\",\"template_sn\":\"\",\"name\":\"\",\"first\":\"\",\"remark\":\"\",\"tpl\":[],\"status\":\"0\",\"is_show\":\"\",\"tips\":[\"可选变量 验证码:code\",\"配置路径：小程序后台 > 功能 > 订阅消息\"]}', '{\"type\":\"mnp\",\"template_id\":\"\",\"template_sn\":\"\",\"name\":\"\",\"tpl\":[],\"status\":\"0\",\"is_show\":\"\",\"tips\":[\"可选变量 验证码:code\",\"配置路径：小程序后台 > 功能 > 订阅消息\"]}', '2', NULL);
INSERT INTO `t_notice_setting` (`id`, `scene_id`, `scene_name`, `scene_desc`, `recipient`, `type`, `system_notice`, `sms_notice`, `oa_notice`, `mnp_notice`, `support`, `update_time`) VALUES (2, 102, '绑定手机验证码', '用户绑定手机号码时发送', 1, 2, '{\"type\":\"system\",\"title\":\"\",\"content\":\"\",\"status\":\"0\",\"is_show\":\"\"}', '{\"type\":\"sms\",\"template_id\":\"SMS_123456\",\"content\":\"您正在绑定手机号，验证码${code}，切勿将验证码泄露于他人，本条验证码有效期5分钟。\",\"status\":\"1\",\"is_show\":\"1\"}', '{\"type\":\"oa\",\"template_id\":\"\",\"template_sn\":\"\",\"name\":\"\",\"first\":\"\",\"remark\":\"\",\"tpl\":[],\"status\":\"0\",\"is_show\":\"\"}', '{\"type\":\"mnp\",\"template_id\":\"\",\"template_sn\":\"\",\"name\":\"\",\"tpl\":[],\"status\":\"0\",\"is_show\":\"\"}', '2', NULL);
INSERT INTO `t_notice_setting` (`id`, `scene_id`, `scene_name`, `scene_desc`, `recipient`, `type`, `system_notice`, `sms_notice`, `oa_notice`, `mnp_notice`, `support`, `update_time`) VALUES (3, 103, '变更手机验证码', '用户变更手机号码时发送', 1, 2, '{\"type\":\"system\",\"title\":\"\",\"content\":\"\",\"status\":\"0\",\"is_show\":\"\",\"tips\":[\"可选变量 验证码:code\"]}', '{\"type\":\"sms\",\"template_id\":\"SMS_123456\",\"content\":\"您正在变更手机号，验证码${code}，切勿将验证码泄露于他人，本条验证码有效期5分钟。\",\"status\":\"1\",\"is_show\":\"1\"}', '{\"type\":\"oa\",\"template_id\":\"\",\"template_sn\":\"\",\"name\":\"\",\"first\":\"\",\"remark\":\"\",\"tpl\":[],\"status\":\"0\",\"is_show\":\"\",\"tips\":[\"可选变量 验证码:code\",\"配置路径：小程序后台 > 功能 > 订阅消息\"]}', '{\"type\":\"mnp\",\"template_id\":\"\",\"template_sn\":\"\",\"name\":\"\",\"tpl\":[],\"status\":\"0\",\"is_show\":\"\",\"tips\":[\"可选变量 验证码:code\",\"配置路径：小程序后台 > 功能 > 订阅消息\"]}', '2', NULL);
INSERT INTO `t_notice_setting` (`id`, `scene_id`, `scene_name`, `scene_desc`, `recipient`, `type`, `system_notice`, `sms_notice`, `oa_notice`, `mnp_notice`, `support`, `update_time`) VALUES (4, 104, '找回登录密码验证码', '用户找回登录密码号码时发送', 1, 2, '{\"type\":\"system\",\"title\":\"\",\"content\":\"\",\"status\":\"0\",\"is_show\":\"\",\"tips\":[\"可选变量 验证码:code\"]}', '{\"type\":\"sms\",\"template_id\":\"SMS_123456\",\"content\":\"您正在找回登录密码，验证码${code}，切勿将验证码泄露于他人，本条验证码有效期5分钟。\",\"status\":\"0\",\"is_show\":\"1\",\"tips\":[\"可选变量 验证码:code\",\"示例：您正在找回登录密码，验证码${code}，切勿将验证码泄露于他人，本条验证码有效期5分钟。\",\"生效条件：1、管理后台完成短信设置。 2、第三方短信平台申请模板。\"]}', '{\"type\":\"oa\",\"template_id\":\"\",\"template_sn\":\"\",\"name\":\"\",\"first\":\"\",\"remark\":\"\",\"tpl\":[],\"status\":\"0\",\"is_show\":\"\",\"tips\":[\"可选变量 验证码:code\",\"配置路径：小程序后台 > 功能 > 订阅消息\"]}', '{\"type\":\"mnp\",\"template_id\":\"\",\"template_sn\":\"\",\"name\":\"\",\"tpl\":[],\"status\":\"0\",\"is_show\":\"\",\"tips\":[\"可选变量 验证码:code\",\"配置路径：小程序后台 > 功能 > 订阅消息\"]}', '2', NULL);
COMMIT;

-- ----------------------------
-- Table structure for t_official_account_reply
-- ----------------------------
DROP TABLE IF EXISTS `t_official_account_reply`;
CREATE TABLE `t_official_account_reply` (
  `id` int(11) unsigned NOT NULL AUTO_INCREMENT,
  `tenant_id` int(11) NOT NULL COMMENT '租户ID',
  `name` varchar(64) CHARACTER SET utf8mb4 COLLATE utf8mb4_general_ci NOT NULL DEFAULT '' COMMENT '规则名称',
  `keyword` varchar(64) CHARACTER SET utf8mb4 COLLATE utf8mb4_general_ci NOT NULL DEFAULT '' COMMENT '关键词',
  `reply_type` tinyint(1) NOT NULL COMMENT '回复类型 1-关注回复 2-关键字回复 3-默认回复',
  `matching_type` tinyint(1) unsigned NOT NULL DEFAULT '1' COMMENT '匹配方式：1-全匹配；2-模糊匹配',
  `content_type` tinyint(1) unsigned NOT NULL DEFAULT '1' COMMENT '内容类型：1-文本',
  `content` text CHARACTER SET utf8mb4 COLLATE utf8mb4_general_ci NOT NULL COMMENT '回复内容',
  `status` tinyint(1) unsigned NOT NULL DEFAULT '0' COMMENT '启动状态：1-启动；0-关闭',
  `sort` int(11) unsigned NOT NULL DEFAULT '50' COMMENT '排序',
  `create_time` int(10) DEFAULT NULL COMMENT '创建时间',
  `update_time` int(10) DEFAULT NULL COMMENT '更新时间',
  `delete_time` int(10) DEFAULT NULL COMMENT '删除时间',
  PRIMARY KEY (`id`) USING BTREE
) ENGINE=InnoDB DEFAULT CHARSET=utf8mb4 COLLATE=utf8mb4_general_ci ROW_FORMAT=DYNAMIC COMMENT='公众号消息回调表';

-- ----------------------------
-- Records of t_official_account_reply
-- ----------------------------
BEGIN;
COMMIT;

-- ----------------------------
-- Table structure for t_operation_log
-- ----------------------------
DROP TABLE IF EXISTS `t_operation_log`;
CREATE TABLE `t_operation_log` (
  `id` int(11) NOT NULL AUTO_INCREMENT,
  `admin_id` int(11) NOT NULL COMMENT '管理员ID',
  `admin_name` varchar(16) CHARACTER SET utf8mb4 COLLATE utf8mb4_general_ci NOT NULL DEFAULT '' COMMENT '管理员名称',
  `account` varchar(16) CHARACTER SET utf8mb4 COLLATE utf8mb4_general_ci NOT NULL DEFAULT '' COMMENT '管理员账号',
  `action` varchar(64) CHARACTER SET utf8mb4 COLLATE utf8mb4_general_ci DEFAULT '' COMMENT '操作名称',
  `type` varchar(8) CHARACTER SET utf8mb4 COLLATE utf8mb4_general_ci NOT NULL COMMENT '请求方式',
  `url` varchar(600) CHARACTER SET utf8mb4 COLLATE utf8mb4_general_ci NOT NULL COMMENT '访问链接',
  `params` text CHARACTER SET utf8mb4 COLLATE utf8mb4_general_ci COMMENT '请求数据',
  `result` text CHARACTER SET utf8mb4 COLLATE utf8mb4_general_ci COMMENT '请求结果',
  `ip` varchar(39) CHARACTER SET utf8mb4 COLLATE utf8mb4_general_ci NOT NULL DEFAULT '' COMMENT 'ip地址',
  `create_time` int(10) DEFAULT NULL COMMENT '创建时间',
  PRIMARY KEY (`id`) USING BTREE
) ENGINE=InnoDB AUTO_INCREMENT=4742 DEFAULT CHARSET=utf8mb4 COLLATE=utf8mb4_general_ci ROW_FORMAT=DYNAMIC COMMENT='系统日志表';

-- ----------------------------
-- Records of t_operation_log
-- ----------------------------

-- ----------------------------
-- Table structure for t_pay_config
-- ----------------------------
DROP TABLE IF EXISTS `t_pay_config`;
CREATE TABLE `t_pay_config` (
  `id` int(11) unsigned NOT NULL AUTO_INCREMENT,
  `name` varchar(32) CHARACTER SET utf8mb4 COLLATE utf8mb4_general_ci NOT NULL DEFAULT '' COMMENT '模版名称',
  `pay_way` tinyint(1) NOT NULL COMMENT '支付方式:1-余额支付;2-微信支付;3-支付宝支付;',
  `config` text CHARACTER SET utf8mb4 COLLATE utf8mb4_general_ci COMMENT '对应支付配置(json字符串)',
  `icon` varchar(255) CHARACTER SET utf8mb4 COLLATE utf8mb4_general_ci DEFAULT NULL COMMENT '图标',
  `sort` int(5) DEFAULT NULL COMMENT '排序',
  `remark` varchar(255) CHARACTER SET utf8mb4 COLLATE utf8mb4_general_ci DEFAULT NULL COMMENT '备注',
  PRIMARY KEY (`id`) USING BTREE
) ENGINE=InnoDB AUTO_INCREMENT=4 DEFAULT CHARSET=utf8mb4 COLLATE=utf8mb4_general_ci ROW_FORMAT=DYNAMIC COMMENT='支付配置表';

-- ----------------------------
-- Records of t_pay_config
-- ----------------------------
BEGIN;
INSERT INTO `t_pay_config` (`id`, `name`, `pay_way`, `config`, `icon`, `sort`, `remark`) VALUES (1, '余额支付', 1, '', 'resource/image/common/balance_pay.png', 128, '余额支付备注');
INSERT INTO `t_pay_config` (`id`, `name`, `pay_way`, `config`, `icon`, `sort`, `remark`) VALUES (2, '微信支付', 2, '{\"interface_version\":\"v3\",\"merchant_type\":\"ordinary_merchant\",\"mch_id\":\"\",\"pay_sign_key\":\"\",\"apiclient_cert\":\"\",\"apiclient_key\":\"\"}', '/resource/image/common/wechat_pay.png', 123, '微信支付备注');
INSERT INTO `t_pay_config` (`id`, `name`, `pay_way`, `config`, `icon`, `sort`, `remark`) VALUES (3, '支付宝支付', 3, '{\"mode\":\"normal_mode\",\"merchant_type\":\"ordinary_merchant\",\"app_id\":\"\",\"private_key\":\"\",\"ali_public_key\":\"\"}', '/resource/image/common/ali_pay.png', 123, '支付宝支付');
COMMIT;

-- ----------------------------
-- Table structure for t_pay_way
-- ----------------------------
DROP TABLE IF EXISTS `t_pay_way`;
CREATE TABLE `t_pay_way` (
  `id` int(11) unsigned NOT NULL AUTO_INCREMENT,
  `pay_config_id` int(11) NOT NULL COMMENT '支付配置ID',
  `scene` tinyint(1) NOT NULL COMMENT '场景:1-微信小程序;2-微信公众号;3-H5;4-PC;5-APP;',
  `is_default` tinyint(1) NOT NULL DEFAULT '0' COMMENT '是否默认支付:0-否;1-是;',
  `status` tinyint(1) NOT NULL DEFAULT '1' COMMENT '状态:0-关闭;1-开启;',
  PRIMARY KEY (`id`) USING BTREE
) ENGINE=InnoDB AUTO_INCREMENT=8 DEFAULT CHARSET=utf8mb4 COLLATE=utf8mb4_general_ci ROW_FORMAT=DYNAMIC COMMENT='支付方式表';

-- ----------------------------
-- Records of t_pay_way
-- ----------------------------
BEGIN;
INSERT INTO `t_pay_way` (`id`, `pay_config_id`, `scene`, `is_default`, `status`) VALUES (1, 1, 1, 0, 1);
INSERT INTO `t_pay_way` (`id`, `pay_config_id`, `scene`, `is_default`, `status`) VALUES (2, 2, 1, 1, 1);
INSERT INTO `t_pay_way` (`id`, `pay_config_id`, `scene`, `is_default`, `status`) VALUES (3, 1, 2, 0, 1);
INSERT INTO `t_pay_way` (`id`, `pay_config_id`, `scene`, `is_default`, `status`) VALUES (4, 2, 2, 1, 1);
INSERT INTO `t_pay_way` (`id`, `pay_config_id`, `scene`, `is_default`, `status`) VALUES (5, 1, 3, 0, 1);
INSERT INTO `t_pay_way` (`id`, `pay_config_id`, `scene`, `is_default`, `status`) VALUES (6, 2, 3, 1, 1);
INSERT INTO `t_pay_way` (`id`, `pay_config_id`, `scene`, `is_default`, `status`) VALUES (7, 3, 3, 0, 1);
COMMIT;

-- ----------------------------
-- Table structure for t_recharge_order
-- ----------------------------
DROP TABLE IF EXISTS `t_recharge_order`;
CREATE TABLE `t_recharge_order` (
  `id` int(11) NOT NULL AUTO_INCREMENT COMMENT 'id',
  `tenant_id` int(11) NOT NULL COMMENT '租户ID',
  `sn` varchar(64) CHARACTER SET utf8mb4 COLLATE utf8mb4_general_ci NOT NULL COMMENT '订单编号',
  `user_id` int(11) NOT NULL COMMENT '用户id',
  `pay_sn` varchar(255) CHARACTER SET utf8mb4 COLLATE utf8mb4_general_ci DEFAULT '' COMMENT '支付编号-冗余字段，针对微信同一主体不同客户端支付需用不同订单号预留。',
  `pay_way` tinyint(2) NOT NULL DEFAULT '2' COMMENT '支付方式 2-微信支付 3-支付宝支付',
  `pay_status` tinyint(1) NOT NULL DEFAULT '0' COMMENT '支付状态：0-待支付；1-已支付',
  `pay_time` int(10) DEFAULT NULL COMMENT '支付时间',
  `order_amount` decimal(10,2) NOT NULL COMMENT '充值金额',
  `order_terminal` tinyint(1) DEFAULT '1' COMMENT '终端',
  `transaction_id` varchar(128) CHARACTER SET utf8mb4 COLLATE utf8mb4_general_ci DEFAULT NULL COMMENT '第三方平台交易流水号',
  `refund_status` tinyint(1) DEFAULT '0' COMMENT '退款状态 0-未退款 1-已退款',
  `refund_transaction_id` varchar(255) CHARACTER SET utf8mb4 COLLATE utf8mb4_general_ci DEFAULT NULL COMMENT '退款交易流水号',
  `create_time` int(10) DEFAULT NULL COMMENT '创建时间',
  `update_time` int(10) DEFAULT NULL COMMENT '更新时间',
  `delete_time` int(10) DEFAULT NULL COMMENT '删除时间',
  PRIMARY KEY (`id`) USING BTREE
) ENGINE=InnoDB DEFAULT CHARSET=utf8mb4 COLLATE=utf8mb4_general_ci ROW_FORMAT=DYNAMIC COMMENT='充值订单表';

-- ----------------------------
-- Records of t_recharge_order
-- ----------------------------
BEGIN;
COMMIT;

-- ----------------------------
-- Table structure for t_refund_log
-- ----------------------------
DROP TABLE IF EXISTS `t_refund_log`;
CREATE TABLE `t_refund_log` (
  `id` int(11) NOT NULL AUTO_INCREMENT COMMENT 'id',
  `tenant_id` int(11) NOT NULL COMMENT '租户ID',
  `sn` varchar(32) CHARACTER SET utf8mb4 COLLATE utf8mb4_general_ci DEFAULT NULL COMMENT '编号',
  `record_id` int(11) NOT NULL COMMENT '退款记录id',
  `user_id` int(11) NOT NULL DEFAULT '0' COMMENT '关联用户',
  `handle_id` int(11) NOT NULL DEFAULT '0' COMMENT '处理人id（管理员id）',
  `order_amount` decimal(10,2) unsigned NOT NULL DEFAULT '0.00' COMMENT '订单总的应付款金额，冗余字段',
  `refund_amount` decimal(10,2) unsigned NOT NULL DEFAULT '0.00' COMMENT '本次退款金额',
  `refund_status` tinyint(1) unsigned NOT NULL DEFAULT '0' COMMENT '退款状态，0退款中，1退款成功，2退款失败',
  `refund_msg` text CHARACTER SET utf8mb4 COLLATE utf8mb4_general_ci COMMENT '退款信息',
  `create_time` int(10) unsigned DEFAULT '0' COMMENT '创建时间',
  `update_time` int(10) DEFAULT NULL COMMENT '更新时间',
  PRIMARY KEY (`id`) USING BTREE
) ENGINE=InnoDB DEFAULT CHARSET=utf8mb4 COLLATE=utf8mb4_general_ci ROW_FORMAT=DYNAMIC COMMENT='退款日志';

-- ----------------------------
-- Records of t_refund_log
-- ----------------------------
BEGIN;
COMMIT;

-- ----------------------------
-- Table structure for t_refund_record
-- ----------------------------
DROP TABLE IF EXISTS `t_refund_record`;
CREATE TABLE `t_refund_record` (
  `id` int(11) NOT NULL AUTO_INCREMENT COMMENT 'id',
  `tenant_id` int(11) NOT NULL COMMENT '租户ID',
  `sn` varchar(32) CHARACTER SET utf8mb4 COLLATE utf8mb4_general_ci NOT NULL DEFAULT '' COMMENT '退款编号',
  `user_id` int(11) NOT NULL DEFAULT '0' COMMENT '关联用户',
  `order_id` int(11) NOT NULL DEFAULT '0' COMMENT '来源订单id',
  `order_sn` varchar(32) CHARACTER SET utf8mb4 COLLATE utf8mb4_general_ci NOT NULL COMMENT '来源单号',
  `order_type` varchar(255) CHARACTER SET utf8mb4 COLLATE utf8mb4_general_ci DEFAULT 'order' COMMENT '订单来源 order-商品订单 recharge-充值订单',
  `order_amount` decimal(10,2) unsigned NOT NULL DEFAULT '0.00' COMMENT '订单总的应付款金额，冗余字段',
  `refund_amount` decimal(10,2) unsigned NOT NULL DEFAULT '0.00' COMMENT '本次退款金额',
  `transaction_id` varchar(255) CHARACTER SET utf8mb4 COLLATE utf8mb4_general_ci DEFAULT NULL COMMENT '第三方平台交易流水号',
  `refund_way` tinyint(1) NOT NULL DEFAULT '1' COMMENT '退款方式 1-线上退款 2-线下退款',
  `refund_type` tinyint(1) NOT NULL DEFAULT '1' COMMENT '退款类型 1-后台退款',
  `refund_status` tinyint(1) unsigned NOT NULL DEFAULT '0' COMMENT '退款状态，0退款中，1退款成功，2退款失败',
  `create_time` int(10) unsigned DEFAULT '0' COMMENT '创建时间',
  `update_time` int(10) DEFAULT NULL COMMENT '更新时间',
  PRIMARY KEY (`id`) USING BTREE
) ENGINE=InnoDB DEFAULT CHARSET=utf8mb4 COLLATE=utf8mb4_general_ci ROW_FORMAT=DYNAMIC COMMENT='退款记录';

-- ----------------------------
-- Records of t_refund_record
-- ----------------------------
BEGIN;
COMMIT;

-- ----------------------------
-- Table structure for t_sms_log
-- ----------------------------
DROP TABLE IF EXISTS `t_sms_log`;
CREATE TABLE `t_sms_log` (
  `id` int(11) NOT NULL AUTO_INCREMENT COMMENT 'id',
  `tenant_id` int(11) NOT NULL COMMENT '租户ID',
  `scene_id` int(11) NOT NULL COMMENT '场景id',
  `mobile` varchar(11) CHARACTER SET utf8mb4 COLLATE utf8mb4_general_ci NOT NULL COMMENT '手机号码',
  `content` varchar(255) CHARACTER SET utf8mb4 COLLATE utf8mb4_general_ci NOT NULL COMMENT '发送内容',
  `code` varchar(32) CHARACTER SET utf8mb4 COLLATE utf8mb4_general_ci DEFAULT NULL COMMENT '发送关键字（注册、找回密码）',
  `is_verify` tinyint(1) DEFAULT '0' COMMENT '是否已验证；0-否；1-是',
  `check_num` int(5) DEFAULT '0' COMMENT '验证次数',
  `send_status` tinyint(1) NOT NULL COMMENT '发送状态：0-发送中；1-发送成功；2-发送失败',
  `send_time` int(10) NOT NULL COMMENT '发送时间',
  `results` text CHARACTER SET utf8mb4 COLLATE utf8mb4_general_ci COMMENT '短信结果',
  `create_time` int(10) DEFAULT NULL COMMENT '创建时间',
  `update_time` int(10) DEFAULT NULL COMMENT '更新时间',
  `delete_time` int(10) DEFAULT NULL COMMENT '删除时间',
  PRIMARY KEY (`id`) USING BTREE
) ENGINE=InnoDB DEFAULT CHARSET=utf8mb4 COLLATE=utf8mb4_general_ci ROW_FORMAT=DYNAMIC COMMENT='短信记录表';

-- ----------------------------
-- Records of t_sms_log
-- ----------------------------
BEGIN;
COMMIT;

-- ----------------------------
-- Table structure for t_system_menu
-- ----------------------------
DROP TABLE IF EXISTS `t_system_menu`;
CREATE TABLE `t_system_menu` (
  `id` int(10) unsigned NOT NULL AUTO_INCREMENT COMMENT '主键',
  `pid` int(10) unsigned NOT NULL DEFAULT '0' COMMENT '上级菜单',
  `type` char(2) CHARACTER SET utf8mb4 COLLATE utf8mb4_general_ci NOT NULL DEFAULT '' COMMENT '权限类型: M=目录，C=菜单，A=按钮',
  `name` varchar(100) CHARACTER SET utf8mb4 COLLATE utf8mb4_general_ci NOT NULL DEFAULT '' COMMENT '菜单名称',
  `icon` varchar(100) CHARACTER SET utf8mb4 COLLATE utf8mb4_general_ci NOT NULL DEFAULT '' COMMENT '菜单图标',
  `sort` smallint(5) unsigned NOT NULL DEFAULT '0' COMMENT '菜单排序',
  `perms` varchar(100) CHARACTER SET utf8mb4 COLLATE utf8mb4_general_ci NOT NULL DEFAULT '' COMMENT '权限标识',
  `paths` varchar(100) CHARACTER SET utf8mb4 COLLATE utf8mb4_general_ci NOT NULL DEFAULT '' COMMENT '路由地址',
  `component` varchar(200) CHARACTER SET utf8mb4 COLLATE utf8mb4_general_ci NOT NULL DEFAULT '' COMMENT '前端组件',
  `selected` varchar(200) CHARACTER SET utf8mb4 COLLATE utf8mb4_general_ci NOT NULL DEFAULT '' COMMENT '选中路径',
  `params` varchar(200) CHARACTER SET utf8mb4 COLLATE utf8mb4_general_ci NOT NULL DEFAULT '' COMMENT '路由参数',
  `is_cache` tinyint(1) unsigned NOT NULL DEFAULT '0' COMMENT '是否缓存: 0=否, 1=是',
  `is_show` tinyint(1) unsigned NOT NULL DEFAULT '1' COMMENT '是否显示: 0=否, 1=是',
  `is_disable` tinyint(1) unsigned NOT NULL DEFAULT '0' COMMENT '是否禁用: 0=否, 1=是',
  `create_time` int(10) unsigned NOT NULL DEFAULT '0' COMMENT '创建时间',
  `update_time` int(10) unsigned NOT NULL DEFAULT '0' COMMENT '更新时间',
  PRIMARY KEY (`id`) USING BTREE
) ENGINE=InnoDB AUTO_INCREMENT=195 DEFAULT CHARSET=utf8mb4 COLLATE=utf8mb4_general_ci ROW_FORMAT=DYNAMIC COMMENT='系统菜单表';

-- ----------------------------
-- Records of t_system_menu
-- ----------------------------
BEGIN;
INSERT INTO `t_system_menu` (`id`, `pid`, `type`, `name`, `icon`, `sort`, `perms`, `paths`, `component`, `selected`, `params`, `is_cache`, `is_show`, `is_disable`, `create_time`, `update_time`) VALUES (4, 0, 'M', '权限管理', 'el-icon-Lock', 300, '', 'permission', '', '', '', 0, 1, 0, 1656664556, 1710472802);
INSERT INTO `t_system_menu` (`id`, `pid`, `type`, `name`, `icon`, `sort`, `perms`, `paths`, `component`, `selected`, `params`, `is_cache`, `is_show`, `is_disable`, `create_time`, `update_time`) VALUES (5, 0, 'C', '工作台', 'el-icon-Monitor', 1000, 'workbench/index', 'workbench', 'workbench/index', '', '', 0, 1, 0, 1656664793, 1664354981);
INSERT INTO `t_system_menu` (`id`, `pid`, `type`, `name`, `icon`, `sort`, `perms`, `paths`, `component`, `selected`, `params`, `is_cache`, `is_show`, `is_disable`, `create_time`, `update_time`) VALUES (6, 4, 'C', '菜单', 'el-icon-Operation', 100, 'auth.menu/lists', 'menu', 'permission/menu/index', '', '', 1, 1, 0, 1656664960, 1710472994);
INSERT INTO `t_system_menu` (`id`, `pid`, `type`, `name`, `icon`, `sort`, `perms`, `paths`, `component`, `selected`, `params`, `is_cache`, `is_show`, `is_disable`, `create_time`, `update_time`) VALUES (7, 4, 'C', '管理员', 'local-icon-shouyiren', 80, 'auth.admin/lists', 'admin', 'permission/admin/index', '', '', 0, 1, 0, 1656901567, 1710473013);
INSERT INTO `t_system_menu` (`id`, `pid`, `type`, `name`, `icon`, `sort`, `perms`, `paths`, `component`, `selected`, `params`, `is_cache`, `is_show`, `is_disable`, `create_time`, `update_time`) VALUES (8, 4, 'C', '角色', 'el-icon-Female', 90, 'auth.role/lists', 'role', 'permission/role/index', '', '', 0, 1, 0, 1656901660, 1710473000);
INSERT INTO `t_system_menu` (`id`, `pid`, `type`, `name`, `icon`, `sort`, `perms`, `paths`, `component`, `selected`, `params`, `is_cache`, `is_show`, `is_disable`, `create_time`, `update_time`) VALUES (12, 8, 'A', '新增', '', 1, 'auth.role/add', '', '', '', '', 0, 1, 0, 1657001790, 1663750625);
INSERT INTO `t_system_menu` (`id`, `pid`, `type`, `name`, `icon`, `sort`, `perms`, `paths`, `component`, `selected`, `params`, `is_cache`, `is_show`, `is_disable`, `create_time`, `update_time`) VALUES (14, 8, 'A', '编辑', '', 1, 'auth.role/edit', '', '', '', '', 0, 1, 0, 1657001924, 1663750631);
INSERT INTO `t_system_menu` (`id`, `pid`, `type`, `name`, `icon`, `sort`, `perms`, `paths`, `component`, `selected`, `params`, `is_cache`, `is_show`, `is_disable`, `create_time`, `update_time`) VALUES (15, 8, 'A', '删除', '', 1, 'auth.role/delete', '', '', '', '', 0, 1, 0, 1657001982, 1663750637);
INSERT INTO `t_system_menu` (`id`, `pid`, `type`, `name`, `icon`, `sort`, `perms`, `paths`, `component`, `selected`, `params`, `is_cache`, `is_show`, `is_disable`, `create_time`, `update_time`) VALUES (16, 6, 'A', '新增', '', 1, 'auth.menu/add', '', '', '', '', 0, 1, 0, 1657072523, 1663750565);
INSERT INTO `t_system_menu` (`id`, `pid`, `type`, `name`, `icon`, `sort`, `perms`, `paths`, `component`, `selected`, `params`, `is_cache`, `is_show`, `is_disable`, `create_time`, `update_time`) VALUES (17, 6, 'A', '编辑', '', 1, 'auth.menu/edit', '', '', '', '', 0, 1, 0, 1657073955, 1663750570);
INSERT INTO `t_system_menu` (`id`, `pid`, `type`, `name`, `icon`, `sort`, `perms`, `paths`, `component`, `selected`, `params`, `is_cache`, `is_show`, `is_disable`, `create_time`, `update_time`) VALUES (18, 6, 'A', '删除', '', 1, 'auth.menu/delete', '', '', '', '', 0, 1, 0, 1657073987, 1663750578);
INSERT INTO `t_system_menu` (`id`, `pid`, `type`, `name`, `icon`, `sort`, `perms`, `paths`, `component`, `selected`, `params`, `is_cache`, `is_show`, `is_disable`, `create_time`, `update_time`) VALUES (19, 7, 'A', '新增', '', 1, 'auth.admin/add', '', '', '', '', 0, 1, 0, 1657074035, 1663750596);
INSERT INTO `t_system_menu` (`id`, `pid`, `type`, `name`, `icon`, `sort`, `perms`, `paths`, `component`, `selected`, `params`, `is_cache`, `is_show`, `is_disable`, `create_time`, `update_time`) VALUES (20, 7, 'A', '编辑', '', 1, 'auth.admin/edit', '', '', '', '', 0, 1, 0, 1657074071, 1663750603);
INSERT INTO `t_system_menu` (`id`, `pid`, `type`, `name`, `icon`, `sort`, `perms`, `paths`, `component`, `selected`, `params`, `is_cache`, `is_show`, `is_disable`, `create_time`, `update_time`) VALUES (21, 7, 'A', '删除', '', 1, 'auth.admin/delete', '', '', '', '', 0, 1, 0, 1657074108, 1663750609);
INSERT INTO `t_system_menu` (`id`, `pid`, `type`, `name`, `icon`, `sort`, `perms`, `paths`, `component`, `selected`, `params`, `is_cache`, `is_show`, `is_disable`, `create_time`, `update_time`) VALUES (23, 28, 'M', '开发工具', 'el-icon-EditPen', 40, '', 'dev_tools', '', '', '', 0, 1, 0, 1657097744, 1710473127);
INSERT INTO `t_system_menu` (`id`, `pid`, `type`, `name`, `icon`, `sort`, `perms`, `paths`, `component`, `selected`, `params`, `is_cache`, `is_show`, `is_disable`, `create_time`, `update_time`) VALUES (24, 23, 'C', '代码生成器', 'el-icon-DocumentAdd', 1, 'tools.generator/generateTable', 'code', 'dev_tools/code/index', '', '', 0, 1, 0, 1657098110, 1658989423);
INSERT INTO `t_system_menu` (`id`, `pid`, `type`, `name`, `icon`, `sort`, `perms`, `paths`, `component`, `selected`, `params`, `is_cache`, `is_show`, `is_disable`, `create_time`, `update_time`) VALUES (25, 0, 'M', '组织管理', 'el-icon-OfficeBuilding', 400, '', 'organization', '', '', '', 0, 1, 0, 1657099914, 1710472797);
INSERT INTO `t_system_menu` (`id`, `pid`, `type`, `name`, `icon`, `sort`, `perms`, `paths`, `component`, `selected`, `params`, `is_cache`, `is_show`, `is_disable`, `create_time`, `update_time`) VALUES (26, 25, 'C', '部门管理', 'el-icon-Coordinate', 100, 'dept.dept/lists', 'department', 'organization/department/index', '', '', 1, 1, 0, 1657099989, 1710472962);
INSERT INTO `t_system_menu` (`id`, `pid`, `type`, `name`, `icon`, `sort`, `perms`, `paths`, `component`, `selected`, `params`, `is_cache`, `is_show`, `is_disable`, `create_time`, `update_time`) VALUES (27, 25, 'C', '岗位管理', 'el-icon-PriceTag', 90, 'dept.jobs/lists', 'post', 'organization/post/index', '', '', 0, 1, 0, 1657100044, 1710472967);
INSERT INTO `t_system_menu` (`id`, `pid`, `type`, `name`, `icon`, `sort`, `perms`, `paths`, `component`, `selected`, `params`, `is_cache`, `is_show`, `is_disable`, `create_time`, `update_time`) VALUES (28, 0, 'M', '系统设置', 'el-icon-Setting', 200, '', 'setting', '', '', '', 0, 1, 0, 1657100164, 1710472807);
INSERT INTO `t_system_menu` (`id`, `pid`, `type`, `name`, `icon`, `sort`, `perms`, `paths`, `component`, `selected`, `params`, `is_cache`, `is_show`, `is_disable`, `create_time`, `update_time`) VALUES (29, 28, 'M', '网站设置', 'el-icon-Basketball', 100, '', 'website', '', '', '', 0, 1, 0, 1657100230, 1710473049);
INSERT INTO `t_system_menu` (`id`, `pid`, `type`, `name`, `icon`, `sort`, `perms`, `paths`, `component`, `selected`, `params`, `is_cache`, `is_show`, `is_disable`, `create_time`, `update_time`) VALUES (30, 29, 'C', '网站信息', '', 1, 'setting.web.web_setting/getWebsite', 'information', 'setting/website/information', '', '', 0, 1, 0, 1657100306, 1657164412);
INSERT INTO `t_system_menu` (`id`, `pid`, `type`, `name`, `icon`, `sort`, `perms`, `paths`, `component`, `selected`, `params`, `is_cache`, `is_show`, `is_disable`, `create_time`, `update_time`) VALUES (31, 29, 'C', '网站备案', '', 1, 'setting.web.web_setting/getCopyright', 'filing', 'setting/website/filing', '', '', 0, 1, 1, 1657100434, 1657164723);
INSERT INTO `t_system_menu` (`id`, `pid`, `type`, `name`, `icon`, `sort`, `perms`, `paths`, `component`, `selected`, `params`, `is_cache`, `is_show`, `is_disable`, `create_time`, `update_time`) VALUES (32, 29, 'C', '政策协议', '', 1, 'setting.web.web_setting/getAgreement', 'protocol', 'setting/website/protocol', '', '', 0, 1, 1, 1657100571, 1657164770);
INSERT INTO `t_system_menu` (`id`, `pid`, `type`, `name`, `icon`, `sort`, `perms`, `paths`, `component`, `selected`, `params`, `is_cache`, `is_show`, `is_disable`, `create_time`, `update_time`) VALUES (33, 28, 'C', '存储设置', 'el-icon-FolderOpened', 70, 'setting.storage/lists', 'storage', 'setting/storage/index', '', '', 0, 1, 0, 1657160959, 1710473095);
INSERT INTO `t_system_menu` (`id`, `pid`, `type`, `name`, `icon`, `sort`, `perms`, `paths`, `component`, `selected`, `params`, `is_cache`, `is_show`, `is_disable`, `create_time`, `update_time`) VALUES (34, 23, 'C', '字典管理', 'el-icon-Box', 1, 'setting.dict.dict_type/lists', 'dict', 'setting/dict/type/index', '', '', 0, 1, 0, 1657161211, 1663225935);
INSERT INTO `t_system_menu` (`id`, `pid`, `type`, `name`, `icon`, `sort`, `perms`, `paths`, `component`, `selected`, `params`, `is_cache`, `is_show`, `is_disable`, `create_time`, `update_time`) VALUES (35, 28, 'M', '系统维护', 'el-icon-SetUp', 50, '', 'system', '', '', '', 0, 1, 0, 1657161569, 1710473122);
INSERT INTO `t_system_menu` (`id`, `pid`, `type`, `name`, `icon`, `sort`, `perms`, `paths`, `component`, `selected`, `params`, `is_cache`, `is_show`, `is_disable`, `create_time`, `update_time`) VALUES (36, 35, 'C', '系统日志', '', 90, 'setting.system.log/lists', 'journal', 'setting/system/journal', '', '', 0, 1, 0, 1657161696, 1710473253);
INSERT INTO `t_system_menu` (`id`, `pid`, `type`, `name`, `icon`, `sort`, `perms`, `paths`, `component`, `selected`, `params`, `is_cache`, `is_show`, `is_disable`, `create_time`, `update_time`) VALUES (37, 35, 'C', '系统缓存', '', 80, '', 'cache', 'setting/system/cache', '', '', 0, 1, 0, 1657161896, 1710473258);
INSERT INTO `t_system_menu` (`id`, `pid`, `type`, `name`, `icon`, `sort`, `perms`, `paths`, `component`, `selected`, `params`, `is_cache`, `is_show`, `is_disable`, `create_time`, `update_time`) VALUES (38, 35, 'C', '系统环境', '', 70, 'setting.system.system/info', 'environment', 'setting/system/environment', '', '', 0, 1, 0, 1657162000, 1710473265);
INSERT INTO `t_system_menu` (`id`, `pid`, `type`, `name`, `icon`, `sort`, `perms`, `paths`, `component`, `selected`, `params`, `is_cache`, `is_show`, `is_disable`, `create_time`, `update_time`) VALUES (39, 24, 'A', '导入数据表', '', 1, 'tools.generator/selectTable', '', '', '', '', 0, 1, 0, 1657162736, 1657162736);
INSERT INTO `t_system_menu` (`id`, `pid`, `type`, `name`, `icon`, `sort`, `perms`, `paths`, `component`, `selected`, `params`, `is_cache`, `is_show`, `is_disable`, `create_time`, `update_time`) VALUES (40, 24, 'A', '代码生成', '', 1, 'tools.generator/generate', '', '', '', '', 0, 1, 0, 1657162806, 1657162806);
INSERT INTO `t_system_menu` (`id`, `pid`, `type`, `name`, `icon`, `sort`, `perms`, `paths`, `component`, `selected`, `params`, `is_cache`, `is_show`, `is_disable`, `create_time`, `update_time`) VALUES (41, 23, 'C', '编辑数据表', '', 1, 'tools.generator/edit', 'code/edit', 'dev_tools/code/edit', '/dev_tools/code', '', 1, 0, 0, 1657162866, 1663748668);
INSERT INTO `t_system_menu` (`id`, `pid`, `type`, `name`, `icon`, `sort`, `perms`, `paths`, `component`, `selected`, `params`, `is_cache`, `is_show`, `is_disable`, `create_time`, `update_time`) VALUES (42, 24, 'A', '同步表结构', '', 1, 'tools.generator/syncColumn', '', '', '', '', 0, 1, 0, 1657162934, 1657162934);
INSERT INTO `t_system_menu` (`id`, `pid`, `type`, `name`, `icon`, `sort`, `perms`, `paths`, `component`, `selected`, `params`, `is_cache`, `is_show`, `is_disable`, `create_time`, `update_time`) VALUES (43, 24, 'A', '删除数据表', '', 1, 'tools.generator/delete', '', '', '', '', 0, 1, 0, 1657163015, 1657163015);
INSERT INTO `t_system_menu` (`id`, `pid`, `type`, `name`, `icon`, `sort`, `perms`, `paths`, `component`, `selected`, `params`, `is_cache`, `is_show`, `is_disable`, `create_time`, `update_time`) VALUES (44, 24, 'A', '预览代码', '', 1, 'tools.generator/preview', '', '', '', '', 0, 1, 0, 1657163263, 1657163263);
INSERT INTO `t_system_menu` (`id`, `pid`, `type`, `name`, `icon`, `sort`, `perms`, `paths`, `component`, `selected`, `params`, `is_cache`, `is_show`, `is_disable`, `create_time`, `update_time`) VALUES (51, 30, 'A', '保存', '', 1, 'setting.web.web_setting/setWebsite', '', '', '', '', 0, 1, 0, 1657164469, 1663750649);
INSERT INTO `t_system_menu` (`id`, `pid`, `type`, `name`, `icon`, `sort`, `perms`, `paths`, `component`, `selected`, `params`, `is_cache`, `is_show`, `is_disable`, `create_time`, `update_time`) VALUES (52, 31, 'A', '保存', '', 1, 'setting.web.web_setting/setCopyright', '', '', '', '', 0, 1, 0, 1657164692, 1663750657);
INSERT INTO `t_system_menu` (`id`, `pid`, `type`, `name`, `icon`, `sort`, `perms`, `paths`, `component`, `selected`, `params`, `is_cache`, `is_show`, `is_disable`, `create_time`, `update_time`) VALUES (53, 32, 'A', '保存', '', 1, 'setting.web.web_setting/setAgreement', '', '', '', '', 0, 1, 0, 1657164824, 1663750665);
INSERT INTO `t_system_menu` (`id`, `pid`, `type`, `name`, `icon`, `sort`, `perms`, `paths`, `component`, `selected`, `params`, `is_cache`, `is_show`, `is_disable`, `create_time`, `update_time`) VALUES (54, 33, 'A', '设置', '', 1, 'setting.storage/setup', '', '', '', '', 0, 1, 0, 1657165303, 1663750673);
INSERT INTO `t_system_menu` (`id`, `pid`, `type`, `name`, `icon`, `sort`, `perms`, `paths`, `component`, `selected`, `params`, `is_cache`, `is_show`, `is_disable`, `create_time`, `update_time`) VALUES (55, 34, 'A', '新增', '', 1, 'setting.dict.dict_type/add', '', '', '', '', 0, 1, 0, 1657166966, 1663750783);
INSERT INTO `t_system_menu` (`id`, `pid`, `type`, `name`, `icon`, `sort`, `perms`, `paths`, `component`, `selected`, `params`, `is_cache`, `is_show`, `is_disable`, `create_time`, `update_time`) VALUES (56, 34, 'A', '编辑', '', 1, 'setting.dict.dict_type/edit', '', '', '', '', 0, 1, 0, 1657166997, 1663750789);
INSERT INTO `t_system_menu` (`id`, `pid`, `type`, `name`, `icon`, `sort`, `perms`, `paths`, `component`, `selected`, `params`, `is_cache`, `is_show`, `is_disable`, `create_time`, `update_time`) VALUES (57, 34, 'A', '删除', '', 1, 'setting.dict.dict_type/delete', '', '', '', '', 0, 1, 0, 1657167038, 1663750796);
INSERT INTO `t_system_menu` (`id`, `pid`, `type`, `name`, `icon`, `sort`, `perms`, `paths`, `component`, `selected`, `params`, `is_cache`, `is_show`, `is_disable`, `create_time`, `update_time`) VALUES (58, 62, 'A', '新增', '', 1, 'setting.dict.dict_data/add', '', '', '', '', 0, 1, 0, 1657167317, 1663750758);
INSERT INTO `t_system_menu` (`id`, `pid`, `type`, `name`, `icon`, `sort`, `perms`, `paths`, `component`, `selected`, `params`, `is_cache`, `is_show`, `is_disable`, `create_time`, `update_time`) VALUES (59, 62, 'A', '编辑', '', 1, 'setting.dict.dict_data/edit', '', '', '', '', 0, 1, 0, 1657167371, 1663750751);
INSERT INTO `t_system_menu` (`id`, `pid`, `type`, `name`, `icon`, `sort`, `perms`, `paths`, `component`, `selected`, `params`, `is_cache`, `is_show`, `is_disable`, `create_time`, `update_time`) VALUES (60, 62, 'A', '删除', '', 1, 'setting.dict.dict_data/delete', '', '', '', '', 0, 1, 0, 1657167397, 1663750768);
INSERT INTO `t_system_menu` (`id`, `pid`, `type`, `name`, `icon`, `sort`, `perms`, `paths`, `component`, `selected`, `params`, `is_cache`, `is_show`, `is_disable`, `create_time`, `update_time`) VALUES (61, 37, 'A', '清除系统缓存', '', 1, 'setting.system.cache/clear', '', '', '', '', 0, 1, 0, 1657173837, 1657173939);
INSERT INTO `t_system_menu` (`id`, `pid`, `type`, `name`, `icon`, `sort`, `perms`, `paths`, `component`, `selected`, `params`, `is_cache`, `is_show`, `is_disable`, `create_time`, `update_time`) VALUES (62, 23, 'C', '字典数据管理', '', 1, 'setting.dict.dict_data/lists', 'dict/data', 'setting/dict/data/index', '/dev_tools/dict', '', 1, 0, 0, 1657174351, 1663745617);
INSERT INTO `t_system_menu` (`id`, `pid`, `type`, `name`, `icon`, `sort`, `perms`, `paths`, `component`, `selected`, `params`, `is_cache`, `is_show`, `is_disable`, `create_time`, `update_time`) VALUES (63, 158, 'M', '素材管理', 'el-icon-Picture', 0, '', 'material', '', '', '', 0, 1, 0, 1657507133, 1710472243);
INSERT INTO `t_system_menu` (`id`, `pid`, `type`, `name`, `icon`, `sort`, `perms`, `paths`, `component`, `selected`, `params`, `is_cache`, `is_show`, `is_disable`, `create_time`, `update_time`) VALUES (64, 63, 'C', '素材中心', 'el-icon-PictureRounded', 0, '', 'index', 'material/index', '', '', 0, 1, 0, 1657507296, 1664355653);
INSERT INTO `t_system_menu` (`id`, `pid`, `type`, `name`, `icon`, `sort`, `perms`, `paths`, `component`, `selected`, `params`, `is_cache`, `is_show`, `is_disable`, `create_time`, `update_time`) VALUES (68, 6, 'A', '详情', '', 0, 'auth.menu/detail', '', '', '', '', 0, 1, 0, 1663725564, 1663750584);
INSERT INTO `t_system_menu` (`id`, `pid`, `type`, `name`, `icon`, `sort`, `perms`, `paths`, `component`, `selected`, `params`, `is_cache`, `is_show`, `is_disable`, `create_time`, `update_time`) VALUES (69, 7, 'A', '详情', '', 0, 'auth.admin/detail', '', '', '', '', 0, 1, 0, 1663725623, 1663750615);
INSERT INTO `t_system_menu` (`id`, `pid`, `type`, `name`, `icon`, `sort`, `perms`, `paths`, `component`, `selected`, `params`, `is_cache`, `is_show`, `is_disable`, `create_time`, `update_time`) VALUES (101, 158, 'M', '消息管理', 'el-icon-ChatDotRound', 80, '', 'message', '', '', '', 0, 1, 0, 1663838602, 1710471874);
INSERT INTO `t_system_menu` (`id`, `pid`, `type`, `name`, `icon`, `sort`, `perms`, `paths`, `component`, `selected`, `params`, `is_cache`, `is_show`, `is_disable`, `create_time`, `update_time`) VALUES (102, 101, 'C', '通知设置', '', 0, 'notice.notice/settingLists', 'notice', 'message/notice/index', '', '', 0, 1, 0, 1663839195, 1663839195);
INSERT INTO `t_system_menu` (`id`, `pid`, `type`, `name`, `icon`, `sort`, `perms`, `paths`, `component`, `selected`, `params`, `is_cache`, `is_show`, `is_disable`, `create_time`, `update_time`) VALUES (103, 102, 'A', '详情', '', 0, 'notice.notice/detail', '', '', '', '', 0, 1, 0, 1663839537, 1663839537);
INSERT INTO `t_system_menu` (`id`, `pid`, `type`, `name`, `icon`, `sort`, `perms`, `paths`, `component`, `selected`, `params`, `is_cache`, `is_show`, `is_disable`, `create_time`, `update_time`) VALUES (104, 101, 'C', '通知设置编辑', '', 0, 'notice.notice/set', 'notice/edit', 'message/notice/edit', '/message/notice', '', 0, 0, 0, 1663839873, 1663898477);
INSERT INTO `t_system_menu` (`id`, `pid`, `type`, `name`, `icon`, `sort`, `perms`, `paths`, `component`, `selected`, `params`, `is_cache`, `is_show`, `is_disable`, `create_time`, `update_time`) VALUES (107, 101, 'C', '短信设置', '', 0, 'notice.sms_config/getConfig', 'short_letter', 'message/short_letter/index', '', '', 0, 1, 0, 1663898591, 1664355708);
INSERT INTO `t_system_menu` (`id`, `pid`, `type`, `name`, `icon`, `sort`, `perms`, `paths`, `component`, `selected`, `params`, `is_cache`, `is_show`, `is_disable`, `create_time`, `update_time`) VALUES (108, 107, 'A', '设置', '', 0, 'notice.sms_config/setConfig', '', '', '', '', 0, 1, 0, 1663898644, 1663898644);
INSERT INTO `t_system_menu` (`id`, `pid`, `type`, `name`, `icon`, `sort`, `perms`, `paths`, `component`, `selected`, `params`, `is_cache`, `is_show`, `is_disable`, `create_time`, `update_time`) VALUES (109, 107, 'A', '详情', '', 0, 'notice.sms_config/detail', '', '', '', '', 0, 1, 0, 1663898661, 1663898661);
INSERT INTO `t_system_menu` (`id`, `pid`, `type`, `name`, `icon`, `sort`, `perms`, `paths`, `component`, `selected`, `params`, `is_cache`, `is_show`, `is_disable`, `create_time`, `update_time`) VALUES (112, 28, 'M', '用户设置', 'local-icon-keziyuyue', 90, '', 'user', '', '', '', 0, 1, 1, 1663903302, 1710473056);
INSERT INTO `t_system_menu` (`id`, `pid`, `type`, `name`, `icon`, `sort`, `perms`, `paths`, `component`, `selected`, `params`, `is_cache`, `is_show`, `is_disable`, `create_time`, `update_time`) VALUES (113, 112, 'C', '用户设置', '', 0, 'setting.user.user/getConfig', 'setup', 'setting/user/setup', '', '', 0, 1, 1, 1663903506, 1663903506);
INSERT INTO `t_system_menu` (`id`, `pid`, `type`, `name`, `icon`, `sort`, `perms`, `paths`, `component`, `selected`, `params`, `is_cache`, `is_show`, `is_disable`, `create_time`, `update_time`) VALUES (114, 113, 'A', '保存', '', 0, 'setting.user.user/setConfig', '', '', '', '', 0, 1, 0, 1663903522, 1663903522);
INSERT INTO `t_system_menu` (`id`, `pid`, `type`, `name`, `icon`, `sort`, `perms`, `paths`, `component`, `selected`, `params`, `is_cache`, `is_show`, `is_disable`, `create_time`, `update_time`) VALUES (115, 112, 'C', '登录注册', '', 0, 'setting.user.user/getRegisterConfig', 'login_register', 'setting/user/login_register', '', '', 0, 1, 0, 1663903832, 1663903832);
INSERT INTO `t_system_menu` (`id`, `pid`, `type`, `name`, `icon`, `sort`, `perms`, `paths`, `component`, `selected`, `params`, `is_cache`, `is_show`, `is_disable`, `create_time`, `update_time`) VALUES (116, 115, 'A', '保存', '', 0, 'setting.user.user/setRegisterConfig', '', '', '', '', 0, 1, 0, 1663903852, 1663903852);
INSERT INTO `t_system_menu` (`id`, `pid`, `type`, `name`, `icon`, `sort`, `perms`, `paths`, `component`, `selected`, `params`, `is_cache`, `is_show`, `is_disable`, `create_time`, `update_time`) VALUES (117, 0, 'M', '租户管理', 'local-icon-user_biaoqian', 900, '', 'tenant', '', '', '', 0, 1, 0, 1663904351, 1724998415);
INSERT INTO `t_system_menu` (`id`, `pid`, `type`, `name`, `icon`, `sort`, `perms`, `paths`, `component`, `selected`, `params`, `is_cache`, `is_show`, `is_disable`, `create_time`, `update_time`) VALUES (118, 117, 'C', '租户列表', 'local-icon-user_guanli', 100, 'user.user/lists', 'lists', 'tenant/lists/index', '', '', 0, 1, 0, 1663904392, 1724998428);
INSERT INTO `t_system_menu` (`id`, `pid`, `type`, `name`, `icon`, `sort`, `perms`, `paths`, `component`, `selected`, `params`, `is_cache`, `is_show`, `is_disable`, `create_time`, `update_time`) VALUES (143, 35, 'C', '定时任务', '', 100, 'crontab.crontab/lists', 'scheduled_task', 'setting/system/scheduled_task/index', '', '', 0, 1, 0, 1669357509, 1710473246);
INSERT INTO `t_system_menu` (`id`, `pid`, `type`, `name`, `icon`, `sort`, `perms`, `paths`, `component`, `selected`, `params`, `is_cache`, `is_show`, `is_disable`, `create_time`, `update_time`) VALUES (144, 35, 'C', '定时任务添加/编辑', '', 0, 'crontab.crontab/add:edit', 'scheduled_task/edit', 'setting/system/scheduled_task/edit', '/setting/system/scheduled_task', '', 0, 0, 0, 1669357670, 1669357765);
INSERT INTO `t_system_menu` (`id`, `pid`, `type`, `name`, `icon`, `sort`, `perms`, `paths`, `component`, `selected`, `params`, `is_cache`, `is_show`, `is_disable`, `create_time`, `update_time`) VALUES (145, 143, 'A', '添加', '', 0, 'crontab.crontab/add', '', '', '', '', 0, 1, 0, 1669358282, 1669358282);
INSERT INTO `t_system_menu` (`id`, `pid`, `type`, `name`, `icon`, `sort`, `perms`, `paths`, `component`, `selected`, `params`, `is_cache`, `is_show`, `is_disable`, `create_time`, `update_time`) VALUES (146, 143, 'A', '编辑', '', 0, 'crontab.crontab/edit', '', '', '', '', 0, 1, 0, 1669358303, 1669358303);
INSERT INTO `t_system_menu` (`id`, `pid`, `type`, `name`, `icon`, `sort`, `perms`, `paths`, `component`, `selected`, `params`, `is_cache`, `is_show`, `is_disable`, `create_time`, `update_time`) VALUES (147, 143, 'A', '删除', '', 0, 'crontab.crontab/delete', '', '', '', '', 0, 1, 0, 1669358334, 1669358334);
INSERT INTO `t_system_menu` (`id`, `pid`, `type`, `name`, `icon`, `sort`, `perms`, `paths`, `component`, `selected`, `params`, `is_cache`, `is_show`, `is_disable`, `create_time`, `update_time`) VALUES (158, 0, 'M', '应用管理', 'el-icon-Postcard', 800, '', 'app', '', '', '', 0, 1, 0, 1677143430, 1710472079);
INSERT INTO `t_system_menu` (`id`, `pid`, `type`, `name`, `icon`, `sort`, `perms`, `paths`, `component`, `selected`, `params`, `is_cache`, `is_show`, `is_disable`, `create_time`, `update_time`) VALUES (161, 28, 'M', '支付设置', 'local-icon-set_pay', 80, '', 'pay', '', '', '', 0, 1, 1, 1677148075, 1710473061);
INSERT INTO `t_system_menu` (`id`, `pid`, `type`, `name`, `icon`, `sort`, `perms`, `paths`, `component`, `selected`, `params`, `is_cache`, `is_show`, `is_disable`, `create_time`, `update_time`) VALUES (162, 161, 'C', '支付方式', '', 0, 'setting.pay.pay_way/getPayWay', 'method', 'setting/pay/method/index', '', '', 0, 1, 0, 1677148207, 1677148207);
INSERT INTO `t_system_menu` (`id`, `pid`, `type`, `name`, `icon`, `sort`, `perms`, `paths`, `component`, `selected`, `params`, `is_cache`, `is_show`, `is_disable`, `create_time`, `update_time`) VALUES (163, 161, 'C', '支付配置', '', 0, 'setting.pay.pay_config/lists', 'config', 'setting/pay/config/index', '', '', 0, 1, 0, 1677148260, 1677148374);
INSERT INTO `t_system_menu` (`id`, `pid`, `type`, `name`, `icon`, `sort`, `perms`, `paths`, `component`, `selected`, `params`, `is_cache`, `is_show`, `is_disable`, `create_time`, `update_time`) VALUES (164, 162, 'A', '设置支付方式', '', 0, 'setting.pay.pay_way/setPayWay', '', '', '', '', 0, 1, 0, 1677219624, 1677219624);
INSERT INTO `t_system_menu` (`id`, `pid`, `type`, `name`, `icon`, `sort`, `perms`, `paths`, `component`, `selected`, `params`, `is_cache`, `is_show`, `is_disable`, `create_time`, `update_time`) VALUES (165, 163, 'A', '配置', '', 0, 'setting.pay.pay_config/setConfig', '', '', '', '', 0, 1, 0, 1677219655, 1677219655);
INSERT INTO `t_system_menu` (`id`, `pid`, `type`, `name`, `icon`, `sort`, `perms`, `paths`, `component`, `selected`, `params`, `is_cache`, `is_show`, `is_disable`, `create_time`, `update_time`) VALUES (166, 118, 'A', '新增租户', '', 0, 'tenant.tenant/add', '', '', '', '', 1, 1, 0, 1726822307, 1726822435);
INSERT INTO `t_system_menu` (`id`, `pid`, `type`, `name`, `icon`, `sort`, `perms`, `paths`, `component`, `selected`, `params`, `is_cache`, `is_show`, `is_disable`, `create_time`, `update_time`) VALUES (167, 118, 'A', '编辑租户', '', 0, 'tenant.tenant/edit', '', '', '', '', 1, 1, 0, 1726822372, 1726822440);
INSERT INTO `t_system_menu` (`id`, `pid`, `type`, `name`, `icon`, `sort`, `perms`, `paths`, `component`, `selected`, `params`, `is_cache`, `is_show`, `is_disable`, `create_time`, `update_time`) VALUES (168, 118, 'A', '租户详情', '', 0, 'tenant.tenant/detail', '', '', '', '', 1, 1, 0, 1726822396, 1726822444);
INSERT INTO `t_system_menu` (`id`, `pid`, `type`, `name`, `icon`, `sort`, `perms`, `paths`, `component`, `selected`, `params`, `is_cache`, `is_show`, `is_disable`, `create_time`, `update_time`) VALUES (169, 118, 'A', '删除租户', '', 0, 'tenant.tenant/delete', '', '', '', '', 1, 1, 0, 1726822416, 1726822449);
COMMIT;

-- ----------------------------
-- Table structure for t_system_role
-- ----------------------------
DROP TABLE IF EXISTS `t_system_role`;
CREATE TABLE `t_system_role` (
  `id` int(11) unsigned NOT NULL AUTO_INCREMENT,
  `name` varchar(16) CHARACTER SET utf8mb4 COLLATE utf8mb4_general_ci NOT NULL DEFAULT '' COMMENT '名称',
  `desc` varchar(128) CHARACTER SET utf8 COLLATE utf8mb4_general_ci NOT NULL DEFAULT '' COMMENT '描述',
  `sort` int(11) DEFAULT '0' COMMENT '排序',
  `create_time` int(10) DEFAULT NULL COMMENT '创建时间',
  `update_time` int(10) DEFAULT NULL COMMENT '更新时间',
  `delete_time` int(10) DEFAULT NULL COMMENT '删除时间',
  PRIMARY KEY (`id`) USING BTREE
) ENGINE=InnoDB DEFAULT CHARSET=utf8mb4 COLLATE=utf8mb4_general_ci ROW_FORMAT=DYNAMIC COMMENT='角色表';

-- ----------------------------
-- Records of t_system_role
-- ----------------------------
BEGIN;
COMMIT;

-- ----------------------------
-- Table structure for t_system_role_menu
-- ----------------------------
DROP TABLE IF EXISTS `t_system_role_menu`;
CREATE TABLE `t_system_role_menu` (
  `role_id` int(10) unsigned NOT NULL DEFAULT '0' COMMENT '角色ID',
  `menu_id` int(10) unsigned NOT NULL DEFAULT '0' COMMENT '菜单ID',
  PRIMARY KEY (`role_id`,`menu_id`) USING BTREE
) ENGINE=InnoDB DEFAULT CHARSET=utf8mb4 COLLATE=utf8mb4_general_ci ROW_FORMAT=DYNAMIC COMMENT='角色菜单关系表';

-- ----------------------------
-- Records of t_system_role_menu
-- ----------------------------
BEGIN;
COMMIT;

-- ----------------------------
-- Table structure for t_tenant
-- ----------------------------
DROP TABLE IF EXISTS `t_tenant`;
CREATE TABLE `t_tenant` (
  `id` int(11) unsigned NOT NULL AUTO_INCREMENT COMMENT '主键',
  `sn` varchar(50) CHARACTER SET utf8mb4 COLLATE utf8mb4_general_ci NOT NULL COMMENT '编号',
  `name` varchar(32) CHARACTER SET utf8mb4 COLLATE utf8mb4_general_ci NOT NULL DEFAULT '' COMMENT '名称',
  `avatar` varchar(255) CHARACTER SET utf8mb4 COLLATE utf8mb4_general_ci NOT NULL DEFAULT '' COMMENT '租户头像',
  `tel` varchar(30) CHARACTER SET utf8mb4 COLLATE utf8mb4_general_ci DEFAULT NULL COMMENT '联系方式',
  `disable` tinyint(1) unsigned DEFAULT '0' COMMENT '是否禁用：0-否；1-是；',
  `tactics` tinyint(1) unsigned NOT NULL DEFAULT '0' COMMENT '分表策略: [0=否, 1=是]',
  `notes` varchar(255) CHARACTER SET utf8mb4 COLLATE utf8mb4_general_ci DEFAULT NULL COMMENT '租户备注',
  `domain_alias` varchar(255) CHARACTER SET utf8mb4 COLLATE utf8mb4_general_ci DEFAULT NULL COMMENT '域名别名',
  `domain_alias_enable` tinyint(10) NOT NULL DEFAULT '1' COMMENT '启用域名别名：0-启用；1-禁用',
  `create_time` int(10) NOT NULL COMMENT '创建时间',
  `update_time` int(10) DEFAULT NULL COMMENT '修改时间',
  `delete_time` int(10) DEFAULT NULL COMMENT '删除时间',
  PRIMARY KEY (`id`) USING BTREE
) ENGINE=InnoDB AUTO_INCREMENT=2 DEFAULT CHARSET=utf8mb4 COLLATE=utf8mb4_general_ci ROW_FORMAT=DYNAMIC COMMENT='租户表';

-- ----------------------------
-- Records of t_tenant
-- ----------------------------
BEGIN;
INSERT INTO `t_tenant` (`id`, `sn`, `name`, `avatar`, `tel`, `disable`, `tactics`, `notes`, `domain_alias`, `domain_alias_enable`, `create_time`, `update_time`, `delete_time`) VALUES (1, 'cx4vmw1d', '考试刷题系统', 'http://localhost.tt.clud.com/uploads/images/20250331/20250331191332599a16193.png', '18228937997', 0, 0, '刷题程序', 'shuati.tt.cloud.com', 0, 1743419673, 1743419673, NULL);
COMMIT;

-- ----------------------------
-- Table structure for t_tenant_admin
-- ----------------------------
DROP TABLE IF EXISTS `t_tenant_admin`;
CREATE TABLE `t_tenant_admin` (
  `id` int(11) unsigned NOT NULL AUTO_INCREMENT,
  `tenant_id` int(10) NOT NULL COMMENT '租户ID',
  `root` tinyint(1) unsigned NOT NULL DEFAULT '0' COMMENT '是否超级管理员 0-否 1-是',
  `name` varchar(32) CHARACTER SET utf8mb4 COLLATE utf8mb4_general_ci NOT NULL DEFAULT '' COMMENT '名称',
  `avatar` varchar(255) CHARACTER SET utf8mb4 COLLATE utf8mb4_general_ci NOT NULL DEFAULT '' COMMENT '用户头像',
  `account` varchar(32) CHARACTER SET utf8mb4 COLLATE utf8mb4_general_ci NOT NULL DEFAULT '' COMMENT '账号',
  `password` varchar(32) CHARACTER SET utf8mb4 COLLATE utf8mb4_general_ci NOT NULL COMMENT '密码',
  `login_time` int(10) DEFAULT NULL COMMENT '最后登录时间',
  `login_ip` varchar(39) CHARACTER SET utf8mb4 COLLATE utf8mb4_general_ci DEFAULT '' COMMENT '最后登录ip',
  `multipoint_login` tinyint(1) unsigned DEFAULT '1' COMMENT '是否支持多处登录：1-是；0-否；',
  `disable` tinyint(1) unsigned DEFAULT '0' COMMENT '是否禁用：0-否；1-是；',
  `create_time` int(10) NOT NULL COMMENT '创建时间',
  `update_time` int(10) DEFAULT NULL COMMENT '修改时间',
  `delete_time` int(10) DEFAULT NULL COMMENT '删除时间',
  PRIMARY KEY (`id`) USING BTREE
) ENGINE=InnoDB AUTO_INCREMENT=2 DEFAULT CHARSET=utf8mb4 COLLATE=utf8mb4_general_ci ROW_FORMAT=DYNAMIC COMMENT='租户管理员表';

-- ----------------------------
-- Records of t_tenant_admin
-- ----------------------------
BEGIN;
INSERT INTO `t_tenant_admin` (`id`, `tenant_id`, `root`, `name`, `avatar`, `account`, `password`, `login_time`, `login_ip`, `multipoint_login`, `disable`, `create_time`, `update_time`, `delete_time`) VALUES (1, 1, 1, '超级管理员', '', 'shuati', '7a337a017fa6f78f41467e9cde98e122', 1746289960, '172.18.0.1', 1, 0, 1743419673, 1746289961, NULL);
COMMIT;

-- ----------------------------
-- Table structure for t_tenant_admin_dept
-- ----------------------------
DROP TABLE IF EXISTS `t_tenant_admin_dept`;
CREATE TABLE `t_tenant_admin_dept` (
  `admin_id` int(10) NOT NULL DEFAULT '0' COMMENT '管理员id',
  `dept_id` int(10) NOT NULL DEFAULT '0' COMMENT '部门id',
  PRIMARY KEY (`admin_id`,`dept_id`) USING BTREE
) ENGINE=InnoDB DEFAULT CHARSET=utf8mb4 COLLATE=utf8mb4_general_ci ROW_FORMAT=DYNAMIC COMMENT='部门关联表';

-- ----------------------------
-- Records of t_tenant_admin_dept
-- ----------------------------
BEGIN;
INSERT INTO `t_tenant_admin_dept` (`admin_id`, `dept_id`) VALUES (1, 2);
COMMIT;

-- ----------------------------
-- Table structure for t_tenant_admin_jobs
-- ----------------------------
DROP TABLE IF EXISTS `t_tenant_admin_jobs`;
CREATE TABLE `t_tenant_admin_jobs` (
  `admin_id` int(10) NOT NULL COMMENT '管理员id',
  `jobs_id` int(10) NOT NULL COMMENT '岗位id',
  PRIMARY KEY (`admin_id`,`jobs_id`) USING BTREE
) ENGINE=InnoDB DEFAULT CHARSET=utf8mb4 COLLATE=utf8mb4_general_ci ROW_FORMAT=DYNAMIC COMMENT='岗位关联表';

-- ----------------------------
-- Records of t_tenant_admin_jobs
-- ----------------------------
BEGIN;
COMMIT;

-- ----------------------------
-- Table structure for t_tenant_admin_role
-- ----------------------------
DROP TABLE IF EXISTS `t_tenant_admin_role`;
CREATE TABLE `t_tenant_admin_role` (
  `admin_id` int(10) NOT NULL COMMENT '管理员id',
  `role_id` int(10) NOT NULL COMMENT '角色id',
  PRIMARY KEY (`admin_id`,`role_id`) USING BTREE
) ENGINE=InnoDB DEFAULT CHARSET=utf8mb4 COLLATE=utf8mb4_general_ci ROW_FORMAT=DYNAMIC COMMENT='角色关联表';

-- ----------------------------
-- Records of t_tenant_admin_role
-- ----------------------------
BEGIN;
COMMIT;

-- ----------------------------
-- Table structure for t_tenant_admin_session
-- ----------------------------
DROP TABLE IF EXISTS `t_tenant_admin_session`;
CREATE TABLE `t_tenant_admin_session` (
  `id` int(11) unsigned NOT NULL AUTO_INCREMENT,
  `admin_id` int(11) unsigned NOT NULL COMMENT '租户id',
  `terminal` tinyint(1) NOT NULL DEFAULT '1' COMMENT '客户端类型：1-pc管理后台 2-mobile手机管理后台',
  `token` varchar(32) CHARACTER SET utf8mb4 COLLATE utf8mb4_general_ci NOT NULL COMMENT '令牌',
  `update_time` int(10) DEFAULT NULL COMMENT '更新时间',
  `expire_time` int(10) NOT NULL COMMENT '到期时间',
  PRIMARY KEY (`id`) USING BTREE,
  UNIQUE KEY `admin_id_client` (`admin_id`,`terminal`) USING BTREE COMMENT '一个用户在一个终端只有一个token',
  UNIQUE KEY `token` (`token`) USING BTREE COMMENT 'token是唯一的'
) ENGINE=InnoDB AUTO_INCREMENT=2 DEFAULT CHARSET=utf8mb4 COLLATE=utf8mb4_general_ci ROW_FORMAT=DYNAMIC COMMENT='管理员会话表';

-- ----------------------------
-- Records of t_tenant_admin_session
-- ----------------------------
BEGIN;
INSERT INTO `t_tenant_admin_session` (`id`, `admin_id`, `terminal`, `token`, `update_time`, `expire_time`) VALUES (1, 1, 1, 'd7357ffcd0951f5d585814f0325041ae', 1746289961, 1746318761);
COMMIT;

-- ----------------------------
-- Table structure for t_tenant_banner
-- ----------------------------
DROP TABLE IF EXISTS `t_tenant_banner`;
CREATE TABLE `t_tenant_banner` (
  `id` bigint(20) unsigned NOT NULL AUTO_INCREMENT,
  `uid` varchar(36) CHARACTER SET utf8mb4 COLLATE utf8mb4_general_ci NOT NULL,
  `title` varchar(32) CHARACTER SET utf8mb4 COLLATE utf8mb4_general_ci NOT NULL,
  `is_show` tinyint(3) unsigned NOT NULL DEFAULT '2',
  `sort` int(10) unsigned NOT NULL DEFAULT '0',
  `create_time` int(10) unsigned NOT NULL,
  `update_time` int(10) unsigned NOT NULL,
  `delete_time` int(10) unsigned DEFAULT NULL,
  `tenant_id` int(10) unsigned NOT NULL DEFAULT '0',
  `position` varchar(255) COLLATE utf8mb4_general_ci NOT NULL,
  `client` varchar(255) COLLATE utf8mb4_general_ci NOT NULL,
  `image` varchar(255) COLLATE utf8mb4_general_ci DEFAULT NULL,
  `image_type` varchar(255) COLLATE utf8mb4_general_ci NOT NULL,
  `url` varchar(255) COLLATE utf8mb4_general_ci DEFAULT NULL,
  `icon` varchar(255) COLLATE utf8mb4_general_ci DEFAULT NULL,
  PRIMARY KEY (`id`) USING BTREE,
  UNIQUE KEY `uid` (`uid`) USING BTREE
) ENGINE=InnoDB AUTO_INCREMENT=11 DEFAULT CHARSET=utf8mb4 COLLATE=utf8mb4_general_ci ROW_FORMAT=DYNAMIC COMMENT='图片配置管理';

-- ----------------------------
-- Records of t_tenant_banner
-- ----------------------------
BEGIN;
INSERT INTO `t_tenant_banner` (`id`, `uid`, `title`, `is_show`, `sort`, `create_time`, `update_time`, `delete_time`, `tenant_id`, `position`, `client`, `image`, `image_type`, `url`, `icon`) VALUES (1, '68126a4c5d996', '1', 1, 0, 1746037324, 1746037324, 1746172535, 1, 'home_top', 'wechat_mini', 'uploads/images/20250331/20250331194706fb3256939.png', 'image_banner', '', NULL);
INSERT INTO `t_tenant_banner` (`id`, `uid`, `title`, `is_show`, `sort`, `create_time`, `update_time`, `delete_time`, `tenant_id`, `position`, `client`, `image`, `image_type`, `url`, `icon`) VALUES (2, '68130fefb44dc', '', 0, 0, 1746079727, 1746079727, 1746172530, 1, 'exam_menu_top', 'dy_mini', '', 'image_menu', '', '');
INSERT INTO `t_tenant_banner` (`id`, `uid`, `title`, `is_show`, `sort`, `create_time`, `update_time`, `delete_time`, `tenant_id`, `position`, `client`, `image`, `image_type`, `url`, `icon`) VALUES (3, '68147d22953da', '在线考试', 1, 0, 1746173218, 1746173218, NULL, 1, 'home_menu', 'wechat_mini', 'uploads/images/20250502/202505021558327ffaa5539.png', 'image_menu', '/subpages/exam/questionlib', '');
INSERT INTO `t_tenant_banner` (`id`, `uid`, `title`, `is_show`, `sort`, `create_time`, `update_time`, `delete_time`, `tenant_id`, `position`, `client`, `image`, `image_type`, `url`, `icon`) VALUES (4, '68147d4c96358', '课程学习', 1, 0, 1746173260, 1746173260, NULL, 1, 'home_menu', 'wechat_mini', 'uploads/images/20250502/2025050215583247e182256.png', 'image_menu', '/subpages/course/list', '');
INSERT INTO `t_tenant_banner` (`id`, `uid`, `title`, `is_show`, `sort`, `create_time`, `update_time`, `delete_time`, `tenant_id`, `position`, `client`, `image`, `image_type`, `url`, `icon`) VALUES (5, '68147d6da7c92', '积分商城', 1, 0, 1746173293, 1746173293, NULL, 1, 'home_menu', 'wechat_mini', 'uploads/images/20250502/20250502155832837ea9771.png', 'image_menu', '', '');
INSERT INTO `t_tenant_banner` (`id`, `uid`, `title`, `is_show`, `sort`, `create_time`, `update_time`, `delete_time`, `tenant_id`, `position`, `client`, `image`, `image_type`, `url`, `icon`) VALUES (6, '68147d9e091cf', '题库练习', 1, 0, 1746173342, 1746173342, NULL, 1, 'home_menu', 'wechat_mini', 'http://shuati.tt.cloud.com/uploads/images/20250502/20250502155833ca23a8472.png', 'image_menu', '/subpages/exam/questionlib', '');
INSERT INTO `t_tenant_banner` (`id`, `uid`, `title`, `is_show`, `sort`, `create_time`, `update_time`, `delete_time`, `tenant_id`, `position`, `client`, `image`, `image_type`, `url`, `icon`) VALUES (7, '68147ddc65d09', '积分明细', 1, 0, 1746173404, 1746173404, NULL, 1, 'home_menu', 'wechat_mini', 'uploads/images/20250502/20250502155833a55ab4195.png', 'image_menu', '/subpages/user/scoreHistory', '');
INSERT INTO `t_tenant_banner` (`id`, `uid`, `title`, `is_show`, `sort`, `create_time`, `update_time`, `delete_time`, `tenant_id`, `position`, `client`, `image`, `image_type`, `url`, `icon`) VALUES (8, '68149eb5562c4', '', 1, 0, 1746181813, 1746181813, NULL, 1, 'home_top', 'wechat_mini', 'uploads/images/20250502/20250502183006d18728597.jpg', 'image_banner', '', '');
INSERT INTO `t_tenant_banner` (`id`, `uid`, `title`, `is_show`, `sort`, `create_time`, `update_time`, `delete_time`, `tenant_id`, `position`, `client`, `image`, `image_type`, `url`, `icon`) VALUES (9, '68149ec85d68d', '', 1, 0, 1746181832, 1746181832, NULL, 1, 'home_top', 'wechat_mini', 'uploads/images/20250502/202505021830065623c5265.jpg', 'image_banner', '', '');
INSERT INTO `t_tenant_banner` (`id`, `uid`, `title`, `is_show`, `sort`, `create_time`, `update_time`, `delete_time`, `tenant_id`, `position`, `client`, `image`, `image_type`, `url`, `icon`) VALUES (10, '68149ed7045dc', '', 1, 0, 1746181847, 1746181847, NULL, 1, 'home_top', 'wechat_mini', 'uploads/images/20250502/20250502183006879234645.jpg', 'image_banner', '', '');
COMMIT;

-- ----------------------------
-- Table structure for t_tenant_config
-- ----------------------------
DROP TABLE IF EXISTS `t_tenant_config`;
CREATE TABLE `t_tenant_config` (
  `id` int(11) NOT NULL AUTO_INCREMENT,
  `tenant_id` int(11) NOT NULL COMMENT '租户ID',
  `type` varchar(30) CHARACTER SET utf8mb4 COLLATE utf8mb4_general_ci DEFAULT NULL COMMENT '类型',
  `name` varchar(60) CHARACTER SET utf8mb4 COLLATE utf8mb4_general_ci NOT NULL DEFAULT '' COMMENT '名称',
  `value` text CHARACTER SET utf8mb4 COLLATE utf8mb4_general_ci COMMENT '值',
  `create_time` int(10) DEFAULT NULL COMMENT '创建时间',
  `update_time` int(10) DEFAULT NULL COMMENT '更新时间',
  PRIMARY KEY (`id`) USING BTREE
) ENGINE=InnoDB AUTO_INCREMENT=27 DEFAULT CHARSET=utf8mb4 COLLATE=utf8mb4_general_ci ROW_FORMAT=DYNAMIC COMMENT='配置表';

-- ----------------------------
-- Records of t_tenant_config
-- ----------------------------
BEGIN;
INSERT INTO `t_tenant_config` (`id`, `tenant_id`, `type`, `name`, `value`, `create_time`, `update_time`) VALUES (1, 1, 'tenant', 'name', '兔兔答题商户端', 1744620980, 1744620980);
INSERT INTO `t_tenant_config` (`id`, `tenant_id`, `type`, `name`, `value`, `create_time`, `update_time`) VALUES (2, 1, 'tenant', 'web_favicon', 'resource/image/tenantapi/default/web_favicon.ico', 1744620980, 1744620980);
INSERT INTO `t_tenant_config` (`id`, `tenant_id`, `type`, `name`, `value`, `create_time`, `update_time`) VALUES (3, 1, 'tenant', 'web_logo', 'resource/image/tenantapi/default/web_logo.jpg', 1744620980, 1744620980);
INSERT INTO `t_tenant_config` (`id`, `tenant_id`, `type`, `name`, `value`, `create_time`, `update_time`) VALUES (4, 1, 'tenant', 'login_image', 'resource/image/tenantapi/default/login_image.png', 1744620980, 1744620980);
INSERT INTO `t_tenant_config` (`id`, `tenant_id`, `type`, `name`, `value`, `create_time`, `update_time`) VALUES (5, 1, 'website', 'pc_logo', 'resource/image/tenantapi/default/pc_logo.png', 1744620980, 1744620980);
INSERT INTO `t_tenant_config` (`id`, `tenant_id`, `type`, `name`, `value`, `create_time`, `update_time`) VALUES (6, 1, 'website', 'pc_title', '兔兔答题', 1744620980, 1744620980);
INSERT INTO `t_tenant_config` (`id`, `tenant_id`, `type`, `name`, `value`, `create_time`, `update_time`) VALUES (7, 1, 'website', 'pc_ico', 'resource/image/tenantapi/default/web_favicon.ico', 1744620980, 1744620980);
INSERT INTO `t_tenant_config` (`id`, `tenant_id`, `type`, `name`, `value`, `create_time`, `update_time`) VALUES (8, 1, 'website', 'pc_desc', '', 1744620981, 1744620981);
INSERT INTO `t_tenant_config` (`id`, `tenant_id`, `type`, `name`, `value`, `create_time`, `update_time`) VALUES (9, 1, 'website', 'pc_keywords', '', 1744620981, 1744620981);
INSERT INTO `t_tenant_config` (`id`, `tenant_id`, `type`, `name`, `value`, `create_time`, `update_time`) VALUES (10, 1, 'website', 'shop_name', '兔兔答题', 1744620981, 1744620981);
INSERT INTO `t_tenant_config` (`id`, `tenant_id`, `type`, `name`, `value`, `create_time`, `update_time`) VALUES (11, 1, 'website', 'shop_logo', 'resource/image/common/shop_logo.png', 1744620981, 1744620981);
INSERT INTO `t_tenant_config` (`id`, `tenant_id`, `type`, `name`, `value`, `create_time`, `update_time`) VALUES (12, 1, 'website', 'h5_favicon', 'resource/image/tenantapi/default/web_favicon.ico', 1744620981, 1744620981);
INSERT INTO `t_tenant_config` (`id`, `tenant_id`, `type`, `name`, `value`, `create_time`, `update_time`) VALUES (13, 1, 'agreement', 'service_title', '平台服务协议', 1744621815, 1744621815);
INSERT INTO `t_tenant_config` (`id`, `tenant_id`, `type`, `name`, `value`, `create_time`, `update_time`) VALUES (14, 1, 'agreement', 'service_content', '<p><strong>协议导言</strong></p><p>欢迎您使用兔兔答题统一身份产品及服务！为使用腾兔兔统一身份产品（以下统称“本产品”）及服务（以下统称“本服务”），您应当阅读并遵守《兔兔统一身份 用户服务协议》（以下简称“本协议”），以及 《兔兔答题服务协议》、 《兔兔答题隐私政策》、 《兔兔答题统一身份隐私保护指引》。</p><p>请您在注册成为兔兔答题统一身份用户前务必审慎阅读、充分理解各条款内容，特别是免除或者限制兔兔答题责任的条款、对用户权利进行限制的条款、约定争议解决方式和司法管辖的条款等，以及开通或使用某项服务的单独协议。限制、免责条款或者其他涉及您重大权益的条款可能以加粗、加下划线等形式提示您重点注意。您应重点阅读，如果您对协议有任何疑问，请联系我们进行咨询。</p><p>除非您已阅读并接受本协议所有条款，否则您无权使用兔兔答题统一身份服务。您的注册、登录、发布信息等行为即视为您已阅读并同意本协议的约束。如果您因年龄、智力等因素而不具有完全民事行为能力，请在法定监护人（以下简称\"监护人\"）的陪同下阅读和判断是否同意本协议。如果您是中国大陆地区以外的用户，您订立或履行本协议以及使用本服务的行为还需要同时遵守您所属和/或所处国家或地区的法律。</p><p><strong>相关定义：</strong></p><p>兔兔答题：指兔兔答题教育在线平台及其相关服务可能存在的运营关联单位。</p><p>兔兔答题统一身份用户：指以企业名义注册、登录、使用兔兔答题统一身份产品及服务并获得管理权限的组织（“企业用户”）。</p><p>最终用户：指由企业用户为其开通兔兔答题统一身份产品服务，或被企业用户邀请加入企业组织，使用兔兔答题统一身份的个人或个人用户。</p><p>管理员：指当您为企业用户时，指取得您合法授权的委托代理人，管理员权限范围包括但不限于管理人员、部门，管理认证源，管理单点登录应用等兔兔答题统一身份操作权限。您同意管理员的行为均代表您的意志，与您的行为具有同等法律效力。您同意承担管理员行为的全部法律后果和法律责任。</p><p>前述“兔兔答题统一身份用户”及“最终用户”统称为“用户”或“所有用户”，在本协议中更多地称为“您”。</p><p><strong>一、协议范围</strong></p><p>1.1 本协议是您与兔兔答题之间关于您注册、登录、使用本产品，以及使用本服务所订立的协议。</p><p>1.2 本协议的内容，包括但不限于以下与本产品和/或本服务相关的协议、规则、规范、条款及兔兔答题已经发布的或将来可能发布的各类协议、规则、规范、条款等，包括但不限于《兔兔答题统一身份隐私保护指引》。所有规则为本协议不可分割的一部分，与协议正文具有同等法律效力。兔兔答题有权根据需要不定时地制定、修改本协议或各类规则，如本协议及规则有任何变更，一切变更以本产品最新公布的内容为准。经修订的协议、规则一经公布，立即自动生效，对新协议、规则生效之后注册的用户发生法律效力。对于协议、规则生效之前注册的用户，若用户在新规则生效后继续使用本产品提供的各项服务，则表明用户已充分阅读并认可和同意遵守新的协议或规则。若您拒绝接受新的协议和规则，您必须放弃使用兔兔答题统一身份提供的各项服务。</p><p>1.3 如果您是企业用户，鉴于企业可以定制化某些服务或功能，当本协议规定的与您所在企业所提供的相关服务、说明等不一致时，请以您所在企业提供的为准。</p><p><strong>二、用户信息以及个人信息保护</strong></p><p>2.1 保护用户信息是兔兔答题的一项基本原则，兔兔答题将在法律允许的范围内按照本协议及 《兔兔答题隐私政策》、 《兔兔答题统一身份隐私保护指引》的规定收集、使用、储存和分享您的相关信息，主要包括：</p><p>(1) 设备信息：兔兔答题统一身份收集关于您登录的个人设备的信息，包括操作系统和版本、浏览器信息和版本、IP地址以检测个人设备是否满足使用要求。</p><p>(2) 日志信息：当您使用相关服务时，兔兔答题统一身份会收集日志信息，包括设备IP地址、故障日志、产品操作信息。为了便于解决故障、改善服务质量，用户可以主动提交日志文件到管理服务器。</p><p>(3) 服务运行质量数据：当您使用相关服务时，兔兔答题统一身份会收集服务运行质量的数据，包括单点登录应用数量、同步次数、同步时间等数据。服务运行质量数据不涉及您的私密内容，仅用于分析服务运行质量。</p><p>2.2 您在注册账号或使用本服务的过程中，可能需要填写一些必要的信息。若国家法律法规（本协议中的“法律法规”指用户所属/所处地区、国家现行有效的法律、行政法规、司法解释、地方法规、地方规章、部门规章及其他规范性文件以及对于该等法律法规的不时修改和补充，以及相关政策规定等，下同。）有特殊规定的，您需要填写真实的身份信息（包括但不限于手机号码等信息）。若您填写的信息不完整或不真实，则可能无法使用本服务或在使用过程中受到限制。</p><p>2.3 一般情况下，您可根据相关产品规则浏览、修改自己提交的信息，如果您是最终用户，您可能需要通过您所加入企业用户的管理员来修改已提交的个人信息。但出于安全性和身份识别（如账号申诉服务等）的考虑，您可能无法修改注册时提供的初始注册信息及其他验证信息。</p><p>2.4 您作为企业用户在上传和管理最终用户的名称、照片、手机号等个人信息时，请确保您已经事先获得最终用户的明确同意，仅收集为运营及功能实现目的而必需的用户信息，且已充分告知最终用户相关数据收集的目的、范围及使用方式等。</p><p>2.5 您作为企业用户时，应当建立信息安全保护制度并对最终用户进行信息安全教育，包括但不限于：将管理权限交予适当的人选；合理设定相关人员的管理权限；提醒或要求最终用户注意信息安全和账号安全，防止账号被他人使用而导致的信息泄露等。</p><p>2.6 兔兔答题将运用各种安全技术和程序建立完善的管理制度来保护您的个人信息，以免遭受未经授权的访问、使用或披露。</p><p>2.7 兔兔答题遵照法律法规的规定，对信息的分享进行严格的限制。如果确有必要，将严格参照《兔兔答题隐私政策》、《兔兔答题统一身份隐私保护指引》或其他相关规则执行。</p><p>2.8 兔兔答题非常重视对未成年人个人信息的保护。若您不具备完全民事行为能力，在使用本服务前，应事先取得您的监护人的同意。</p><p><strong>三、用户行为规范</strong></p><p>3.1 【注册及账号使用】</p><p>您充分理解并同意：</p><p>3.1.1 用户应当按照法律法规和服务要求，按相应页面的提示准确提供并及时更新用户的资料，以使之真实、及时、完整和准确。用户不得冒充他人进行注册，不得未经许可为他人注册，不得以可能误导其他用户的方式注册账号，不得使用可能侵犯他人权益的用户名进行注册（包括但不限于涉嫌商标权、名誉权侵权等），不得以批量等方式恶意注册账号，否则兔兔答题有权在发现后不予注册或注销该账号，由此给用户产生的损失应由用户自行承担。</p><p>3.1.2 用户须确认，在用户完成注册程序或以其他兔兔答题允许的方式实际使用本服务时，个人用户应当是具备完全民事行为能力的自然人，如不具备完全民事行为能力，则应征得监护人的明确同意后方能注册成为本服务的个人用户；企业用户应当是合法成立并有效存续的组织，且拥有签署本协议并履行本协议项下义务所需的权利和权限。若用户不具备前述主体资格，请勿使用本服务，否则用户及用户的监护人应承担因此而导致的一切后果，且兔兔答题有权注销、暂时冻结或永久冻结用户的账号，给兔兔答题造成损失的，兔兔答题有权向用户及相关用户的监护人追偿。</p><p>3.1.3 如您代表一家公司、企业或其他组织进行注册或以其他兔兔答题允许的方式实际使用本服务的，则您在此确认您已获得该组织的充分授权以代表其注册、使用兔兔答题统一身份产品和服务并同意本协议。</p><p>3.1.4 企业用户在使用本服务前需要注册一个兔兔答题统一身份的企业账号并设置管理账号，由管理员向最终用户分配最终用户账号，为验证最终用户所属组织，保障兔兔答题统一身份的账号安全并获得提供服务所必要的用户信息，最终用户需通过手机号码或企业微信验证后方能使用企业账号。兔兔答题有权根据用户需求或产品需要对账号注册方式进行变更。</p><p>3.1.5 当您为企业用户的最终用户时，您可以享受兔兔答题为该企业用户的最终用户提供的服务，同时您同意授权您所属的企业用户对您使用本服务的相关行为及权益进行管理，包括但不限于加入或删除您的最终用户身份，调整您的使用权限和限制服务内容等。您应在您所属的企业用户授权范围内使用本服务，如您不再是相关企业用户的最终用户，则兔兔答题有权根据企业用户管理员的指示或操作，禁用或删除您基于最终用户这一身份所享有的权益及相关数据。</p><p>3.2【用户注意事项】</p><p>您充分理解并同意：</p><p>3.2.1 为了向您提供更好的服务或维护产品安全的目的，兔兔答题将按照法律法规规定的“合法、必要、正当”的原则获取您的相关信息。</p><p>3.2.2 如您为企业用户，您应理解并同意：最终用户可通过本产品查询到其所加入的企业或组织内其他最终用户的信息，但管理员可以通过管理权限限制最终用户的信息查阅权限。在使用本服务邀请最终用户、管理您的最终用户信息之前，您应当：</p><p>3.2.2.1 充分告知最终用户使用本产品及本服务对用户信息、内容相关影响的政策规定，充分告知您对最终用户信息的处理方式（包括但不限于您会将最终用户必要的个人信息提供给兔兔答题），并取得最终用户的有效授权同意；</p><p>3.2.2.2 确保在使用本服务过程中对最终用户信息、内容的使用和处理遵从适用的法律法规的要求;</p><p>3.2.2.3 应对并处理您与最终用户就用户信息、内容相关的，或因您未完全履行本协议所产生的所有争议及纠纷，并独立承担由此而产生的一切法律责任。</p><p>3.2.3 您在使用本服务某一特定功能时，可能还需同意单独的协议、规则等，您在使用该项功能前请仔细阅读前述相关协议、规则。</p><p>3.2.4 您可以选择不向兔兔答题提供您的某些信息，或者根据产品设置取消兔兔答题收集某些信息的权利，但因此可能会导致相关服务功能无法实现。</p><p>3.2.5 兔兔答题将会尽其商业上的合理努力保障您在本服务中的数据存储安全，但是，兔兔答题并不能就此提供完全保证，包括但不限于以下情形：</p><p>(1) 兔兔答题不对由于非兔兔答题原因造成的您在本产品和/或本服务中相关数据的删除或储存失败负责。</p><p>(2) 您应自行备份存储在本产品和/或本服务中的数据、信息或与本产品和/或本服务相关的数据、信息，双方另有约定的按相应约定执行。</p><p>(3) 如果您停止使用本产品和/或本服务（如注销您的账号时），或因您违反法律法规或本协议而被取消或终止本服务，兔兔答题有权从服务器上永久地删除您的数据，如您为企业用户，兔兔答题还有权删除您的管理员账号及您的最终用户基于与您的关系所产生的一切信息和权益。您的服务停止、终止或取消后，兔兔答题没有义务向您返还任何数据，您应自行在服务停止、终止或取消前做好备份。</p><p>3.3 【用户禁止行为】</p><p>您在使用本产品和/或本服务的过程中，应遵守相关法律法规、用户协议、规则规范等，不得从事包括但不限于以下任何行为，也不得为以下任何行为提供便利：</p><p>3.3.1 法律法规禁止的行为</p><p>您在使用本服务时须遵守法律法规，不得制作、复制、发布、传播含有下列内容的信息或从事相关行为，也不得为制作、复制、发布、传播含有下列内容的信息或从事相关行为提供便利：</p><p>(1) 反对宪法所确定的基本原则的。</p><p>(2) 危害国家安全，泄露国家秘密，颠覆国家政权，破坏国家统一的。</p><p>(3) 损害国家荣誉和利益的。</p><p>(4) 煽动民族仇恨、民族歧视，破坏民族团结的。</p><p>(5) 破坏国家宗教政策，宣扬邪教和封建迷信的。</p><p>(6) 散布谣言，扰乱社会秩序，破坏社会稳定的。</p><p>(7) 散布淫秽、色情、赌博、暴力、凶杀、恐怖或者教唆犯罪的。</p><p>(8) 侮辱或者诽谤他人，侵害他人合法权益的。</p><p>(9) 违反法律法规底线、社会主义制度底线、国家利益底线、公民合法权益底线、社会公共秩序底线、道德风尚底线和信息真实性底线的“七条底线”要求的。</p><p>(10) 法律法规等禁止的其他行为。</p><p>3.3.2 产品使用</p><p>除非法律法规允许或兔兔答题书面许可，您不得从事下列行为：</p><p>(1) 删除本产品及其副本上关于著作权的信息。</p><p>(2) 对本产品进行反向工程、反向汇编、反向编译，或者以其他方式尝试发现本产品的源代码。</p><p>(3) 对兔兔答题拥有知识产权的内容进行使用、出租、出借、复制、修改、链接、转载、汇编、发表、出版、建立镜像站点等。</p><p>(4) 对本产品或者本产品运行过程中释放到任何终端内存中的数据、产品服务运行过程中客户端与服务器端的交互数据，以及本产品运行所必需的系统数据，进行复制、修改、增加、删除、挂接运行或创作任何衍生作品，形式包括但不限于使用插件、外挂或非兔兔答题经授权的第三方工具/服务接入本产品和相关系统。</p><p>(5) 通过修改或伪造产品运行中的指令、数据，增加、删减、变动产品的功能或运行效果，或者将用于上述用途的软件、方法进行运营或向公众传播，无论这些行为是否为商业目的。</p><p>(6) 通过非兔兔答题开发、授权的第三方软件、插件、外挂、系统，登录或使用本产品和/或本服务，或制作、发布、传播上述工具。</p><p>(7) 自行、授权他人或利用第三方软件对本产品和/或本服务及其组件、模块、数据等进行干扰。</p><p>(8) 其他可能影响、干扰本产品和/或本服务正常运行的行为。</p><p>3.3.3 危害平台安全内容</p><p>您不得从事包括但不限于以下任何行为，也不得为以下任何行为提供便利：</p><p>(1) 传播虚假中奖信息、钓鱼欺诈信息、非法或虚假理财信息等非法、诈骗或虚假信息。</p><p>(2) 传播包含病毒、木马等的文件、程序或相应制作教程等的内容、信息。</p><p>(3) 其他危害兔兔答题、本产品或其他主体安全的内容、信息或行为。</p><p>3.4 【法律责任】</p><p>3.4.1 您理解并同意：若您违反法律法规、本协议和/或兔兔答题其他协议、规则的，兔兔答题有权随时单方根据相应情形采取以下一项或多项措施（具体措施的时间长短由兔兔答题根据您的违法违约情节相应情况确定）：</p><p>(1) 对您进行警告。</p><p>(2) 限制您使用本产品和/或本服务部分或全部功能。</p><p>(3) 删除、屏蔽相关内容或断开链接。</p><p>(4) 中止、终止您对相应兔兔答题统一身份的账号使用(简称“封号”) 。</p><p>(5) 采取其他合理、合法的措施。</p><p>(6) 依法追究您的法律责任。</p><p>3.4.2 如果您违反法律法规、本协议和/或兔兔答题其他协议、规则，兔兔答题对您 或您使用的本产品和/或本服务采取任何行为或措施后，导致您暂时或永久无法使用兔兔答题统一身份、无法使用兔兔答题统一身份登录或使用其他产品和/或服务，您应自行承担相应后果，由此造成您损失的，您应自行承担。</p><p>3.4.3 购买本服务的企业用户，有责任对其最终用户在使用兔兔答题统一身份期间的行为及发布的内容进行监督和审计，因最终用户行为及发布内容违反相关法律法规而造成的任何后果和损失，由企业用户和最终用户负全部责任。同时，如果企业用户或企业最终用户违反法律法规、本协议和/或兔兔答题其他协议、规则，兔兔答题对企业用户或企业最终用户使用的本产品和/或本服务采取任何行为或措施后，导致企业用户或企业最终用户暂时或永久无法使用兔兔答题统一身份、无法使用兔兔答题统一身份登录或使用其他产品和/或服务，企业用户应自行承担相应后果，由此造成企业损失的，企业应自行承担。</p><p>3.4.4 您应自行对因使用本服务而产生或存储在本服务中的数据，在本服务之外，采取合理、安全的备份。若兔兔答题根据本协议对您采取永久封号等措施的，对于您的与本服务相关的全部数据或您存储在本服务中的全部数据、信息等，兔兔答题有权将该等数据全部予以删除，相应后果您应自行承担。</p><p>3.4.5 您导致任何第三方损害的，您应当独立承担责任；兔兔答题因此遭受损失的，您也应当一并赔偿。</p><p>3.5 【对自己行为负责】</p><p>您充分了解并同意，您必须为自己使用本产品和/或本服务的一切行为负责，包括您所发表的任何内容以及由此产生的任何后果。您应对使用本产品和/或本服务时接触到的内容自行加以判断，包括因对内容的正确性、完整性或实用性的依赖而产生的风险，并承担由此引起的相应风险。兔兔答题在法律允许的范围内不对您因前述风险而导致的任何损失或损害承担责任。</p><p>如您为企业用户，您应对您指定的管理员账号的行为负责，兔兔答题根据您设置的管理员账号的行为、操作和指示所做的服务调整亦由您承担后果；如您为不具有完全民事行为能力的自然人，您应理解，您的监护人将对您使用本服务的一切行为负责。</p><p>3.3 【用户发送/传播违规内容与投诉处理】</p><p>3.3.1 未经授权和许可，用户不得利用兔兔答题统一身份上传、储存、共享、传播含有受到知识产权法律保护的图像、相片、视频、软件或其他数据资料、文件。用户违反相关知识产权保护法律、规范，侵害第三方合法权益的，均由用户自行承担责任，给兔兔答题造成损失的应当赔偿。</p><p>3.3.2 如您被他人投诉或您投诉他人，兔兔答题有权将争议中相关方的主体、联系方式、投诉相关内容等必要信息提供给相关当事方或相关部门，以便及时解决投诉纠纷，保护各方合法权益。</p><p><br></p>', 1744621815, 1744621815);
INSERT INTO `t_tenant_config` (`id`, `tenant_id`, `type`, `name`, `value`, `create_time`, `update_time`) VALUES (15, 1, 'agreement', 'privacy_title', '用户隐私协议', 1744621815, 1744621815);
INSERT INTO `t_tenant_config` (`id`, `tenant_id`, `type`, `name`, `value`, `create_time`, `update_time`) VALUES (16, 1, 'agreement', 'privacy_content', '<p>欢迎您使用兔兔答题系统，兔兔答题是专做互联网行业从业人员面试题，包含研发面试题、设计面试题、运营面试题等相关面试，同时平台还提供资源下载，信息咨询，以及在线远程内容指导等相关内容。通过该平台提供资源，帮助大家学习提升、职场提升、面试提升等相关领域的内容。非常感谢您的使用，同时也希望平台能够对您有所帮助。</p><p>在使用平台时，您需要注意如下几点。</p><p>1、发布内容必须遵守国家法律法规，不得违反公序良俗，不得侵犯他人权益；</p><p>2、用户需保证所发布的内容均为原创或已经获得合法授权，不得侵犯他人知识产权；</p><p>3、所发布的内容应当有质量、有学习价值、无广告性质且符合平台的相关的内容规范；</p><p>4、发布信息中不得包含任何污秽、低俗、暴力、恐怖、诈骗等不良信息；</p><p>5、不得发布具有政治敏感性、涉及种族、地域等争议性话题的壁纸；</p><p>6、用户需对所发布的内容负责，并承担因其发布而引起的一切法律责任；</p><p>7、若所发布的内容被发现存在问题，管理员有权删除相关内容并对用户进行警告、禁言、封号等处理；</p><p>8、用户不得将软件用作商业用途，不得利用软件从事广告营销或其他非法盈利行为；</p><p>9、用户不得通过软件传播谣言、诈骗信息、色情信息等有害信息；</p><p>10、若用户在使用软件时出现技术问题或其他疑问，应及时与管理员联系。</p><p>11、用户在平台注册的信息，平台应该无权限转售、透露、倒卖等不合法的方式，泄露用户的信息。</p><p>12、在经过用户授权之后，用户的信息可用作平台数据分析，帮助用户提供更好的、更优质的内容信息。</p><p>13、平台收集用户头像、昵称等相关信息，主要在用户端进行显示，平台会严格保密用户信息，不会出现倒卖、泄露等行为。请广大用户放心个人信息。</p><p>以上是一些关于兔兔答题对用户要求的基本内容，用户需认真遵守。同时，作为管理员也会严格审核用户行为。</p><p>一经发现违规行为，为了确保软件平台的合法性和健康性，平台有权在不经过用户的同意下，对账号警告、禁言、封号等处理措施。</p><p>本协议最终解释权归平台所有。<img src=\"uploads/images/20250502/202505020215110acae3851.jpeg\" alt=\"\" data-href=\"\" style=\"\"/></p><p><br></p><p><br></p><p><br></p><p><br></p>', 1744621815, 1746171942);
INSERT INTO `t_tenant_config` (`id`, `tenant_id`, `type`, `name`, `value`, `create_time`, `update_time`) VALUES (17, 1, 'default_image', 'user_avatar', 'resource/image/common/default_avatar.png', 1746080514, 1746080514);
INSERT INTO `t_tenant_config` (`id`, `tenant_id`, `type`, `name`, `value`, `create_time`, `update_time`) VALUES (18, 1, 'default_nickname', 'user_nickname', '如如', 1746080828, 1746080828);
INSERT INTO `t_tenant_config` (`id`, `tenant_id`, `type`, `name`, `value`, `create_time`, `update_time`) VALUES (19, 1, 'sms', 'ali', '{\"name\":\"阿里云短信\",\"type\":\"ali\",\"sign\":\"上海文艺网\",\"app_key\":\"LTAI5tNnmoBUoifDkY7Cxdcw\",\"app_id\":\"\",\"secret_key\":\"2tquOVzwIhH8egeNmlUKI36aocCXhX\",\"secret_id\":\"\",\"status\":\"1\"}', 1746115738, 1746115738);
INSERT INTO `t_tenant_config` (`id`, `tenant_id`, `type`, `name`, `value`, `create_time`, `update_time`) VALUES (20, 1, 'sms', 'engine', 'ALI', 1746115738, 1746115738);
INSERT INTO `t_tenant_config` (`id`, `tenant_id`, `type`, `name`, `value`, `create_time`, `update_time`) VALUES (21, 1, 'mnp_setting', 'name', '兔兔答题', 1746121279, 1746121279);
INSERT INTO `t_tenant_config` (`id`, `tenant_id`, `type`, `name`, `value`, `create_time`, `update_time`) VALUES (22, 1, 'mnp_setting', 'original_id', 'gh_c52333f0c6dc', 1746121279, 1746121279);
INSERT INTO `t_tenant_config` (`id`, `tenant_id`, `type`, `name`, `value`, `create_time`, `update_time`) VALUES (23, 1, 'mnp_setting', 'qr_code', '', 1746121280, 1746121280);
INSERT INTO `t_tenant_config` (`id`, `tenant_id`, `type`, `name`, `value`, `create_time`, `update_time`) VALUES (24, 1, 'mnp_setting', 'app_id', 'wx24062428b4883952', 1746121280, 1746121280);
INSERT INTO `t_tenant_config` (`id`, `tenant_id`, `type`, `name`, `value`, `create_time`, `update_time`) VALUES (25, 1, 'mnp_setting', 'app_secret', 'b702c06b16657ed6d9de38854275eeb3', 1746121280, 1746121280);
INSERT INTO `t_tenant_config` (`id`, `tenant_id`, `type`, `name`, `value`, `create_time`, `update_time`) VALUES (26, 1, 'hot_search', 'status', '1', 1746199476, 1746199476);
COMMIT;

-- ----------------------------
-- Table structure for t_tenant_dept
-- ----------------------------
DROP TABLE IF EXISTS `t_tenant_dept`;
CREATE TABLE `t_tenant_dept` (
  `id` int(11) NOT NULL AUTO_INCREMENT COMMENT 'id',
  `tenant_id` int(11) NOT NULL COMMENT '租户ID',
  `name` varchar(30) CHARACTER SET utf8mb4 COLLATE utf8mb4_general_ci NOT NULL DEFAULT '' COMMENT '部门名称',
  `pid` bigint(20) NOT NULL DEFAULT '0' COMMENT '上级部门id',
  `sort` int(11) NOT NULL DEFAULT '0' COMMENT '排序',
  `leader` varchar(64) CHARACTER SET utf8mb4 COLLATE utf8mb4_general_ci DEFAULT NULL COMMENT '负责人',
  `mobile` varchar(16) CHARACTER SET utf8mb4 COLLATE utf8mb4_general_ci DEFAULT NULL COMMENT '联系电话',
  `status` tinyint(1) NOT NULL DEFAULT '0' COMMENT '部门状态（0停用 1正常）',
  `create_time` int(10) NOT NULL COMMENT '创建时间',
  `update_time` int(10) DEFAULT NULL COMMENT '修改时间',
  `delete_time` int(10) DEFAULT NULL COMMENT '删除时间',
  PRIMARY KEY (`id`) USING BTREE
) ENGINE=InnoDB AUTO_INCREMENT=3 DEFAULT CHARSET=utf8mb4 COLLATE=utf8mb4_general_ci ROW_FORMAT=DYNAMIC COMMENT='租户部门表';

-- ----------------------------
-- Records of t_tenant_dept
-- ----------------------------
BEGIN;
INSERT INTO `t_tenant_dept` (`id`, `tenant_id`, `name`, `pid`, `sort`, `leader`, `mobile`, `status`, `create_time`, `update_time`, `delete_time`) VALUES (1, 0, '公司', 0, 0, 'boss', '12345698745', 1, 1650592684, 1653640368, NULL);
INSERT INTO `t_tenant_dept` (`id`, `tenant_id`, `name`, `pid`, `sort`, `leader`, `mobile`, `status`, `create_time`, `update_time`, `delete_time`) VALUES (2, 1, '公司', 0, 0, 'boss', '12345698745', 1, 1743419673, 1743419673, NULL);
COMMIT;

-- ----------------------------
-- Table structure for t_tenant_exam_category
-- ----------------------------
DROP TABLE IF EXISTS `t_tenant_exam_category`;
CREATE TABLE `t_tenant_exam_category` (
  `id` bigint(20) unsigned NOT NULL AUTO_INCREMENT,
  `uid` varchar(36) CHARACTER SET utf8mb4 COLLATE utf8mb4_general_ci NOT NULL,
  `title` varchar(32) CHARACTER SET utf8mb4 COLLATE utf8mb4_general_ci NOT NULL,
  `is_show` tinyint(3) unsigned NOT NULL DEFAULT '2',
  `sort` int(10) unsigned NOT NULL DEFAULT '0',
  `parent_uid` varchar(255) CHARACTER SET utf8mb4 COLLATE utf8mb4_general_ci NOT NULL DEFAULT '0',
  `create_time` int(10) unsigned NOT NULL,
  `update_time` int(10) unsigned NOT NULL,
  `delete_time` int(10) unsigned DEFAULT NULL,
  `cover` text CHARACTER SET utf8mb4 COLLATE utf8mb4_general_ci,
  `is_recommend` tinyint(3) unsigned NOT NULL DEFAULT '2',
  `icon` varchar(36) CHARACTER SET utf8mb4 COLLATE utf8mb4_general_ci DEFAULT NULL,
  `tenant_id` int(10) unsigned NOT NULL DEFAULT '0',
  PRIMARY KEY (`id`) USING BTREE,
  UNIQUE KEY `uid` (`uid`) USING BTREE
) ENGINE=InnoDB AUTO_INCREMENT=36 DEFAULT CHARSET=utf8mb4 COLLATE=utf8mb4_general_ci ROW_FORMAT=DYNAMIC COMMENT='题库分类';

-- ----------------------------
-- Records of t_tenant_exam_category
-- ----------------------------
BEGIN;
INSERT INTO `t_tenant_exam_category` (`id`, `uid`, `title`, `is_show`, `sort`, `parent_uid`, `create_time`, `update_time`, `delete_time`, `cover`, `is_recommend`, `icon`, `tenant_id`) VALUES (32, '67eae2c46e5f4', '高中真题', 1, 1, '', 1743446724, 1743446724, NULL, 'uploads/images/20250331/20250331194706fb3256939.png', 1, '', 1);
INSERT INTO `t_tenant_exam_category` (`id`, `uid`, `title`, `is_show`, `sort`, `parent_uid`, `create_time`, `update_time`, `delete_time`, `cover`, `is_recommend`, `icon`, `tenant_id`) VALUES (33, '67eaec3258b2f', '语文真题', 1, 1, '67eae2c46e5f4', 1743449138, 1743449138, NULL, '', 1, '', 1);
INSERT INTO `t_tenant_exam_category` (`id`, `uid`, `title`, `is_show`, `sort`, `parent_uid`, `create_time`, `update_time`, `delete_time`, `cover`, `is_recommend`, `icon`, `tenant_id`) VALUES (34, '67eaec6fb1285', '数学真题', 1, 1, '67eae2c46e5f4', 1743449199, 1743449199, NULL, '', 1, '', 1);
INSERT INTO `t_tenant_exam_category` (`id`, `uid`, `title`, `is_show`, `sort`, `parent_uid`, `create_time`, `update_time`, `delete_time`, `cover`, `is_recommend`, `icon`, `tenant_id`) VALUES (35, '67eaec7dd0c2d', '英语真题', 0, 1, '67eae2c46e5f4', 1743449213, 1743449213, NULL, '', 2, '', 1);
COMMIT;

-- ----------------------------
-- Table structure for t_tenant_exam_chapter
-- ----------------------------
DROP TABLE IF EXISTS `t_tenant_exam_chapter`;
CREATE TABLE `t_tenant_exam_chapter` (
  `id` bigint(20) unsigned NOT NULL AUTO_INCREMENT,
  `uid` varchar(36) CHARACTER SET utf8mb4 COLLATE utf8mb4_general_ci NOT NULL,
  `title` varchar(32) CHARACTER SET utf8mb4 COLLATE utf8mb4_general_ci NOT NULL,
  `is_show` tinyint(3) unsigned NOT NULL DEFAULT '2',
  `sort` int(10) unsigned NOT NULL DEFAULT '0',
  `parent_uid` varchar(255) CHARACTER SET utf8mb4 COLLATE utf8mb4_general_ci NOT NULL DEFAULT '0',
  `create_time` int(10) unsigned NOT NULL,
  `update_time` int(10) unsigned NOT NULL,
  `delete_time` int(10) unsigned DEFAULT NULL,
  `tenant_id` int(10) unsigned NOT NULL DEFAULT '0',
  `tenant_exam_library_uid` varchar(36) COLLATE utf8mb4_general_ci NOT NULL,
  PRIMARY KEY (`id`) USING BTREE,
  UNIQUE KEY `uid` (`uid`) USING BTREE
) ENGINE=InnoDB AUTO_INCREMENT=3 DEFAULT CHARSET=utf8mb4 COLLATE=utf8mb4_general_ci ROW_FORMAT=DYNAMIC COMMENT='题库章节';

-- ----------------------------
-- Records of t_tenant_exam_chapter
-- ----------------------------
BEGIN;
INSERT INTO `t_tenant_exam_chapter` (`id`, `uid`, `title`, `is_show`, `sort`, `parent_uid`, `create_time`, `update_time`, `delete_time`, `tenant_id`, `tenant_exam_library_uid`) VALUES (1, '67fa2a6aef230', '阿斯顿发斯蒂芬', 1, 0, '', 1744448106, 1744448106, NULL, 1, '68163f929613d');
INSERT INTO `t_tenant_exam_chapter` (`id`, `uid`, `title`, `is_show`, `sort`, `parent_uid`, `create_time`, `update_time`, `delete_time`, `tenant_id`, `tenant_exam_library_uid`) VALUES (2, '67fa2a7fe3b13', '是大法师的', 1, 0, '67fa2a6aef230', 1744448127, 1744448127, NULL, 1, '68163f929613d');
COMMIT;

-- ----------------------------
-- Table structure for t_tenant_exam_examination
-- ----------------------------
DROP TABLE IF EXISTS `t_tenant_exam_examination`;
CREATE TABLE `t_tenant_exam_examination` (
  `id` bigint(20) unsigned NOT NULL AUTO_INCREMENT,
  `uid` varchar(36) CHARACTER SET utf8mb4 COLLATE utf8mb4_general_ci NOT NULL,
  `title` text CHARACTER SET utf8mb4 COLLATE utf8mb4_general_ci NOT NULL,
  `score` decimal(6,2) unsigned NOT NULL DEFAULT '1.00' COMMENT '及格分数',
  `content` text CHARACTER SET utf8mb4 COLLATE utf8mb4_general_ci,
  `sort` int(10) unsigned NOT NULL DEFAULT '0',
  `is_show` tinyint(3) unsigned NOT NULL DEFAULT '1',
  `create_time` int(10) unsigned NOT NULL,
  `update_time` int(10) unsigned NOT NULL,
  `delete_time` int(10) unsigned DEFAULT NULL,
  `admin_id` int(10) unsigned NOT NULL DEFAULT '0',
  `tenant_id` int(10) unsigned NOT NULL DEFAULT '0',
  `start_time` datetime NOT NULL,
  `end_time` datetime NOT NULL,
  `privilege` tinyint(4) NOT NULL COMMENT '1公开2私有',
  `exam_time` time NOT NULL COMMENT '考试时间',
  `exam_submit_type` tinyint(3) unsigned NOT NULL DEFAULT '0' COMMENT '答题次数类型',
  `submit_count_value` tinyint(4) NOT NULL COMMENT '答题次数类型值',
  `login_style` tinyint(3) unsigned NOT NULL COMMENT '考试登录方式',
  PRIMARY KEY (`id`) USING BTREE,
  UNIQUE KEY `uid` (`uid`) USING BTREE
) ENGINE=InnoDB AUTO_INCREMENT=2 DEFAULT CHARSET=utf8mb4 COLLATE=utf8mb4_general_ci ROW_FORMAT=DYNAMIC COMMENT='考试管理';

-- ----------------------------
-- Records of t_tenant_exam_examination
-- ----------------------------
BEGIN;
INSERT INTO `t_tenant_exam_examination` (`id`, `uid`, `title`, `score`, `content`, `sort`, `is_show`, `create_time`, `update_time`, `delete_time`, `admin_id`, `tenant_id`, `start_time`, `end_time`, `privilege`, `exam_time`, `exam_submit_type`, `submit_count_value`, `login_style`) VALUES (1, '67fbfd53723a9', '测试试卷测试试卷测试试卷测试试卷', 0.00, '<p>1</p>', 0, 1, 1744567635, 1744567635, NULL, 1, 1, '2025-04-14 02:06:58', '2025-04-14 02:07:00', 1, '02:06:54', 1, 0, 1);
COMMIT;

-- ----------------------------
-- Table structure for t_tenant_exam_library
-- ----------------------------
DROP TABLE IF EXISTS `t_tenant_exam_library`;
CREATE TABLE `t_tenant_exam_library` (
  `id` bigint(20) unsigned NOT NULL AUTO_INCREMENT,
  `uid` varchar(36) CHARACTER SET utf8mb4 COLLATE utf8mb4_general_ci NOT NULL,
  `title` varchar(255) CHARACTER SET utf8mb4 COLLATE utf8mb4_general_ci NOT NULL,
  `is_show` tinyint(3) unsigned NOT NULL DEFAULT '2',
  `sort` int(10) unsigned NOT NULL DEFAULT '0',
  `create_time` int(10) unsigned NOT NULL,
  `update_time` int(10) unsigned NOT NULL,
  `delete_time` int(10) unsigned DEFAULT NULL,
  `image` text CHARACTER SET utf8mb4 COLLATE utf8mb4_general_ci,
  `remark` text CHARACTER SET utf8mb4 COLLATE utf8mb4_general_ci NOT NULL,
  `category_uid` varchar(36) CHARACTER SET utf8mb4 COLLATE utf8mb4_general_ci NOT NULL,
  `author` varchar(20) CHARACTER SET utf8mb4 COLLATE utf8mb4_general_ci NOT NULL DEFAULT '兔兔答题',
  `free_state` varchar(36) CHARACTER SET utf8mb4 COLLATE utf8mb4_general_ci NOT NULL DEFAULT '2',
  `money` decimal(10,2) unsigned DEFAULT '0.00',
  `discount` decimal(10,2) DEFAULT '0.00',
  `tenant_id` int(10) unsigned NOT NULL DEFAULT '0',
  `year` int(10) unsigned DEFAULT '0',
  `recommend_state` tinyint(3) unsigned NOT NULL DEFAULT '0',
  `hot_state` tinyint(3) unsigned NOT NULL DEFAULT '0',
  PRIMARY KEY (`id`) USING BTREE,
  UNIQUE KEY `uid` (`uid`) USING BTREE,
  KEY `cate_uid` (`category_uid`) USING BTREE
) ENGINE=InnoDB AUTO_INCREMENT=350 DEFAULT CHARSET=utf8mb4 COLLATE=utf8mb4_general_ci ROW_FORMAT=DYNAMIC COMMENT='题库';

-- ----------------------------
-- Records of t_tenant_exam_library
-- ----------------------------
BEGIN;
INSERT INTO `t_tenant_exam_library` (`id`, `uid`, `title`, `is_show`, `sort`, `create_time`, `update_time`, `delete_time`, `image`, `remark`, `category_uid`, `author`, `free_state`, `money`, `discount`, `tenant_id`, `year`, `recommend_state`, `hot_state`) VALUES (287, '67eb06e072bfa', '统编版2024-2025学年三年级语文上册期末试卷', 1, 1, 1743455968, 1743455968, NULL, 'uploads/images/20250503/202505030044287c8e89569.jpeg', '免费开放的题库', '67eaec6fb1285', '兔兔答题', '1', 0.00, 0.00, 1, 2020, 0, 1);
INSERT INTO `t_tenant_exam_library` (`id`, `uid`, `title`, `is_show`, `sort`, `create_time`, `update_time`, `delete_time`, `image`, `remark`, `category_uid`, `author`, `free_state`, `money`, `discount`, `tenant_id`, `year`, `recommend_state`, `hot_state`) VALUES (288, '6814f29432a75', '统编版2024-2025学年小学五年级语文上册期中试卷', 1, 0, 1746203284, 1746203284, NULL, 'uploads/images/20250503/202505030044284f56b2580.png', '', '67eaec3258b2f', 't兔兔答题', '1', 0.00, 0.00, 1, 2020, 0, 1);
INSERT INTO `t_tenant_exam_library` (`id`, `uid`, `title`, `is_show`, `sort`, `create_time`, `update_time`, `delete_time`, `image`, `remark`, `category_uid`, `author`, `free_state`, `money`, `discount`, `tenant_id`, `year`, `recommend_state`, `hot_state`) VALUES (289, '6814f29432a71159', '统编版2024-2025学年小学五年级语文上册期中试卷', 1, 0, 1746203284, 1746203284, NULL, 'uploads/images/20250503/202505030044284f56b2580.png', '', '67eaec3258b2f', 't兔兔答题', '1', 0.00, 0.00, 1, 2020, 0, 1);
INSERT INTO `t_tenant_exam_library` (`id`, `uid`, `title`, `is_show`, `sort`, `create_time`, `update_time`, `delete_time`, `image`, `remark`, `category_uid`, `author`, `free_state`, `money`, `discount`, `tenant_id`, `year`, `recommend_state`, `hot_state`) VALUES (290, '6814f29432a71497', '统编版2024-2025学年小学五年级语文上册期中试卷', 1, 0, 1746203284, 1746203284, NULL, 'uploads/images/20250503/202505030044284f56b2580.png', '', '67eaec3258b2f', 't兔兔答题', '1', 0.00, 0.00, 1, 2020, 0, 1);
INSERT INTO `t_tenant_exam_library` (`id`, `uid`, `title`, `is_show`, `sort`, `create_time`, `update_time`, `delete_time`, `image`, `remark`, `category_uid`, `author`, `free_state`, `money`, `discount`, `tenant_id`, `year`, `recommend_state`, `hot_state`) VALUES (291, '6814f29432a719', '统编版2024-2025学年小学五年级语文上册期中试卷', 1, 0, 1746203284, 1746203284, NULL, 'uploads/images/20250503/202505030044284f56b2580.png', '', '67eaec3258b2f', 't兔兔答题', '1', 0.00, 0.00, 1, 2020, 0, 1);
INSERT INTO `t_tenant_exam_library` (`id`, `uid`, `title`, `is_show`, `sort`, `create_time`, `update_time`, `delete_time`, `image`, `remark`, `category_uid`, `author`, `free_state`, `money`, `discount`, `tenant_id`, `year`, `recommend_state`, `hot_state`) VALUES (292, '6814f29432a71557', '统编版2024-2025学年小学五年级语文上册期中试卷', 1, 0, 1746203284, 1746203284, NULL, 'uploads/images/20250503/202505030044284f56b2580.png', '', '67eaec3258b2f', 't兔兔答题', '1', 0.00, 0.00, 1, 2020, 0, 1);
INSERT INTO `t_tenant_exam_library` (`id`, `uid`, `title`, `is_show`, `sort`, `create_time`, `update_time`, `delete_time`, `image`, `remark`, `category_uid`, `author`, `free_state`, `money`, `discount`, `tenant_id`, `year`, `recommend_state`, `hot_state`) VALUES (293, '6814f29432a71756', '统编版2024-2025学年小学五年级语文上册期中试卷', 1, 0, 1746203284, 1746203284, NULL, 'uploads/images/20250503/202505030044284f56b2580.png', '', '67eaec3258b2f', 't兔兔答题', '1', 0.00, 0.00, 1, 2020, 0, 1);
INSERT INTO `t_tenant_exam_library` (`id`, `uid`, `title`, `is_show`, `sort`, `create_time`, `update_time`, `delete_time`, `image`, `remark`, `category_uid`, `author`, `free_state`, `money`, `discount`, `tenant_id`, `year`, `recommend_state`, `hot_state`) VALUES (294, '6814f29432a71107', '统编版2024-2025学年小学五年级语文上册期中试卷', 1, 0, 1746203284, 1746203284, NULL, 'uploads/images/20250503/202505030044284f56b2580.png', '', '67eaec3258b2f', 't兔兔答题', '1', 0.00, 0.00, 1, 2020, 0, 1);
INSERT INTO `t_tenant_exam_library` (`id`, `uid`, `title`, `is_show`, `sort`, `create_time`, `update_time`, `delete_time`, `image`, `remark`, `category_uid`, `author`, `free_state`, `money`, `discount`, `tenant_id`, `year`, `recommend_state`, `hot_state`) VALUES (295, '6814f29432a71270', '统编版2024-2025学年小学五年级语文上册期中试卷', 1, 0, 1746203284, 1746203284, NULL, 'uploads/images/20250503/202505030044284f56b2580.png', '', '67eaec3258b2f', 't兔兔答题', '1', 0.00, 0.00, 1, 2020, 0, 1);
INSERT INTO `t_tenant_exam_library` (`id`, `uid`, `title`, `is_show`, `sort`, `create_time`, `update_time`, `delete_time`, `image`, `remark`, `category_uid`, `author`, `free_state`, `money`, `discount`, `tenant_id`, `year`, `recommend_state`, `hot_state`) VALUES (296, '6814f29432a7129', '统编版2024-2025学年小学五年级语文上册期中试卷', 1, 0, 1746203284, 1746203284, NULL, 'uploads/images/20250503/202505030044284f56b2580.png', '', '67eaec3258b2f', 't兔兔答题', '1', 0.00, 0.00, 1, 2020, 0, 1);
INSERT INTO `t_tenant_exam_library` (`id`, `uid`, `title`, `is_show`, `sort`, `create_time`, `update_time`, `delete_time`, `image`, `remark`, `category_uid`, `author`, `free_state`, `money`, `discount`, `tenant_id`, `year`, `recommend_state`, `hot_state`) VALUES (297, '6814f29432a71338', '统编版2024-2025学年小学五年级语文上册期中试卷', 1, 0, 1746203284, 1746203284, NULL, 'uploads/images/20250503/202505030044284f56b2580.png', '', '67eaec3258b2f', 't兔兔答题', '1', 0.00, 0.00, 1, 2020, 0, 1);
INSERT INTO `t_tenant_exam_library` (`id`, `uid`, `title`, `is_show`, `sort`, `create_time`, `update_time`, `delete_time`, `image`, `remark`, `category_uid`, `author`, `free_state`, `money`, `discount`, `tenant_id`, `year`, `recommend_state`, `hot_state`) VALUES (298, '6814f29432a71601', '统编版2024-2025学年小学五年级语文上册期中试卷', 1, 0, 1746203284, 1746203284, NULL, 'uploads/images/20250503/202505030044284f56b2580.png', '', '67eaec3258b2f', 't兔兔答题', '1', 0.00, 0.00, 1, 2020, 0, 1);
INSERT INTO `t_tenant_exam_library` (`id`, `uid`, `title`, `is_show`, `sort`, `create_time`, `update_time`, `delete_time`, `image`, `remark`, `category_uid`, `author`, `free_state`, `money`, `discount`, `tenant_id`, `year`, `recommend_state`, `hot_state`) VALUES (299, '6814f29432a71989', '统编版2024-2025学年小学五年级语文上册期中试卷', 1, 0, 1746203284, 1746203284, NULL, 'uploads/images/20250503/202505030044284f56b2580.png', '', '67eaec3258b2f', 't兔兔答题', '1', 0.00, 0.00, 1, 2020, 0, 1);
INSERT INTO `t_tenant_exam_library` (`id`, `uid`, `title`, `is_show`, `sort`, `create_time`, `update_time`, `delete_time`, `image`, `remark`, `category_uid`, `author`, `free_state`, `money`, `discount`, `tenant_id`, `year`, `recommend_state`, `hot_state`) VALUES (300, '6814f29432a71139', '统编版2024-2025学年小学五年级语文上册期中试卷', 1, 0, 1746203284, 1746203284, NULL, 'uploads/images/20250503/202505030044284f56b2580.png', '', '67eaec3258b2f', 't兔兔答题', '1', 0.00, 0.00, 1, 2020, 0, 1);
INSERT INTO `t_tenant_exam_library` (`id`, `uid`, `title`, `is_show`, `sort`, `create_time`, `update_time`, `delete_time`, `image`, `remark`, `category_uid`, `author`, `free_state`, `money`, `discount`, `tenant_id`, `year`, `recommend_state`, `hot_state`) VALUES (301, '6814f29432a71731', '统编版2024-2025学年小学五年级语文上册期中试卷', 1, 0, 1746203284, 1746203284, NULL, 'uploads/images/20250503/202505030044284f56b2580.png', '', '67eaec3258b2f', 't兔兔答题', '1', 0.00, 0.00, 1, 2020, 0, 1);
INSERT INTO `t_tenant_exam_library` (`id`, `uid`, `title`, `is_show`, `sort`, `create_time`, `update_time`, `delete_time`, `image`, `remark`, `category_uid`, `author`, `free_state`, `money`, `discount`, `tenant_id`, `year`, `recommend_state`, `hot_state`) VALUES (302, '6814f29432a71235', '统编版2024-2025学年小学五年级语文上册期中试卷', 1, 0, 1746203284, 1746203284, NULL, 'uploads/images/20250503/202505030044284f56b2580.png', '', '67eaec3258b2f', 't兔兔答题', '1', 0.00, 0.00, 1, 2020, 0, 1);
INSERT INTO `t_tenant_exam_library` (`id`, `uid`, `title`, `is_show`, `sort`, `create_time`, `update_time`, `delete_time`, `image`, `remark`, `category_uid`, `author`, `free_state`, `money`, `discount`, `tenant_id`, `year`, `recommend_state`, `hot_state`) VALUES (303, '6814f29432a71986', '统编版2024-2025学年小学五年级语文上册期中试卷', 1, 0, 1746203284, 1746203284, NULL, 'uploads/images/20250503/202505030044284f56b2580.png', '', '67eaec3258b2f', 't兔兔答题', '1', 0.00, 0.00, 1, 2020, 0, 1);
INSERT INTO `t_tenant_exam_library` (`id`, `uid`, `title`, `is_show`, `sort`, `create_time`, `update_time`, `delete_time`, `image`, `remark`, `category_uid`, `author`, `free_state`, `money`, `discount`, `tenant_id`, `year`, `recommend_state`, `hot_state`) VALUES (304, '6814f29432a71223', '统编版2024-2025学年小学五年级语文上册期中试卷', 1, 0, 1746203284, 1746203284, NULL, 'uploads/images/20250503/202505030044284f56b2580.png', '', '67eaec3258b2f', 't兔兔答题', '1', 0.00, 0.00, 1, 2020, 0, 1);
INSERT INTO `t_tenant_exam_library` (`id`, `uid`, `title`, `is_show`, `sort`, `create_time`, `update_time`, `delete_time`, `image`, `remark`, `category_uid`, `author`, `free_state`, `money`, `discount`, `tenant_id`, `year`, `recommend_state`, `hot_state`) VALUES (305, '6814f29432a71157', '统编版2024-2025学年小学五年级语文上册期中试卷', 1, 0, 1746203284, 1746203284, NULL, 'uploads/images/20250503/202505030044284f56b2580.png', '', '67eaec3258b2f', 't兔兔答题', '1', 0.00, 0.00, 1, 2020, 0, 1);
INSERT INTO `t_tenant_exam_library` (`id`, `uid`, `title`, `is_show`, `sort`, `create_time`, `update_time`, `delete_time`, `image`, `remark`, `category_uid`, `author`, `free_state`, `money`, `discount`, `tenant_id`, `year`, `recommend_state`, `hot_state`) VALUES (306, '6814f29432a71118', '统编版2024-2025学年小学五年级语文上册期中试卷', 1, 0, 1746203284, 1746203284, NULL, 'uploads/images/20250503/202505030044284f56b2580.png', '', '67eaec3258b2f', 't兔兔答题', '1', 0.00, 0.00, 1, 2020, 0, 1);
INSERT INTO `t_tenant_exam_library` (`id`, `uid`, `title`, `is_show`, `sort`, `create_time`, `update_time`, `delete_time`, `image`, `remark`, `category_uid`, `author`, `free_state`, `money`, `discount`, `tenant_id`, `year`, `recommend_state`, `hot_state`) VALUES (307, '6814f29432a71120', '统编版2024-2025学年小学五年级语文上册期中试卷', 1, 0, 1746203284, 1746203284, NULL, 'uploads/images/20250503/202505030044284f56b2580.png', '', '67eaec3258b2f', 't兔兔答题', '1', 0.00, 0.00, 1, 2020, 0, 1);
INSERT INTO `t_tenant_exam_library` (`id`, `uid`, `title`, `is_show`, `sort`, `create_time`, `update_time`, `delete_time`, `image`, `remark`, `category_uid`, `author`, `free_state`, `money`, `discount`, `tenant_id`, `year`, `recommend_state`, `hot_state`) VALUES (308, '6814f29432a71244', '统编版2024-2025学年小学五年级语文上册期中试卷', 1, 0, 1746203284, 1746203284, NULL, 'uploads/images/20250503/202505030044284f56b2580.png', '', '67eaec3258b2f', 't兔兔答题', '1', 0.00, 0.00, 1, 2020, 0, 1);
INSERT INTO `t_tenant_exam_library` (`id`, `uid`, `title`, `is_show`, `sort`, `create_time`, `update_time`, `delete_time`, `image`, `remark`, `category_uid`, `author`, `free_state`, `money`, `discount`, `tenant_id`, `year`, `recommend_state`, `hot_state`) VALUES (309, '6814f29432a71861', '统编版2024-2025学年小学五年级语文上册期中试卷', 1, 0, 1746203284, 1746203284, NULL, 'uploads/images/20250503/202505030044284f56b2580.png', '', '67eaec3258b2f', 't兔兔答题', '1', 0.00, 0.00, 1, 2020, 0, 1);
INSERT INTO `t_tenant_exam_library` (`id`, `uid`, `title`, `is_show`, `sort`, `create_time`, `update_time`, `delete_time`, `image`, `remark`, `category_uid`, `author`, `free_state`, `money`, `discount`, `tenant_id`, `year`, `recommend_state`, `hot_state`) VALUES (310, '6814f29432a71571', '统编版2024-2025学年小学五年级语文上册期中试卷', 1, 0, 1746203284, 1746203284, NULL, 'uploads/images/20250503/202505030044284f56b2580.png', '', '67eaec3258b2f', 't兔兔答题', '1', 0.00, 0.00, 1, 2020, 0, 1);
INSERT INTO `t_tenant_exam_library` (`id`, `uid`, `title`, `is_show`, `sort`, `create_time`, `update_time`, `delete_time`, `image`, `remark`, `category_uid`, `author`, `free_state`, `money`, `discount`, `tenant_id`, `year`, `recommend_state`, `hot_state`) VALUES (311, '6814f29432a71271', '统编版2024-2025学年小学五年级语文上册期中试卷', 1, 0, 1746203284, 1746203284, NULL, 'uploads/images/20250503/202505030044284f56b2580.png', '', '67eaec3258b2f', 't兔兔答题', '1', 0.00, 0.00, 1, 2020, 1, 1);
INSERT INTO `t_tenant_exam_library` (`id`, `uid`, `title`, `is_show`, `sort`, `create_time`, `update_time`, `delete_time`, `image`, `remark`, `category_uid`, `author`, `free_state`, `money`, `discount`, `tenant_id`, `year`, `recommend_state`, `hot_state`) VALUES (312, '6814f29432a71645', '统编版2024-2025学年小学五年级语文上册期中试卷', 1, 0, 1746203284, 1746203284, NULL, 'uploads/images/20250503/202505030044284f56b2580.png', '', '67eaec3258b2f', 't兔兔答题', '1', 0.00, 0.00, 1, 2020, 0, 1);
INSERT INTO `t_tenant_exam_library` (`id`, `uid`, `title`, `is_show`, `sort`, `create_time`, `update_time`, `delete_time`, `image`, `remark`, `category_uid`, `author`, `free_state`, `money`, `discount`, `tenant_id`, `year`, `recommend_state`, `hot_state`) VALUES (313, '6814f29432a71412', '统编版2024-2025学年小学五年级语文上册期中试卷', 1, 0, 1746203284, 1746203284, NULL, 'uploads/images/20250503/202505030044284f56b2580.png', '', '67eaec3258b2f', 't兔兔答题', '1', 0.00, 0.00, 1, 2020, 0, 1);
INSERT INTO `t_tenant_exam_library` (`id`, `uid`, `title`, `is_show`, `sort`, `create_time`, `update_time`, `delete_time`, `image`, `remark`, `category_uid`, `author`, `free_state`, `money`, `discount`, `tenant_id`, `year`, `recommend_state`, `hot_state`) VALUES (314, '6814f29432a71126', '统编版2024-2025学年小学五年级语文上册期中试卷', 1, 0, 1746203284, 1746203284, NULL, 'uploads/images/20250503/202505030044284f56b2580.png', '', '67eaec3258b2f', 't兔兔答题', '1', 0.00, 0.00, 1, 2020, 0, 1);
INSERT INTO `t_tenant_exam_library` (`id`, `uid`, `title`, `is_show`, `sort`, `create_time`, `update_time`, `delete_time`, `image`, `remark`, `category_uid`, `author`, `free_state`, `money`, `discount`, `tenant_id`, `year`, `recommend_state`, `hot_state`) VALUES (315, '6814f29432a71392', '统编版2024-2025学年小学五年级语文上册期中试卷', 1, 0, 1746203284, 1746203284, NULL, 'uploads/images/20250503/202505030044284f56b2580.png', '', '67eaec3258b2f', 't兔兔答题', '1', 0.00, 0.00, 1, 2020, 0, 1);
INSERT INTO `t_tenant_exam_library` (`id`, `uid`, `title`, `is_show`, `sort`, `create_time`, `update_time`, `delete_time`, `image`, `remark`, `category_uid`, `author`, `free_state`, `money`, `discount`, `tenant_id`, `year`, `recommend_state`, `hot_state`) VALUES (316, '6814f29432a71584', '统编版2024-2025学年小学五年级语文上册期中试卷', 1, 0, 1746203284, 1746203284, NULL, 'uploads/images/20250503/202505030044284f56b2580.png', '', '67eaec3258b2f', 't兔兔答题', '1', 0.00, 0.00, 1, 2020, 0, 1);
INSERT INTO `t_tenant_exam_library` (`id`, `uid`, `title`, `is_show`, `sort`, `create_time`, `update_time`, `delete_time`, `image`, `remark`, `category_uid`, `author`, `free_state`, `money`, `discount`, `tenant_id`, `year`, `recommend_state`, `hot_state`) VALUES (317, '6814f29432a71742', '统编版2024-2025学年小学五年级语文上册期中试卷', 1, 0, 1746203284, 1746203284, NULL, 'uploads/images/20250503/202505030044284f56b2580.png', '', '67eaec3258b2f', 't兔兔答题', '1', 0.00, 0.00, 1, 2020, 0, 1);
INSERT INTO `t_tenant_exam_library` (`id`, `uid`, `title`, `is_show`, `sort`, `create_time`, `update_time`, `delete_time`, `image`, `remark`, `category_uid`, `author`, `free_state`, `money`, `discount`, `tenant_id`, `year`, `recommend_state`, `hot_state`) VALUES (318, '6814f29432a71957', '统编版2024-2025学年小学五年级语文上册期中试卷', 1, 0, 1746203284, 1746203284, NULL, 'uploads/images/20250503/202505030044284f56b2580.png', '', '67eaec3258b2f', 't兔兔答题', '1', 0.00, 0.00, 1, 2020, 0, 1);
INSERT INTO `t_tenant_exam_library` (`id`, `uid`, `title`, `is_show`, `sort`, `create_time`, `update_time`, `delete_time`, `image`, `remark`, `category_uid`, `author`, `free_state`, `money`, `discount`, `tenant_id`, `year`, `recommend_state`, `hot_state`) VALUES (320, '6814f29432a71917', '统编版2024-2025学年小学五年级语文上册期中试卷', 1, 0, 1746203284, 1746203284, NULL, 'uploads/images/20250503/202505030044284f56b2580.png', '', '67eaec3258b2f', 't兔兔答题', '1', 0.00, 0.00, 1, 2020, 0, 1);
INSERT INTO `t_tenant_exam_library` (`id`, `uid`, `title`, `is_show`, `sort`, `create_time`, `update_time`, `delete_time`, `image`, `remark`, `category_uid`, `author`, `free_state`, `money`, `discount`, `tenant_id`, `year`, `recommend_state`, `hot_state`) VALUES (321, '6814f29432a71914', '统编版2024-2025学年小学五年级语文上册期中试卷', 1, 0, 1746203284, 1746203284, NULL, 'uploads/images/20250503/202505030044284f56b2580.png', '', '67eaec3258b2f', 't兔兔答题', '1', 0.00, 0.00, 1, 2020, 0, 1);
INSERT INTO `t_tenant_exam_library` (`id`, `uid`, `title`, `is_show`, `sort`, `create_time`, `update_time`, `delete_time`, `image`, `remark`, `category_uid`, `author`, `free_state`, `money`, `discount`, `tenant_id`, `year`, `recommend_state`, `hot_state`) VALUES (322, '6814f29432a71816', '统编版2024-2025学年小学五年级语文上册期中试卷', 1, 0, 1746203284, 1746203284, NULL, 'uploads/images/20250503/202505030044284f56b2580.png', '', '67eaec3258b2f', 't兔兔答题', '1', 0.00, 0.00, 1, 2020, 0, 1);
INSERT INTO `t_tenant_exam_library` (`id`, `uid`, `title`, `is_show`, `sort`, `create_time`, `update_time`, `delete_time`, `image`, `remark`, `category_uid`, `author`, `free_state`, `money`, `discount`, `tenant_id`, `year`, `recommend_state`, `hot_state`) VALUES (323, '6814f29432a71340', '统编版2024-2025学年小学五年级语文上册期中试卷', 1, 0, 1746203284, 1746203284, NULL, 'uploads/images/20250503/202505030044284f56b2580.png', '', '67eaec3258b2f', 't兔兔答题', '1', 0.00, 0.00, 1, 2020, 0, 1);
INSERT INTO `t_tenant_exam_library` (`id`, `uid`, `title`, `is_show`, `sort`, `create_time`, `update_time`, `delete_time`, `image`, `remark`, `category_uid`, `author`, `free_state`, `money`, `discount`, `tenant_id`, `year`, `recommend_state`, `hot_state`) VALUES (324, '6814f29432a71250', '统编版2024-2025学年小学五年级语文上册期中试卷', 1, 0, 1746203284, 1746203284, NULL, 'uploads/images/20250503/202505030044284f56b2580.png', '', '67eaec3258b2f', 't兔兔答题', '1', 0.00, 0.00, 1, 2020, 0, 1);
INSERT INTO `t_tenant_exam_library` (`id`, `uid`, `title`, `is_show`, `sort`, `create_time`, `update_time`, `delete_time`, `image`, `remark`, `category_uid`, `author`, `free_state`, `money`, `discount`, `tenant_id`, `year`, `recommend_state`, `hot_state`) VALUES (325, '6814f29432a71234', '统编版2024-2025学年小学五年级语文上册期中试卷', 1, 0, 1746203284, 1746203284, NULL, 'uploads/images/20250503/202505030044284f56b2580.png', '', '67eaec3258b2f', 't兔兔答题', '1', 0.00, 0.00, 1, 2020, 0, 1);
INSERT INTO `t_tenant_exam_library` (`id`, `uid`, `title`, `is_show`, `sort`, `create_time`, `update_time`, `delete_time`, `image`, `remark`, `category_uid`, `author`, `free_state`, `money`, `discount`, `tenant_id`, `year`, `recommend_state`, `hot_state`) VALUES (326, '6814f29432a71418', '统编版2024-2025学年小学五年级语文上册期中试卷', 1, 0, 1746203284, 1746203284, NULL, 'uploads/images/20250503/202505030044284f56b2580.png', '', '67eaec3258b2f', 't兔兔答题', '1', 0.00, 0.00, 1, 2020, 0, 1);
INSERT INTO `t_tenant_exam_library` (`id`, `uid`, `title`, `is_show`, `sort`, `create_time`, `update_time`, `delete_time`, `image`, `remark`, `category_uid`, `author`, `free_state`, `money`, `discount`, `tenant_id`, `year`, `recommend_state`, `hot_state`) VALUES (327, '6814f29432a71388', '统编版2024-2025学年小学五年级语文上册期中试卷', 1, 0, 1746203284, 1746203284, NULL, 'uploads/images/20250503/202505030044284f56b2580.png', '', '67eaec3258b2f', 't兔兔答题', '1', 0.00, 0.00, 1, 2020, 0, 1);
INSERT INTO `t_tenant_exam_library` (`id`, `uid`, `title`, `is_show`, `sort`, `create_time`, `update_time`, `delete_time`, `image`, `remark`, `category_uid`, `author`, `free_state`, `money`, `discount`, `tenant_id`, `year`, `recommend_state`, `hot_state`) VALUES (328, '6814f29432a71689', '统编版2024-2025学年小学五年级语文上册期中试卷', 1, 0, 1746203284, 1746203284, NULL, 'uploads/images/20250503/202505030044284f56b2580.png', '', '67eaec3258b2f', 't兔兔答题', '1', 0.00, 0.00, 1, 2020, 0, 1);
INSERT INTO `t_tenant_exam_library` (`id`, `uid`, `title`, `is_show`, `sort`, `create_time`, `update_time`, `delete_time`, `image`, `remark`, `category_uid`, `author`, `free_state`, `money`, `discount`, `tenant_id`, `year`, `recommend_state`, `hot_state`) VALUES (329, '6814f29432a71276', '统编版2024-2025学年小学五年级语文上册期中试卷', 1, 0, 1746203284, 1746203284, NULL, 'uploads/images/20250503/202505030044284f56b2580.png', '', '67eaec3258b2f', 't兔兔答题', '1', 0.00, 0.00, 1, 2020, 0, 1);
INSERT INTO `t_tenant_exam_library` (`id`, `uid`, `title`, `is_show`, `sort`, `create_time`, `update_time`, `delete_time`, `image`, `remark`, `category_uid`, `author`, `free_state`, `money`, `discount`, `tenant_id`, `year`, `recommend_state`, `hot_state`) VALUES (330, '6814f29432a71316', '统编版2024-2025学年小学五年级语文上册期中试卷', 1, 0, 1746203284, 1746203284, NULL, 'uploads/images/20250503/202505030044284f56b2580.png', '', '67eaec3258b2f', 't兔兔答题', '1', 0.00, 0.00, 1, 2020, 0, 1);
INSERT INTO `t_tenant_exam_library` (`id`, `uid`, `title`, `is_show`, `sort`, `create_time`, `update_time`, `delete_time`, `image`, `remark`, `category_uid`, `author`, `free_state`, `money`, `discount`, `tenant_id`, `year`, `recommend_state`, `hot_state`) VALUES (331, '6814f29432a71753', '统编版2024-2025学年小学五年级语文上册期中试卷', 1, 0, 1746203284, 1746203284, NULL, 'uploads/images/20250503/202505030044284f56b2580.png', '', '67eaec3258b2f', 't兔兔答题', '1', 0.00, 0.00, 1, 2020, 0, 1);
INSERT INTO `t_tenant_exam_library` (`id`, `uid`, `title`, `is_show`, `sort`, `create_time`, `update_time`, `delete_time`, `image`, `remark`, `category_uid`, `author`, `free_state`, `money`, `discount`, `tenant_id`, `year`, `recommend_state`, `hot_state`) VALUES (333, '6814f29432a71818', '统编版2024-2025学年小学五年级语文上册期中试卷', 1, 0, 1746203284, 1746203284, NULL, 'uploads/images/20250503/202505030044284f56b2580.png', '', '67eaec3258b2f', 't兔兔答题', '1', 0.00, 0.00, 1, 2020, 0, 1);
INSERT INTO `t_tenant_exam_library` (`id`, `uid`, `title`, `is_show`, `sort`, `create_time`, `update_time`, `delete_time`, `image`, `remark`, `category_uid`, `author`, `free_state`, `money`, `discount`, `tenant_id`, `year`, `recommend_state`, `hot_state`) VALUES (334, '6814f29432a71644', '统编版2024-2025学年小学五年级语文上册期中试卷', 1, 0, 1746203284, 1746203284, NULL, 'uploads/images/20250503/202505030044284f56b2580.png', '', '67eaec3258b2f', 't兔兔答题', '1', 0.00, 0.00, 1, 2020, 1, 1);
INSERT INTO `t_tenant_exam_library` (`id`, `uid`, `title`, `is_show`, `sort`, `create_time`, `update_time`, `delete_time`, `image`, `remark`, `category_uid`, `author`, `free_state`, `money`, `discount`, `tenant_id`, `year`, `recommend_state`, `hot_state`) VALUES (335, '6814f29432a71765', '统编版2024-2025学年小学五年级语文上册期中试卷', 1, 0, 1746203284, 1746203284, NULL, 'uploads/images/20250503/202505030044284f56b2580.png', '', '67eaec3258b2f', 't兔兔答题', '1', 0.00, 0.00, 1, 2020, 0, 1);
INSERT INTO `t_tenant_exam_library` (`id`, `uid`, `title`, `is_show`, `sort`, `create_time`, `update_time`, `delete_time`, `image`, `remark`, `category_uid`, `author`, `free_state`, `money`, `discount`, `tenant_id`, `year`, `recommend_state`, `hot_state`) VALUES (336, '6814f29432a71895', '统编版2024-2025学年小学五年级语文上册期中试卷', 1, 0, 1746203284, 1746203284, NULL, 'uploads/images/20250503/202505030044284f56b2580.png', '', '67eaec3258b2f', 't兔兔答题', '1', 0.00, 0.00, 1, 2020, 0, 1);
INSERT INTO `t_tenant_exam_library` (`id`, `uid`, `title`, `is_show`, `sort`, `create_time`, `update_time`, `delete_time`, `image`, `remark`, `category_uid`, `author`, `free_state`, `money`, `discount`, `tenant_id`, `year`, `recommend_state`, `hot_state`) VALUES (337, '6814f29432a71176', '统编版2024-2025学年小学五年级语文上册期中试卷', 1, 0, 1746203284, 1746203284, NULL, 'uploads/images/20250503/202505030044284f56b2580.png', '', '67eaec3258b2f', 't兔兔答题', '1', 0.00, 0.00, 1, 2020, 0, 1);
INSERT INTO `t_tenant_exam_library` (`id`, `uid`, `title`, `is_show`, `sort`, `create_time`, `update_time`, `delete_time`, `image`, `remark`, `category_uid`, `author`, `free_state`, `money`, `discount`, `tenant_id`, `year`, `recommend_state`, `hot_state`) VALUES (338, '6814f29432a71197', '统编版2024-2025学年小学五年级语文上册期中试卷', 1, 0, 1746203284, 1746203284, NULL, 'uploads/images/20250503/202505030044284f56b2580.png', '', '67eaec3258b2f', 't兔兔答题', '1', 0.00, 0.00, 1, 2020, 0, 1);
INSERT INTO `t_tenant_exam_library` (`id`, `uid`, `title`, `is_show`, `sort`, `create_time`, `update_time`, `delete_time`, `image`, `remark`, `category_uid`, `author`, `free_state`, `money`, `discount`, `tenant_id`, `year`, `recommend_state`, `hot_state`) VALUES (339, '6814f29432a71457', '统编版2024-2025学年小学五年级语文上册期中试卷', 1, 0, 1746203284, 1746203284, NULL, 'uploads/images/20250503/202505030044284f56b2580.png', '', '67eaec3258b2f', 't兔兔答题', '1', 0.00, 0.00, 1, 2020, 0, 1);
INSERT INTO `t_tenant_exam_library` (`id`, `uid`, `title`, `is_show`, `sort`, `create_time`, `update_time`, `delete_time`, `image`, `remark`, `category_uid`, `author`, `free_state`, `money`, `discount`, `tenant_id`, `year`, `recommend_state`, `hot_state`) VALUES (340, '6814f29432a71696', '统编版2024-2025学年小学五年级语文上册期中试卷', 1, 0, 1746203284, 1746203284, NULL, 'uploads/images/20250503/202505030044284f56b2580.png', '', '67eaec3258b2f', 't兔兔答题', '1', 0.00, 0.00, 1, 2020, 0, 1);
INSERT INTO `t_tenant_exam_library` (`id`, `uid`, `title`, `is_show`, `sort`, `create_time`, `update_time`, `delete_time`, `image`, `remark`, `category_uid`, `author`, `free_state`, `money`, `discount`, `tenant_id`, `year`, `recommend_state`, `hot_state`) VALUES (341, '6814f29432a71109', '统编版2024-2025学年小学五年级语文上册期中试卷', 1, 0, 1746203284, 1746203284, NULL, 'uploads/images/20250503/202505030044284f56b2580.png', '', '67eaec3258b2f', 't兔兔答题', '1', 0.00, 0.00, 1, 2020, 1, 1);
INSERT INTO `t_tenant_exam_library` (`id`, `uid`, `title`, `is_show`, `sort`, `create_time`, `update_time`, `delete_time`, `image`, `remark`, `category_uid`, `author`, `free_state`, `money`, `discount`, `tenant_id`, `year`, `recommend_state`, `hot_state`) VALUES (342, '6814f29432a71456', '统编版2024-2025学年小学五年级语文上册期中试卷', 1, 0, 1746203284, 1746203284, NULL, 'uploads/images/20250503/202505030044284f56b2580.png', '', '67eaec3258b2f', 't兔兔答题', '1', 0.00, 0.00, 1, 2020, 0, 1);
INSERT INTO `t_tenant_exam_library` (`id`, `uid`, `title`, `is_show`, `sort`, `create_time`, `update_time`, `delete_time`, `image`, `remark`, `category_uid`, `author`, `free_state`, `money`, `discount`, `tenant_id`, `year`, `recommend_state`, `hot_state`) VALUES (343, '6814f29432a71953', '统编版2024-2025学年小学五年级语文上册期中试卷', 1, 0, 1746203284, 1746203284, NULL, 'uploads/images/20250503/202505030044284f56b2580.png', '', '67eaec3258b2f', 't兔兔答题', '1', 0.00, 0.00, 1, 2020, 0, 1);
INSERT INTO `t_tenant_exam_library` (`id`, `uid`, `title`, `is_show`, `sort`, `create_time`, `update_time`, `delete_time`, `image`, `remark`, `category_uid`, `author`, `free_state`, `money`, `discount`, `tenant_id`, `year`, `recommend_state`, `hot_state`) VALUES (344, '6814f29432a71394', '统编版2024-2025学年小学五年级语文上册期中试卷', 1, 0, 1746203284, 1746203284, NULL, 'uploads/images/20250503/202505030044284f56b2580.png', '', '67eaec3258b2f', 't兔兔答题', '1', 0.00, 0.00, 1, 2020, 0, 1);
INSERT INTO `t_tenant_exam_library` (`id`, `uid`, `title`, `is_show`, `sort`, `create_time`, `update_time`, `delete_time`, `image`, `remark`, `category_uid`, `author`, `free_state`, `money`, `discount`, `tenant_id`, `year`, `recommend_state`, `hot_state`) VALUES (345, '6814f29432a71113', '统编版2024-2025学年小学五年级语文上册期中试卷', 1, 0, 1746203284, 1746203284, NULL, 'uploads/images/20250503/202505030044284f56b2580.png', '', '67eaec3258b2f', 't兔兔答题', '1', 0.00, 0.00, 1, 2020, 0, 1);
INSERT INTO `t_tenant_exam_library` (`id`, `uid`, `title`, `is_show`, `sort`, `create_time`, `update_time`, `delete_time`, `image`, `remark`, `category_uid`, `author`, `free_state`, `money`, `discount`, `tenant_id`, `year`, `recommend_state`, `hot_state`) VALUES (346, '6814f29432a71386', '统编版2024-2025学年小学五年级语文上册期中试卷', 1, 0, 1746203284, 1746203284, NULL, 'uploads/images/20250503/202505030044284f56b2580.png', '', '67eaec3258b2f', 't兔兔答题', '1', 0.00, 0.00, 1, 2020, 0, 1);
INSERT INTO `t_tenant_exam_library` (`id`, `uid`, `title`, `is_show`, `sort`, `create_time`, `update_time`, `delete_time`, `image`, `remark`, `category_uid`, `author`, `free_state`, `money`, `discount`, `tenant_id`, `year`, `recommend_state`, `hot_state`) VALUES (347, '6814f29432a71591', '统编版2024-2025学年小学五年级语文上册期中试卷', 1, 0, 1746203284, 1746203284, NULL, 'uploads/images/20250503/202505030044284f56b2580.png', '', '67eaec3258b2f', 't兔兔答题', '1', 0.00, 0.00, 1, 2020, 1, 1);
INSERT INTO `t_tenant_exam_library` (`id`, `uid`, `title`, `is_show`, `sort`, `create_time`, `update_time`, `delete_time`, `image`, `remark`, `category_uid`, `author`, `free_state`, `money`, `discount`, `tenant_id`, `year`, `recommend_state`, `hot_state`) VALUES (348, '6814f29432a71797', '统编版2024-2025学年小学五年级语文上册期中试卷', 1, 0, 1746203284, 1746203284, NULL, 'uploads/images/20250503/202505030044284f56b2580.png', '', '67eaec3258b2f', 't兔兔答题', '1', 0.00, 0.00, 1, 2020, 1, 1);
INSERT INTO `t_tenant_exam_library` (`id`, `uid`, `title`, `is_show`, `sort`, `create_time`, `update_time`, `delete_time`, `image`, `remark`, `category_uid`, `author`, `free_state`, `money`, `discount`, `tenant_id`, `year`, `recommend_state`, `hot_state`) VALUES (349, '68163f929613d', '测试环境统编版2024-2025学年小学五年级语文上册期中试卷', 1, 10000, 1746288530, 1746288530, NULL, 'uploads/images/20250503/202505030044284f56b2580.png', '', '67eaec3258b2f', '兔兔答题', '1', 0.00, 0.00, 1, 2025, 1, 1);
COMMIT;

-- ----------------------------
-- Table structure for t_tenant_exam_question
-- ----------------------------
DROP TABLE IF EXISTS `t_tenant_exam_question`;
CREATE TABLE `t_tenant_exam_question` (
  `id` bigint(20) unsigned NOT NULL AUTO_INCREMENT,
  `uid` varchar(36) CHARACTER SET utf8mb4 COLLATE utf8mb4_general_ci NOT NULL,
  `tenant_exam_library_uid` varchar(36) CHARACTER SET utf8mb4 COLLATE utf8mb4_general_ci DEFAULT NULL COMMENT '题库uid',
  `title` text CHARACTER SET utf8mb4 COLLATE utf8mb4_general_ci NOT NULL,
  `option` json NOT NULL,
  `score` decimal(6,2) unsigned NOT NULL DEFAULT '1.00',
  `answer` json NOT NULL,
  `analysis` text CHARACTER SET utf8mb4 COLLATE utf8mb4_general_ci,
  `exam_type` tinyint(3) unsigned NOT NULL DEFAULT '1' COMMENT '试题题型',
  `sort` int(10) unsigned NOT NULL DEFAULT '0',
  `is_show` tinyint(3) unsigned NOT NULL DEFAULT '1',
  `create_time` int(10) unsigned NOT NULL,
  `update_time` int(10) unsigned NOT NULL,
  `delete_time` int(10) unsigned DEFAULT NULL,
  `level` tinyint(3) unsigned NOT NULL,
  `admin_id` int(10) unsigned NOT NULL DEFAULT '0',
  `tenant_id` int(10) unsigned NOT NULL DEFAULT '0',
  `chapter_uid` varchar(36) CHARACTER SET utf8mb4 COLLATE utf8mb4_general_ci DEFAULT NULL,
  PRIMARY KEY (`id`) USING BTREE,
  UNIQUE KEY `uid` (`uid`) USING BTREE
) ENGINE=InnoDB AUTO_INCREMENT=123 DEFAULT CHARSET=utf8mb4 COLLATE=utf8mb4_general_ci ROW_FORMAT=DYNAMIC COMMENT='题库试题';

-- ----------------------------
-- Records of t_tenant_exam_question
-- ----------------------------
BEGIN;
INSERT INTO `t_tenant_exam_question` (`id`, `uid`, `tenant_exam_library_uid`, `title`, `option`, `score`, `answer`, `analysis`, `exam_type`, `sort`, `is_show`, `create_time`, `update_time`, `delete_time`, `level`, `admin_id`, `tenant_id`, `chapter_uid`) VALUES (1, '67fb7221e6b2a', '67eb06e072bfa', '<p>新中国成年是哪一年</p>', '[{\"check\": \"A\", \"title\": \"<p>1949</p>\", \"is_check\": \"\"}, {\"check\": \"B\", \"title\": \"<p>1950</p>\", \"is_check\": \"\"}]', 1.00, '[\"A\"]', '<p><br></p>', 1, 0, 1, 1744532001, 1744532001, NULL, 1, 1, 1, '67fa2a7fe3b13');
INSERT INTO `t_tenant_exam_question` (`id`, `uid`, `tenant_exam_library_uid`, `title`, `option`, `score`, `answer`, `analysis`, `exam_type`, `sort`, `is_show`, `create_time`, `update_time`, `delete_time`, `level`, `admin_id`, `tenant_id`, `chapter_uid`) VALUES (2, '67fb798c1f103', '67eb06e072bfa', '<p>下面的试题内容</p>', '[{\"check\": \"A\", \"title\": \"<p>请输入选项值1</p>\", \"is_check\": \"\"}, {\"check\": \"B\", \"title\": \"<p>请输入选项值2</p>\", \"is_check\": \"\"}, {\"check\": \"C\", \"title\": \"<p>请输入选项值</p>\", \"is_check\": \"\"}]', 1.00, '[\"A\", \"B\"]', '', 2, 0, 1, 1744533900, 1744533900, NULL, 1, 1, 1, '67fa2a7fe3b13');
INSERT INTO `t_tenant_exam_question` (`id`, `uid`, `tenant_exam_library_uid`, `title`, `option`, `score`, `answer`, `analysis`, `exam_type`, `sort`, `is_show`, `create_time`, `update_time`, `delete_time`, `level`, `admin_id`, `tenant_id`, `chapter_uid`) VALUES (3, '681642fc27a9f', '68163f929613d', '<p>根据《建筑法》，下列属于建筑工程施工许可必备条件的是（ ）</p>', '[{\"check\": \"A\", \"title\": \"施工单位已缴纳农民工工资保证金\", \"is_check\": false}, {\"check\": \"B\", \"title\": \"建设资金已落实且不少于工程合同价的30%\", \"is_check\": true}, {\"check\": \"C\", \"title\": \"拆迁工作全部完成\", \"is_check\": false}, {\"check\": \"D\", \"title\": \"施工图纸经建设单位审核通过\", \"is_check\": false}]', 1.00, '[\"B\"]', '<p>《建筑法》规定，申请施工许可证需满足建设资金已落实（工期不足1年的到位资金不少于50%，超过1年的不少于30%），其他选项非法定必备条件。</p>', 1, 1, 1, 1746289404, 1746289404, NULL, 1, 1, 1, '');
INSERT INTO `t_tenant_exam_question` (`id`, `uid`, `tenant_exam_library_uid`, `title`, `option`, `score`, `answer`, `analysis`, `exam_type`, `sort`, `is_show`, `create_time`, `update_time`, `delete_time`, `level`, `admin_id`, `tenant_id`, `chapter_uid`) VALUES (4, '681642fc27abe', '68163f929613d', '<p>建筑工程施工中，混凝土灌注桩的桩身完整性检测应采用（ ）</p>', '[{\"check\": \"A\", \"title\": \"回弹法\", \"is_check\": false}, {\"check\": \"B\", \"title\": \"钻芯法\", \"is_check\": false}, {\"check\": \"C\", \"title\": \"低应变法\", \"is_check\": true}, {\"check\": \"D\", \"title\": \"超声回弹综合法\", \"is_check\": false}]', 1.00, '[\"C\"]', '<p>低应变法主要用于检测桩身完整性，钻芯法用于检测混凝土强度，回弹法和超声回弹综合法用于结构构件强度检测。</p>', 1, 1, 1, 1746289404, 1746289404, NULL, 1, 1, 1, '');
INSERT INTO `t_tenant_exam_question` (`id`, `uid`, `tenant_exam_library_uid`, `title`, `option`, `score`, `answer`, `analysis`, `exam_type`, `sort`, `is_show`, `create_time`, `update_time`, `delete_time`, `level`, `admin_id`, `tenant_id`, `chapter_uid`) VALUES (5, '681642fc27ac5', '68163f929613d', '<p>下列属于危险性较大的分部分项工程的是（ ）</p>', '[{\"check\": \"A\", \"title\": \"层高3m的模板支撑工程\", \"is_check\": false}, {\"check\": \"B\", \"title\": \"开挖深度4m的基坑支护工程\", \"is_check\": true}, {\"check\": \"C\", \"title\": \"建筑面积1万㎡的脚手架工程\", \"is_check\": false}, {\"check\": \"D\", \"title\": \"高度20m的落地式钢管脚手架工程\", \"is_check\": false}]', 1.00, '[\"B\"]', '<p>开挖深度≥3m的基坑支护工程属于危险性较大工程，需编制专项施工方案；深度≥5m为超过一定规模的危险性工程。</p>', 1, 1, 1, 1746289404, 1746289404, NULL, 1, 1, 1, '');
INSERT INTO `t_tenant_exam_question` (`id`, `uid`, `tenant_exam_library_uid`, `title`, `option`, `score`, `answer`, `analysis`, `exam_type`, `sort`, `is_show`, `create_time`, `update_time`, `delete_time`, `level`, `admin_id`, `tenant_id`, `chapter_uid`) VALUES (6, '681642fc27acb', '68163f929613d', '<p>建筑工程竣工验收的主体是（ ）</p>', '[{\"check\": \"A\", \"title\": \"建设单位\", \"is_check\": true}, {\"check\": \"B\", \"title\": \"施工单位\", \"is_check\": false}, {\"check\": \"C\", \"title\": \"监理单位\", \"is_check\": false}, {\"check\": \"D\", \"title\": \"质量监督机构\", \"is_check\": false}]', 1.00, '[\"A\"]', '<p>建设单位负责组织勘察、设计、施工、监理等单位进行竣工验收，是验收主体。</p>', 1, 1, 1, 1746289404, 1746289404, NULL, 1, 1, 1, '');
INSERT INTO `t_tenant_exam_question` (`id`, `uid`, `tenant_exam_library_uid`, `title`, `option`, `score`, `answer`, `analysis`, `exam_type`, `sort`, `is_show`, `create_time`, `update_time`, `delete_time`, `level`, `admin_id`, `tenant_id`, `chapter_uid`) VALUES (7, '681642fc27ad0', '68163f929613d', '<p>根据《建设工程质量管理条例》，屋面防水工程的最低保修期限为（ ）</p>', '[{\"check\": \"A\", \"title\": \"2年\", \"is_check\": false}, {\"check\": \"B\", \"title\": \"5年\", \"is_check\": true}, {\"check\": \"C\", \"title\": \"10年\", \"is_check\": false}, {\"check\": \"D\", \"title\": \"设计文件规定的合理使用年限\", \"is_check\": false}]', 1.00, '[\"B\"]', '<p>屋面防水、卫生间防水和外墙面防渗漏的最低保修期为5年，其他项目按条例规定执行。</p>', 1, 1, 1, 1746289404, 1746289404, NULL, 1, 1, 1, '');
INSERT INTO `t_tenant_exam_question` (`id`, `uid`, `tenant_exam_library_uid`, `title`, `option`, `score`, `answer`, `analysis`, `exam_type`, `sort`, `is_show`, `create_time`, `update_time`, `delete_time`, `level`, `admin_id`, `tenant_id`, `chapter_uid`) VALUES (8, '681642fc27ad5', '68163f929613d', '<p>钢筋混凝土结构中，钢筋的连接方式不包括（ ）</p>', '[{\"check\": \"A\", \"title\": \"绑扎连接\", \"is_check\": false}, {\"check\": \"B\", \"title\": \"机械连接\", \"is_check\": false}, {\"check\": \"C\", \"title\": \"电渣压力焊连接\", \"is_check\": false}, {\"check\": \"D\", \"title\": \"套管灌浆连接\", \"is_check\": true}]', 1.00, '[\"D\"]', '<p>套管灌浆连接是装配式混凝土结构中预制构件的连接方式，不属于钢筋连接方式。</p>', 1, 1, 1, 1746289404, 1746289404, NULL, 1, 1, 1, '');
INSERT INTO `t_tenant_exam_question` (`id`, `uid`, `tenant_exam_library_uid`, `title`, `option`, `score`, `answer`, `analysis`, `exam_type`, `sort`, `is_show`, `create_time`, `update_time`, `delete_time`, `level`, `admin_id`, `tenant_id`, `chapter_uid`) VALUES (9, '681642fc27ada', '68163f929613d', '<p>建筑工程施工组织设计的核心内容是（ ）</p>', '[{\"check\": \"A\", \"title\": \"工程概况\", \"is_check\": false}, {\"check\": \"B\", \"title\": \"施工方案\", \"is_check\": true}, {\"check\": \"C\", \"title\": \"施工进度计划\", \"is_check\": false}, {\"check\": \"D\", \"title\": \"资源配置计划\", \"is_check\": false}]', 1.00, '[\"B\"]', '<p>施工方案是施工组织设计的核心，决定了施工方法、工艺和技术措施，直接影响工程质量和效率。</p>', 1, 1, 1, 1746289404, 1746289404, NULL, 1, 1, 1, '');
INSERT INTO `t_tenant_exam_question` (`id`, `uid`, `tenant_exam_library_uid`, `title`, `option`, `score`, `answer`, `analysis`, `exam_type`, `sort`, `is_show`, `create_time`, `update_time`, `delete_time`, `level`, `admin_id`, `tenant_id`, `chapter_uid`) VALUES (10, '681642fc27adf', '68163f929613d', '<p>下列属于建筑工程规费的是（ ）</p>', '[{\"check\": \"A\", \"title\": \"安全文明施工费\", \"is_check\": false}, {\"check\": \"B\", \"title\": \"工程排污费\", \"is_check\": true}, {\"check\": \"C\", \"title\": \"总承包服务费\", \"is_check\": false}, {\"check\": \"D\", \"title\": \"计日工费用\", \"is_check\": false}]', 1.00, '[\"B\"]', '<p>规费包括社会保险费、住房公积金和工程排污费（已并入环境保护税，此处按传统考点设置），其他选项属于措施费或其他项目费。</p>', 1, 1, 1, 1746289404, 1746289404, NULL, 1, 1, 1, '');
INSERT INTO `t_tenant_exam_question` (`id`, `uid`, `tenant_exam_library_uid`, `title`, `option`, `score`, `answer`, `analysis`, `exam_type`, `sort`, `is_show`, `create_time`, `update_time`, `delete_time`, `level`, `admin_id`, `tenant_id`, `chapter_uid`) VALUES (11, '681642fc27aed', '68163f929613d', '<p>混凝土强度等级C30中的“30”表示（ ）</p>', '[{\"check\": \"A\", \"title\": \"立方体抗压强度标准值30MPa\", \"is_check\": true}, {\"check\": \"B\", \"title\": \"轴心抗压强度设计值30MPa\", \"is_check\": false}, {\"check\": \"C\", \"title\": \"立方体抗压强度设计值30MPa\", \"is_check\": false}, {\"check\": \"D\", \"title\": \"轴心抗压强度标准值30MPa\", \"is_check\": false}]', 1.00, '[\"A\"]', '<p>混凝土强度等级按立方体抗压强度标准值划分，C30即标准值≥30MPa且＜35MPa。</p>', 1, 1, 1, 1746289404, 1746289404, NULL, 1, 1, 1, '');
INSERT INTO `t_tenant_exam_question` (`id`, `uid`, `tenant_exam_library_uid`, `title`, `option`, `score`, `answer`, `analysis`, `exam_type`, `sort`, `is_show`, `create_time`, `update_time`, `delete_time`, `level`, `admin_id`, `tenant_id`, `chapter_uid`) VALUES (12, '681642fc27af5', '68163f929613d', '<p>根据《建设工程安全生产管理条例》，施工单位的安全责任不包括（ ）</p>', '[{\"check\": \"A\", \"title\": \"制定安全生产规章制度\", \"is_check\": false}, {\"check\": \"B\", \"title\": \"为作业人员缴纳意外伤害保险\", \"is_check\": true}, {\"check\": \"C\", \"title\": \"对达到一定规模的危险性工程组织专家论证\", \"is_check\": false}, {\"check\": \"D\", \"title\": \"对因建设工程施工可能造成损害的毗邻建筑物进行防护\", \"is_check\": false}]', 1.00, '[\"B\"]', '<p>意外伤害保险已改为非强制险（工伤保险为强制），其他选项均为施工单位法定安全责任。</p>', 1, 1, 1, 1746289404, 1746289404, NULL, 1, 1, 1, '');
INSERT INTO `t_tenant_exam_question` (`id`, `uid`, `tenant_exam_library_uid`, `title`, `option`, `score`, `answer`, `analysis`, `exam_type`, `sort`, `is_show`, `create_time`, `update_time`, `delete_time`, `level`, `admin_id`, `tenant_id`, `chapter_uid`) VALUES (13, '681642fc27b00', '68163f929613d', '<p>下列属于建筑工程竣工验收应当具备的条件有（ ）</p>', '[{\"check\": \"A\", \"title\": \"完成建设工程设计和合同约定的各项内容\", \"is_check\": true}, {\"check\": \"B\", \"title\": \"有完整的技术档案和施工管理资料\", \"is_check\": true}, {\"check\": \"C\", \"title\": \"有工程使用的主要建筑材料、构配件和设备的进场试验报告\", \"is_check\": true}, {\"check\": \"D\", \"title\": \"有施工单位签署的工程保修书\", \"is_check\": true}]', 1.00, '[\"A\", \"B\", \"C\", \"D\"]', '<p>竣工验收条件不包括工程款支付凭证，需满足质量相关文件齐全、完成合同内容等。</p>', 2, 1, 1, 1746289404, 1746289404, NULL, 1, 1, 1, '');
INSERT INTO `t_tenant_exam_question` (`id`, `uid`, `tenant_exam_library_uid`, `title`, `option`, `score`, `answer`, `analysis`, `exam_type`, `sort`, `is_show`, `create_time`, `update_time`, `delete_time`, `level`, `admin_id`, `tenant_id`, `chapter_uid`) VALUES (14, '681642fc27b0a', '68163f929613d', '<p>下列属于建筑工程施工质量验收层次的有（ ）</p>', '[{\"check\": \"A\", \"title\": \"单位工程\", \"is_check\": true}, {\"check\": \"B\", \"title\": \"分部工程\", \"is_check\": true}, {\"check\": \"C\", \"title\": \"分项工程\", \"is_check\": true}, {\"check\": \"D\", \"title\": \"检验批\", \"is_check\": true}]', 1.00, '[\"A\", \"B\", \"C\", \"D\"]', '<p>施工质量验收层次包括单位工程、分部工程、分项工程和检验批，工序不属于验收层次。</p>', 2, 1, 1, 1746289404, 1746289404, NULL, 1, 1, 1, '');
INSERT INTO `t_tenant_exam_question` (`id`, `uid`, `tenant_exam_library_uid`, `title`, `option`, `score`, `answer`, `analysis`, `exam_type`, `sort`, `is_show`, `create_time`, `update_time`, `delete_time`, `level`, `admin_id`, `tenant_id`, `chapter_uid`) VALUES (15, '681642fc27b0e', '68163f929613d', '<p>根据《招标投标法》，下列情形中，投标文件无效的有（ ）</p>', '[{\"check\": \"A\", \"title\": \"投标文件未按招标文件要求密封\", \"is_check\": true}, {\"check\": \"B\", \"title\": \"投标人未按时提交投标保证金\", \"is_check\": true}, {\"check\": \"C\", \"title\": \"投标报价低于成本价\", \"is_check\": true}, {\"check\": \"D\", \"title\": \"投标文件未加盖投标人公章但有法定代表人签字\", \"is_check\": false}]', 1.00, '[\"A\", \"B\", \"C\", \"E\"]', '<p>投标文件需密封、提交保证金、报价合理、主体一致，D选项中“未加盖公章但有法定代表人签字”通常视为无效（需同时盖章和签字）。</p>', 2, 1, 1, 1746289404, 1746289404, NULL, 1, 1, 1, '');
INSERT INTO `t_tenant_exam_question` (`id`, `uid`, `tenant_exam_library_uid`, `title`, `option`, `score`, `answer`, `analysis`, `exam_type`, `sort`, `is_show`, `create_time`, `update_time`, `delete_time`, `level`, `admin_id`, `tenant_id`, `chapter_uid`) VALUES (16, '681642fc27b16', '68163f929613d', '<p>下列属于建筑工程施工安全检查内容的有（ ）</p>', '[{\"check\": \"A\", \"title\": \"安全规章制度执行情况\", \"is_check\": true}, {\"check\": \"B\", \"title\": \"劳动防护用品使用情况\", \"is_check\": true}, {\"check\": \"C\", \"title\": \"基坑支护变形监测数据\", \"is_check\": true}, {\"check\": \"D\", \"title\": \"施工临时用电合规性\", \"is_check\": true}]', 1.00, '[\"A\", \"B\", \"C\", \"D\"]', '<p>安全检查侧重安全管理、设施、用电、防护等，混凝土试块强度属于质量检查内容。</p>', 2, 1, 1, 1746289404, 1746289404, NULL, 1, 1, 1, '');
INSERT INTO `t_tenant_exam_question` (`id`, `uid`, `tenant_exam_library_uid`, `title`, `option`, `score`, `answer`, `analysis`, `exam_type`, `sort`, `is_show`, `create_time`, `update_time`, `delete_time`, `level`, `admin_id`, `tenant_id`, `chapter_uid`) VALUES (17, '681642fc27b1c', '68163f929613d', '<p>下列关于钢筋混凝土结构施工缝留置原则的说法，正确的有（ ）</p>', '[{\"check\": \"A\", \"title\": \"宜留置在结构受剪力较小且便于施工的部位\", \"is_check\": true}, {\"check\": \"B\", \"title\": \"柱的施工缝可留置在基础顶面或梁底面\", \"is_check\": true}, {\"check\": \"C\", \"title\": \"单向板的施工缝可留置在平行于板短边的任何位置\", \"is_check\": false}, {\"check\": \"D\", \"title\": \"有主次梁的楼板，施工缝宜留置在次梁跨度的中间1/3范围内\", \"is_check\": true}]', 1.00, '[\"A\", \"B\", \"D\", \"E\"]', '<p>单向板施工缝应留置在平行于板短边的任何位置，C选项正确；其他选项均符合施工缝留置规范。</p>', 2, 1, 1, 1746289404, 1746289404, NULL, 1, 1, 1, '');
INSERT INTO `t_tenant_exam_question` (`id`, `uid`, `tenant_exam_library_uid`, `title`, `option`, `score`, `answer`, `analysis`, `exam_type`, `sort`, `is_show`, `create_time`, `update_time`, `delete_time`, `level`, `admin_id`, `tenant_id`, `chapter_uid`) VALUES (18, '681642fc27b25', '68163f929613d', '<p>下列属于装配式建筑优点的有（ ）</p>', '[{\"check\": \"A\", \"title\": \"提高施工效率，缩短工期\", \"is_check\": true}, {\"check\": \"B\", \"title\": \"减少施工现场污染\", \"is_check\": true}, {\"check\": \"C\", \"title\": \"提高建筑整体抗震性能\", \"is_check\": true}, {\"check\": \"D\", \"title\": \"降低工程造价\", \"is_check\": false}]', 1.00, '[\"A\", \"B\", \"C\", \"E\"]', '<p>装配式建筑初期造价可能高于传统建筑，但长期维护成本低，D选项错误。</p>', 2, 1, 1, 1746289404, 1746289404, NULL, 1, 1, 1, '');
INSERT INTO `t_tenant_exam_question` (`id`, `uid`, `tenant_exam_library_uid`, `title`, `option`, `score`, `answer`, `analysis`, `exam_type`, `sort`, `is_show`, `create_time`, `update_time`, `delete_time`, `level`, `admin_id`, `tenant_id`, `chapter_uid`) VALUES (19, '681642fc27b2d', '68163f929613d', '<p>下列属于建筑工程施工图审查内容的有（ ）</p>', '[{\"check\": \"A\", \"title\": \"是否符合工程建设强制性标准\", \"is_check\": true}, {\"check\": \"B\", \"title\": \"地基基础和主体结构的安全性\", \"is_check\": true}, {\"check\": \"C\", \"title\": \"消防设计是否符合规范\", \"is_check\": true}, {\"check\": \"D\", \"title\": \"施工组织设计是否合理\", \"is_check\": false}]', 1.00, '[\"A\", \"B\", \"C\", \"E\"]', '<p>施工图审查不涉及施工组织设计，重点审查安全性、强制性标准、消防和节能等。</p>', 2, 1, 1, 1746289404, 1746289404, NULL, 1, 1, 1, '');
INSERT INTO `t_tenant_exam_question` (`id`, `uid`, `tenant_exam_library_uid`, `title`, `option`, `score`, `answer`, `analysis`, `exam_type`, `sort`, `is_show`, `create_time`, `update_time`, `delete_time`, `level`, `admin_id`, `tenant_id`, `chapter_uid`) VALUES (20, '681642fc27b38', '68163f929613d', '<p>下列关于建筑工程脚手架搭设要求的说法，正确的有（ ）</p>', '[{\"check\": \"A\", \"title\": \"立杆基础应平整夯实，设置排水措施\", \"is_check\": true}, {\"check\": \"B\", \"title\": \"双排脚手架横向水平杆靠墙一端至墙装饰面的距离不应大于100mm\", \"is_check\": true}, {\"check\": \"C\", \"title\": \"脚手板应满铺，不得有空隙和探头板\", \"is_check\": true}, {\"check\": \"D\", \"title\": \"高度超过24m的落地式脚手架应采用刚性连墙件\", \"is_check\": true}]', 1.00, '[\"A\", \"B\", \"C\", \"D\"]', '<p>剪刀撑应从底部到顶部连续设置，E选项“从顶部开始”错误，应从底部开始。</p>', 2, 1, 1, 1746289404, 1746289404, NULL, 1, 1, 1, '');
INSERT INTO `t_tenant_exam_question` (`id`, `uid`, `tenant_exam_library_uid`, `title`, `option`, `score`, `answer`, `analysis`, `exam_type`, `sort`, `is_show`, `create_time`, `update_time`, `delete_time`, `level`, `admin_id`, `tenant_id`, `chapter_uid`) VALUES (21, '681642fc27b43', '68163f929613d', '<p>下列属于建筑工程质量事故处理依据的有（ ）</p>', '[{\"check\": \"A\", \"title\": \"质量事故调查报告\", \"is_check\": true}, {\"check\": \"B\", \"title\": \"有关的设计文件和施工资料\", \"is_check\": true}, {\"check\": \"C\", \"title\": \"工程建设强制性标准\", \"is_check\": true}, {\"check\": \"D\", \"title\": \"类似工程质量事故处理案例\", \"is_check\": false}]', 1.00, '[\"A\", \"B\", \"C\", \"E\"]', '<p>处理依据包括事实资料、合同文件、技术标准等，类似案例可参考但非法定依据。</p>', 2, 1, 1, 1746289404, 1746289404, NULL, 1, 1, 1, '');
INSERT INTO `t_tenant_exam_question` (`id`, `uid`, `tenant_exam_library_uid`, `title`, `option`, `score`, `answer`, `analysis`, `exam_type`, `sort`, `is_show`, `create_time`, `update_time`, `delete_time`, `level`, `admin_id`, `tenant_id`, `chapter_uid`) VALUES (22, '681642fc27b4e', '68163f929613d', '<p>下列属于建筑工程进度控制措施的有（ ）</p>', '[{\"check\": \"A\", \"title\": \"建立进度管理责任制度\", \"is_check\": true}, {\"check\": \"B\", \"title\": \"优化施工方案，采用先进技术\", \"is_check\": true}, {\"check\": \"C\", \"title\": \"及时支付工程进度款\", \"is_check\": true}, {\"check\": \"D\", \"title\": \"建立进度动态监测机制\", \"is_check\": true}]', 1.00, '[\"A\", \"B\", \"C\", \"D\"]', '<p>进度控制措施包括组织、技术、经济、管理措施，罚款属于合同违约处理，非直接进度控制措施。</p>', 2, 1, 1, 1746289404, 1746289404, NULL, 1, 1, 1, '');
INSERT INTO `t_tenant_exam_question` (`id`, `uid`, `tenant_exam_library_uid`, `title`, `option`, `score`, `answer`, `analysis`, `exam_type`, `sort`, `is_show`, `create_time`, `update_time`, `delete_time`, `level`, `admin_id`, `tenant_id`, `chapter_uid`) VALUES (23, '681642fc27b56', '68163f929613d', '<p>建筑工程施工许可证有效期为3个月，可延期2次，每次不超过3个月。（ ）</p>', '[{\"check\": \"A\", \"title\": \"正确\", \"is_check\": true}, {\"check\": \"B\", \"title\": \"错误\", \"is_check\": false}]', 1.00, '[\"A\"]', '<p>《建筑法》规定，施工许可证自发证之日起3个月内开工，可延期两次，每次3个月。</p>', 3, 1, 1, 1746289404, 1746289404, NULL, 1, 1, 1, '');
INSERT INTO `t_tenant_exam_question` (`id`, `uid`, `tenant_exam_library_uid`, `title`, `option`, `score`, `answer`, `analysis`, `exam_type`, `sort`, `is_show`, `create_time`, `update_time`, `delete_time`, `level`, `admin_id`, `tenant_id`, `chapter_uid`) VALUES (24, '681642fc27b59', '68163f929613d', '<p>建设单位可以将建筑工程肢解后分别发包给多个施工单位。（ ）</p>', '[{\"check\": \"A\", \"title\": \"正确\", \"is_check\": false}, {\"check\": \"B\", \"title\": \"错误\", \"is_check\": true}]', 1.00, '[\"B\"]', '<p>肢解发包属于违法行为，建设单位应将工程发包给具有相应资质的单位。</p>', 3, 1, 1, 1746289404, 1746289404, NULL, 1, 1, 1, '');
INSERT INTO `t_tenant_exam_question` (`id`, `uid`, `tenant_exam_library_uid`, `title`, `option`, `score`, `answer`, `analysis`, `exam_type`, `sort`, `is_show`, `create_time`, `update_time`, `delete_time`, `level`, `admin_id`, `tenant_id`, `chapter_uid`) VALUES (25, '681642fc27b5c', '68163f929613d', '<p>混凝土浇筑完成后，应在12小时内覆盖并洒水养护，养护时间不少于7天。（ ）</p>', '[{\"check\": \"A\", \"title\": \"正确\", \"is_check\": true}, {\"check\": \"B\", \"title\": \"错误\", \"is_check\": false}]', 1.00, '[\"A\"]', '<p>普通混凝土养护时间≥7天，防水混凝土≥14天，题干未明确防水混凝土，表述正确。</p>', 3, 1, 1, 1746289404, 1746289404, NULL, 1, 1, 1, '');
INSERT INTO `t_tenant_exam_question` (`id`, `uid`, `tenant_exam_library_uid`, `title`, `option`, `score`, `answer`, `analysis`, `exam_type`, `sort`, `is_show`, `create_time`, `update_time`, `delete_time`, `level`, `admin_id`, `tenant_id`, `chapter_uid`) VALUES (26, '681642fc27b69', '68163f929613d', '<p>建筑工程施工中，项目经理必须持有注册建筑师资格证书。（ ）</p>', '[{\"check\": \"A\", \"title\": \"正确\", \"is_check\": false}, {\"check\": \"B\", \"title\": \"错误\", \"is_check\": true}]', 1.00, '[\"B\"]', '<p>项目经理需持有注册建造师资格证书，注册建筑师主要从事设计工作。</p>', 3, 1, 1, 1746289404, 1746289404, NULL, 1, 1, 1, '');
INSERT INTO `t_tenant_exam_question` (`id`, `uid`, `tenant_exam_library_uid`, `title`, `option`, `score`, `answer`, `analysis`, `exam_type`, `sort`, `is_show`, `create_time`, `update_time`, `delete_time`, `level`, `admin_id`, `tenant_id`, `chapter_uid`) VALUES (27, '681642fc27b6d', '68163f929613d', '<p>危险性较大的分部分项工程专项施工方案必须经施工单位技术负责人和总监理工程师签字后实施。（ ）</p>', '[{\"check\": \"A\", \"title\": \"正确\", \"is_check\": true}, {\"check\": \"B\", \"title\": \"错误\", \"is_check\": false}]', 1.00, '[\"A\"]', '<p>超过一定规模的危险性工程还需专家论证，但普通危险性工程仅需上述签字。</p>', 3, 1, 1, 1746289404, 1746289404, NULL, 1, 1, 1, '');
INSERT INTO `t_tenant_exam_question` (`id`, `uid`, `tenant_exam_library_uid`, `title`, `option`, `score`, `answer`, `analysis`, `exam_type`, `sort`, `is_show`, `create_time`, `update_time`, `delete_time`, `level`, `admin_id`, `tenant_id`, `chapter_uid`) VALUES (28, '681642fc27b72', '68163f929613d', '<p>建筑工程竣工验收合格后，建设单位应当在15日内将竣工验收报告报建设行政主管部门备案。（ ）</p>', '[{\"check\": \"A\", \"title\": \"正确\", \"is_check\": true}, {\"check\": \"B\", \"title\": \"错误\", \"is_check\": false}]', 1.00, '[\"A\"]', '<p>《建设工程质量管理条例》规定，备案期限为验收合格后15日内。</p>', 3, 1, 1, 1746289404, 1746289404, NULL, 1, 1, 1, '');
INSERT INTO `t_tenant_exam_question` (`id`, `uid`, `tenant_exam_library_uid`, `title`, `option`, `score`, `answer`, `analysis`, `exam_type`, `sort`, `is_show`, `create_time`, `update_time`, `delete_time`, `level`, `admin_id`, `tenant_id`, `chapter_uid`) VALUES (29, '681642fc27b74', '68163f929613d', '<p>钢筋保护层厚度不足会导致混凝土结构承载力下降，但不影响耐久性。（ ）</p>', '[{\"check\": \"A\", \"title\": \"正确\", \"is_check\": false}, {\"check\": \"B\", \"title\": \"错误\", \"is_check\": true}]', 1.00, '[\"B\"]', '<p>保护层不足会导致钢筋锈蚀，严重影响结构耐久性。</p>', 3, 1, 1, 1746289404, 1746289404, NULL, 1, 1, 1, '');
INSERT INTO `t_tenant_exam_question` (`id`, `uid`, `tenant_exam_library_uid`, `title`, `option`, `score`, `answer`, `analysis`, `exam_type`, `sort`, `is_show`, `create_time`, `update_time`, `delete_time`, `level`, `admin_id`, `tenant_id`, `chapter_uid`) VALUES (30, '681642fc27b7a', '68163f929613d', '<p>施工组织设计中的施工平面图应标明临时设施、材料堆放、机械布置等位置。（ ）</p>', '[{\"check\": \"A\", \"title\": \"正确\", \"is_check\": true}, {\"check\": \"B\", \"title\": \"错误\", \"is_check\": false}]', 1.00, '[\"A\"]', '<p>施工平面图是施工组织设计的重要组成部分，需规划现场布局。</p>', 3, 1, 1, 1746289404, 1746289404, NULL, 1, 1, 1, '');
INSERT INTO `t_tenant_exam_question` (`id`, `uid`, `tenant_exam_library_uid`, `title`, `option`, `score`, `answer`, `analysis`, `exam_type`, `sort`, `is_show`, `create_time`, `update_time`, `delete_time`, `level`, `admin_id`, `tenant_id`, `chapter_uid`) VALUES (31, '681642fc27b7c', '68163f929613d', '<p>建筑工程质量保修期限应不低于国家规定的最低标准，但可以约定更长的保修期限。（ ）</p>', '[{\"check\": \"A\", \"title\": \"正确\", \"is_check\": true}, {\"check\": \"B\", \"title\": \"错误\", \"is_check\": false}]', 1.00, '[\"A\"]', '<p>法律法规规定最低保修期限，发承包双方可约定更高标准。</p>', 3, 1, 1, 1746289404, 1746289404, NULL, 1, 1, 1, '');
INSERT INTO `t_tenant_exam_question` (`id`, `uid`, `tenant_exam_library_uid`, `title`, `option`, `score`, `answer`, `analysis`, `exam_type`, `sort`, `is_show`, `create_time`, `update_time`, `delete_time`, `level`, `admin_id`, `tenant_id`, `chapter_uid`) VALUES (32, '681642fc27b80', '68163f929613d', '<p>建设工程招标中，投标人报价明显低于成本价的，评标委员会应当直接否决其投标。（ ）</p>', '[{\"check\": \"A\", \"title\": \"正确\", \"is_check\": true}, {\"check\": \"B\", \"title\": \"错误\", \"is_check\": false}]', 1.00, '[\"A\"]', '<p>根据《招标投标法》，低于成本价的投标视为无效，应否决。</p>', 3, 1, 1, 1746289404, 1746289404, NULL, 1, 1, 1, '');
INSERT INTO `t_tenant_exam_question` (`id`, `uid`, `tenant_exam_library_uid`, `title`, `option`, `score`, `answer`, `analysis`, `exam_type`, `sort`, `is_show`, `create_time`, `update_time`, `delete_time`, `level`, `admin_id`, `tenant_id`, `chapter_uid`) VALUES (33, '681643e17aa14', '68163f929613d', '<p>根据《建筑法》，下列属于建筑工程施工许可必备条件的是（ ）</p>', '[{\"check\": \"A\", \"title\": \"施工单位已缴纳农民工工资保证金\", \"is_check\": false}, {\"check\": \"B\", \"title\": \"建设资金已落实且不少于工程合同价的30%\", \"is_check\": true}, {\"check\": \"C\", \"title\": \"拆迁工作全部完成\", \"is_check\": false}, {\"check\": \"D\", \"title\": \"施工图纸经建设单位审核通过\", \"is_check\": false}]', 1.00, '[\"B\"]', '<p>《建筑法》规定，申请施工许可证需满足建设资金已落实（工期不足1年的到位资金不少于50%，超过1年的不少于30%），其他选项非法定必备条件。</p>', 1, 1, 1, 1746289633, 1746289633, NULL, 1, 1, 1, '');
INSERT INTO `t_tenant_exam_question` (`id`, `uid`, `tenant_exam_library_uid`, `title`, `option`, `score`, `answer`, `analysis`, `exam_type`, `sort`, `is_show`, `create_time`, `update_time`, `delete_time`, `level`, `admin_id`, `tenant_id`, `chapter_uid`) VALUES (34, '681643e17dbb8', '68163f929613d', '<p>建筑工程施工中，混凝土灌注桩的桩身完整性检测应采用（ ）</p>', '[{\"check\": \"A\", \"title\": \"回弹法\", \"is_check\": false}, {\"check\": \"B\", \"title\": \"钻芯法\", \"is_check\": false}, {\"check\": \"C\", \"title\": \"低应变法\", \"is_check\": true}, {\"check\": \"D\", \"title\": \"超声回弹综合法\", \"is_check\": false}]', 1.00, '[\"C\"]', '<p>低应变法主要用于检测桩身完整性，钻芯法用于检测混凝土强度，回弹法和超声回弹综合法用于结构构件强度检测。</p>', 1, 1, 1, 1746289633, 1746289633, NULL, 1, 1, 1, '');
INSERT INTO `t_tenant_exam_question` (`id`, `uid`, `tenant_exam_library_uid`, `title`, `option`, `score`, `answer`, `analysis`, `exam_type`, `sort`, `is_show`, `create_time`, `update_time`, `delete_time`, `level`, `admin_id`, `tenant_id`, `chapter_uid`) VALUES (35, '681643e17eb9d', '68163f929613d', '<p>下列属于危险性较大的分部分项工程的是（ ）</p>', '[{\"check\": \"A\", \"title\": \"层高3m的模板支撑工程\", \"is_check\": false}, {\"check\": \"B\", \"title\": \"开挖深度4m的基坑支护工程\", \"is_check\": true}, {\"check\": \"C\", \"title\": \"建筑面积1万㎡的脚手架工程\", \"is_check\": false}, {\"check\": \"D\", \"title\": \"高度20m的落地式钢管脚手架工程\", \"is_check\": false}]', 1.00, '[\"B\"]', '<p>开挖深度≥3m的基坑支护工程属于危险性较大工程，需编制专项施工方案；深度≥5m为超过一定规模的危险性工程。</p>', 1, 1, 1, 1746289633, 1746289633, NULL, 1, 1, 1, '');
INSERT INTO `t_tenant_exam_question` (`id`, `uid`, `tenant_exam_library_uid`, `title`, `option`, `score`, `answer`, `analysis`, `exam_type`, `sort`, `is_show`, `create_time`, `update_time`, `delete_time`, `level`, `admin_id`, `tenant_id`, `chapter_uid`) VALUES (36, '681643e17ebc1', '68163f929613d', '<p>建筑工程竣工验收的主体是（ ）</p>', '[{\"check\": \"A\", \"title\": \"建设单位\", \"is_check\": true}, {\"check\": \"B\", \"title\": \"施工单位\", \"is_check\": false}, {\"check\": \"C\", \"title\": \"监理单位\", \"is_check\": false}, {\"check\": \"D\", \"title\": \"质量监督机构\", \"is_check\": false}]', 1.00, '[\"A\"]', '<p>建设单位负责组织勘察、设计、施工、监理等单位进行竣工验收，是验收主体。</p>', 1, 1, 1, 1746289633, 1746289633, NULL, 1, 1, 1, '');
INSERT INTO `t_tenant_exam_question` (`id`, `uid`, `tenant_exam_library_uid`, `title`, `option`, `score`, `answer`, `analysis`, `exam_type`, `sort`, `is_show`, `create_time`, `update_time`, `delete_time`, `level`, `admin_id`, `tenant_id`, `chapter_uid`) VALUES (37, '681643e17ebd3', '68163f929613d', '<p>根据《建设工程质量管理条例》，屋面防水工程的最低保修期限为（ ）</p>', '[{\"check\": \"A\", \"title\": \"2年\", \"is_check\": false}, {\"check\": \"B\", \"title\": \"5年\", \"is_check\": true}, {\"check\": \"C\", \"title\": \"10年\", \"is_check\": false}, {\"check\": \"D\", \"title\": \"设计文件规定的合理使用年限\", \"is_check\": false}]', 1.00, '[\"B\"]', '<p>屋面防水、卫生间防水和外墙面防渗漏的最低保修期为5年，其他项目按条例规定执行。</p>', 1, 1, 1, 1746289633, 1746289633, NULL, 1, 1, 1, '');
INSERT INTO `t_tenant_exam_question` (`id`, `uid`, `tenant_exam_library_uid`, `title`, `option`, `score`, `answer`, `analysis`, `exam_type`, `sort`, `is_show`, `create_time`, `update_time`, `delete_time`, `level`, `admin_id`, `tenant_id`, `chapter_uid`) VALUES (38, '681643e17ebd9', '68163f929613d', '<p>钢筋混凝土结构中，钢筋的连接方式不包括（ ）</p>', '[{\"check\": \"A\", \"title\": \"绑扎连接\", \"is_check\": false}, {\"check\": \"B\", \"title\": \"机械连接\", \"is_check\": false}, {\"check\": \"C\", \"title\": \"电渣压力焊连接\", \"is_check\": false}, {\"check\": \"D\", \"title\": \"套管灌浆连接\", \"is_check\": true}]', 1.00, '[\"D\"]', '<p>套管灌浆连接是装配式混凝土结构中预制构件的连接方式，不属于钢筋连接方式。</p>', 1, 1, 1, 1746289633, 1746289633, NULL, 1, 1, 1, '');
INSERT INTO `t_tenant_exam_question` (`id`, `uid`, `tenant_exam_library_uid`, `title`, `option`, `score`, `answer`, `analysis`, `exam_type`, `sort`, `is_show`, `create_time`, `update_time`, `delete_time`, `level`, `admin_id`, `tenant_id`, `chapter_uid`) VALUES (39, '681643e17ebe3', '68163f929613d', '<p>建筑工程施工组织设计的核心内容是（ ）</p>', '[{\"check\": \"A\", \"title\": \"工程概况\", \"is_check\": false}, {\"check\": \"B\", \"title\": \"施工方案\", \"is_check\": true}, {\"check\": \"C\", \"title\": \"施工进度计划\", \"is_check\": false}, {\"check\": \"D\", \"title\": \"资源配置计划\", \"is_check\": false}]', 1.00, '[\"B\"]', '<p>施工方案是施工组织设计的核心，决定了施工方法、工艺和技术措施，直接影响工程质量和效率。</p>', 1, 1, 1, 1746289633, 1746289633, NULL, 1, 1, 1, '');
INSERT INTO `t_tenant_exam_question` (`id`, `uid`, `tenant_exam_library_uid`, `title`, `option`, `score`, `answer`, `analysis`, `exam_type`, `sort`, `is_show`, `create_time`, `update_time`, `delete_time`, `level`, `admin_id`, `tenant_id`, `chapter_uid`) VALUES (40, '681643e17ebe9', '68163f929613d', '<p>下列属于建筑工程规费的是（ ）</p>', '[{\"check\": \"A\", \"title\": \"安全文明施工费\", \"is_check\": false}, {\"check\": \"B\", \"title\": \"工程排污费\", \"is_check\": true}, {\"check\": \"C\", \"title\": \"总承包服务费\", \"is_check\": false}, {\"check\": \"D\", \"title\": \"计日工费用\", \"is_check\": false}]', 1.00, '[\"B\"]', '<p>规费包括社会保险费、住房公积金和工程排污费（已并入环境保护税，此处按传统考点设置），其他选项属于措施费或其他项目费。</p>', 1, 1, 1, 1746289633, 1746289633, NULL, 1, 1, 1, '');
INSERT INTO `t_tenant_exam_question` (`id`, `uid`, `tenant_exam_library_uid`, `title`, `option`, `score`, `answer`, `analysis`, `exam_type`, `sort`, `is_show`, `create_time`, `update_time`, `delete_time`, `level`, `admin_id`, `tenant_id`, `chapter_uid`) VALUES (41, '681643e17ebf3', '68163f929613d', '<p>混凝土强度等级C30中的“30”表示（ ）</p>', '[{\"check\": \"A\", \"title\": \"立方体抗压强度标准值30MPa\", \"is_check\": true}, {\"check\": \"B\", \"title\": \"轴心抗压强度设计值30MPa\", \"is_check\": false}, {\"check\": \"C\", \"title\": \"立方体抗压强度设计值30MPa\", \"is_check\": false}, {\"check\": \"D\", \"title\": \"轴心抗压强度标准值30MPa\", \"is_check\": false}]', 1.00, '[\"A\"]', '<p>混凝土强度等级按立方体抗压强度标准值划分，C30即标准值≥30MPa且＜35MPa。</p>', 1, 1, 1, 1746289633, 1746289633, NULL, 1, 1, 1, '');
INSERT INTO `t_tenant_exam_question` (`id`, `uid`, `tenant_exam_library_uid`, `title`, `option`, `score`, `answer`, `analysis`, `exam_type`, `sort`, `is_show`, `create_time`, `update_time`, `delete_time`, `level`, `admin_id`, `tenant_id`, `chapter_uid`) VALUES (42, '681643e17ebfe', '68163f929613d', '<p>根据《建设工程安全生产管理条例》，施工单位的安全责任不包括（ ）</p>', '[{\"check\": \"A\", \"title\": \"制定安全生产规章制度\", \"is_check\": false}, {\"check\": \"B\", \"title\": \"为作业人员缴纳意外伤害保险\", \"is_check\": true}, {\"check\": \"C\", \"title\": \"对达到一定规模的危险性工程组织专家论证\", \"is_check\": false}, {\"check\": \"D\", \"title\": \"对因建设工程施工可能造成损害的毗邻建筑物进行防护\", \"is_check\": false}]', 1.00, '[\"B\"]', '<p>意外伤害保险已改为非强制险（工伤保险为强制），其他选项均为施工单位法定安全责任。</p>', 1, 1, 1, 1746289633, 1746289633, NULL, 1, 1, 1, '');
INSERT INTO `t_tenant_exam_question` (`id`, `uid`, `tenant_exam_library_uid`, `title`, `option`, `score`, `answer`, `analysis`, `exam_type`, `sort`, `is_show`, `create_time`, `update_time`, `delete_time`, `level`, `admin_id`, `tenant_id`, `chapter_uid`) VALUES (43, '681643e17ec0d', '68163f929613d', '<p>下列属于建筑工程竣工验收应当具备的条件有（ ）</p>', '[{\"check\": \"A\", \"title\": \"完成建设工程设计和合同约定的各项内容\", \"is_check\": true}, {\"check\": \"B\", \"title\": \"有完整的技术档案和施工管理资料\", \"is_check\": true}, {\"check\": \"C\", \"title\": \"有工程使用的主要建筑材料、构配件和设备的进场试验报告\", \"is_check\": true}, {\"check\": \"D\", \"title\": \"有施工单位签署的工程保修书\", \"is_check\": true}]', 1.00, '[\"A\", \"B\", \"C\", \"D\"]', '<p>竣工验收条件不包括工程款支付凭证，需满足质量相关文件齐全、完成合同内容等。</p>', 2, 1, 1, 1746289633, 1746289633, NULL, 1, 1, 1, '');
INSERT INTO `t_tenant_exam_question` (`id`, `uid`, `tenant_exam_library_uid`, `title`, `option`, `score`, `answer`, `analysis`, `exam_type`, `sort`, `is_show`, `create_time`, `update_time`, `delete_time`, `level`, `admin_id`, `tenant_id`, `chapter_uid`) VALUES (44, '681643e17ec19', '68163f929613d', '<p>下列属于建筑工程施工质量验收层次的有（ ）</p>', '[{\"check\": \"A\", \"title\": \"单位工程\", \"is_check\": true}, {\"check\": \"B\", \"title\": \"分部工程\", \"is_check\": true}, {\"check\": \"C\", \"title\": \"分项工程\", \"is_check\": true}, {\"check\": \"D\", \"title\": \"检验批\", \"is_check\": true}]', 1.00, '[\"A\", \"B\", \"C\", \"D\"]', '<p>施工质量验收层次包括单位工程、分部工程、分项工程和检验批，工序不属于验收层次。</p>', 2, 1, 1, 1746289633, 1746289633, NULL, 1, 1, 1, '');
INSERT INTO `t_tenant_exam_question` (`id`, `uid`, `tenant_exam_library_uid`, `title`, `option`, `score`, `answer`, `analysis`, `exam_type`, `sort`, `is_show`, `create_time`, `update_time`, `delete_time`, `level`, `admin_id`, `tenant_id`, `chapter_uid`) VALUES (45, '681643e17ec1e', '68163f929613d', '<p>根据《招标投标法》，下列情形中，投标文件无效的有（ ）</p>', '[{\"check\": \"A\", \"title\": \"投标文件未按招标文件要求密封\", \"is_check\": true}, {\"check\": \"B\", \"title\": \"投标人未按时提交投标保证金\", \"is_check\": true}, {\"check\": \"C\", \"title\": \"投标报价低于成本价\", \"is_check\": true}, {\"check\": \"D\", \"title\": \"投标文件未加盖投标人公章但有法定代表人签字\", \"is_check\": false}]', 1.00, '[\"A\", \"B\", \"C\", \"E\"]', '<p>投标文件需密封、提交保证金、报价合理、主体一致，D选项中“未加盖公章但有法定代表人签字”通常视为无效（需同时盖章和签字）。</p>', 2, 1, 1, 1746289633, 1746289633, NULL, 1, 1, 1, '');
INSERT INTO `t_tenant_exam_question` (`id`, `uid`, `tenant_exam_library_uid`, `title`, `option`, `score`, `answer`, `analysis`, `exam_type`, `sort`, `is_show`, `create_time`, `update_time`, `delete_time`, `level`, `admin_id`, `tenant_id`, `chapter_uid`) VALUES (46, '681643e17ec68', '68163f929613d', '<p>下列属于建筑工程施工安全检查内容的有（ ）</p>', '[{\"check\": \"A\", \"title\": \"安全规章制度执行情况\", \"is_check\": true}, {\"check\": \"B\", \"title\": \"劳动防护用品使用情况\", \"is_check\": true}, {\"check\": \"C\", \"title\": \"基坑支护变形监测数据\", \"is_check\": true}, {\"check\": \"D\", \"title\": \"施工临时用电合规性\", \"is_check\": true}]', 1.00, '[\"A\", \"B\", \"C\", \"D\"]', '<p>安全检查侧重安全管理、设施、用电、防护等，混凝土试块强度属于质量检查内容。</p>', 2, 1, 1, 1746289633, 1746289633, NULL, 1, 1, 1, '');
INSERT INTO `t_tenant_exam_question` (`id`, `uid`, `tenant_exam_library_uid`, `title`, `option`, `score`, `answer`, `analysis`, `exam_type`, `sort`, `is_show`, `create_time`, `update_time`, `delete_time`, `level`, `admin_id`, `tenant_id`, `chapter_uid`) VALUES (47, '681643e17ed3a', '68163f929613d', '<p>下列关于钢筋混凝土结构施工缝留置原则的说法，正确的有（ ）</p>', '[{\"check\": \"A\", \"title\": \"宜留置在结构受剪力较小且便于施工的部位\", \"is_check\": true}, {\"check\": \"B\", \"title\": \"柱的施工缝可留置在基础顶面或梁底面\", \"is_check\": true}, {\"check\": \"C\", \"title\": \"单向板的施工缝可留置在平行于板短边的任何位置\", \"is_check\": false}, {\"check\": \"D\", \"title\": \"有主次梁的楼板，施工缝宜留置在次梁跨度的中间1/3范围内\", \"is_check\": true}]', 1.00, '[\"A\", \"B\", \"D\", \"E\"]', '<p>单向板施工缝应留置在平行于板短边的任何位置，C选项正确；其他选项均符合施工缝留置规范。</p>', 2, 1, 1, 1746289633, 1746289633, NULL, 1, 1, 1, '');
INSERT INTO `t_tenant_exam_question` (`id`, `uid`, `tenant_exam_library_uid`, `title`, `option`, `score`, `answer`, `analysis`, `exam_type`, `sort`, `is_show`, `create_time`, `update_time`, `delete_time`, `level`, `admin_id`, `tenant_id`, `chapter_uid`) VALUES (48, '681643e17ed46', '68163f929613d', '<p>下列属于装配式建筑优点的有（ ）</p>', '[{\"check\": \"A\", \"title\": \"提高施工效率，缩短工期\", \"is_check\": true}, {\"check\": \"B\", \"title\": \"减少施工现场污染\", \"is_check\": true}, {\"check\": \"C\", \"title\": \"提高建筑整体抗震性能\", \"is_check\": true}, {\"check\": \"D\", \"title\": \"降低工程造价\", \"is_check\": false}]', 1.00, '[\"A\", \"B\", \"C\", \"E\"]', '<p>装配式建筑初期造价可能高于传统建筑，但长期维护成本低，D选项错误。</p>', 2, 1, 1, 1746289633, 1746289633, NULL, 1, 1, 1, '');
INSERT INTO `t_tenant_exam_question` (`id`, `uid`, `tenant_exam_library_uid`, `title`, `option`, `score`, `answer`, `analysis`, `exam_type`, `sort`, `is_show`, `create_time`, `update_time`, `delete_time`, `level`, `admin_id`, `tenant_id`, `chapter_uid`) VALUES (49, '681643e17ed53', '68163f929613d', '<p>下列属于建筑工程施工图审查内容的有（ ）</p>', '[{\"check\": \"A\", \"title\": \"是否符合工程建设强制性标准\", \"is_check\": true}, {\"check\": \"B\", \"title\": \"地基基础和主体结构的安全性\", \"is_check\": true}, {\"check\": \"C\", \"title\": \"消防设计是否符合规范\", \"is_check\": true}, {\"check\": \"D\", \"title\": \"施工组织设计是否合理\", \"is_check\": false}]', 1.00, '[\"A\", \"B\", \"C\", \"E\"]', '<p>施工图审查不涉及施工组织设计，重点审查安全性、强制性标准、消防和节能等。</p>', 2, 1, 1, 1746289633, 1746289633, NULL, 1, 1, 1, '');
INSERT INTO `t_tenant_exam_question` (`id`, `uid`, `tenant_exam_library_uid`, `title`, `option`, `score`, `answer`, `analysis`, `exam_type`, `sort`, `is_show`, `create_time`, `update_time`, `delete_time`, `level`, `admin_id`, `tenant_id`, `chapter_uid`) VALUES (50, '681643e17ed5e', '68163f929613d', '<p>下列关于建筑工程脚手架搭设要求的说法，正确的有（ ）</p>', '[{\"check\": \"A\", \"title\": \"立杆基础应平整夯实，设置排水措施\", \"is_check\": true}, {\"check\": \"B\", \"title\": \"双排脚手架横向水平杆靠墙一端至墙装饰面的距离不应大于100mm\", \"is_check\": true}, {\"check\": \"C\", \"title\": \"脚手板应满铺，不得有空隙和探头板\", \"is_check\": true}, {\"check\": \"D\", \"title\": \"高度超过24m的落地式脚手架应采用刚性连墙件\", \"is_check\": true}]', 1.00, '[\"A\", \"B\", \"C\", \"D\"]', '<p>剪刀撑应从底部到顶部连续设置，E选项“从顶部开始”错误，应从底部开始。</p>', 2, 1, 1, 1746289633, 1746289633, NULL, 1, 1, 1, '');
INSERT INTO `t_tenant_exam_question` (`id`, `uid`, `tenant_exam_library_uid`, `title`, `option`, `score`, `answer`, `analysis`, `exam_type`, `sort`, `is_show`, `create_time`, `update_time`, `delete_time`, `level`, `admin_id`, `tenant_id`, `chapter_uid`) VALUES (51, '681643e17ed6e', '68163f929613d', '<p>下列属于建筑工程质量事故处理依据的有（ ）</p>', '[{\"check\": \"A\", \"title\": \"质量事故调查报告\", \"is_check\": true}, {\"check\": \"B\", \"title\": \"有关的设计文件和施工资料\", \"is_check\": true}, {\"check\": \"C\", \"title\": \"工程建设强制性标准\", \"is_check\": true}, {\"check\": \"D\", \"title\": \"类似工程质量事故处理案例\", \"is_check\": false}]', 1.00, '[\"A\", \"B\", \"C\", \"E\"]', '<p>处理依据包括事实资料、合同文件、技术标准等，类似案例可参考但非法定依据。</p>', 2, 1, 1, 1746289633, 1746289633, NULL, 1, 1, 1, '');
INSERT INTO `t_tenant_exam_question` (`id`, `uid`, `tenant_exam_library_uid`, `title`, `option`, `score`, `answer`, `analysis`, `exam_type`, `sort`, `is_show`, `create_time`, `update_time`, `delete_time`, `level`, `admin_id`, `tenant_id`, `chapter_uid`) VALUES (52, '681643e17ed7b', '68163f929613d', '<p>下列属于建筑工程进度控制措施的有（ ）</p>', '[{\"check\": \"A\", \"title\": \"建立进度管理责任制度\", \"is_check\": true}, {\"check\": \"B\", \"title\": \"优化施工方案，采用先进技术\", \"is_check\": true}, {\"check\": \"C\", \"title\": \"及时支付工程进度款\", \"is_check\": true}, {\"check\": \"D\", \"title\": \"建立进度动态监测机制\", \"is_check\": true}]', 1.00, '[\"A\", \"B\", \"C\", \"D\"]', '<p>进度控制措施包括组织、技术、经济、管理措施，罚款属于合同违约处理，非直接进度控制措施。</p>', 2, 1, 1, 1746289633, 1746289633, NULL, 1, 1, 1, '');
INSERT INTO `t_tenant_exam_question` (`id`, `uid`, `tenant_exam_library_uid`, `title`, `option`, `score`, `answer`, `analysis`, `exam_type`, `sort`, `is_show`, `create_time`, `update_time`, `delete_time`, `level`, `admin_id`, `tenant_id`, `chapter_uid`) VALUES (53, '681643e17ed85', '68163f929613d', '<p>建筑工程施工许可证有效期为3个月，可延期2次，每次不超过3个月。（ ）</p>', '[{\"check\": \"A\", \"title\": \"正确\", \"is_check\": true}, {\"check\": \"B\", \"title\": \"错误\", \"is_check\": false}]', 1.00, '[\"A\"]', '<p>《建筑法》规定，施工许可证自发证之日起3个月内开工，可延期两次，每次3个月。</p>', 3, 1, 1, 1746289633, 1746289633, NULL, 1, 1, 1, '');
INSERT INTO `t_tenant_exam_question` (`id`, `uid`, `tenant_exam_library_uid`, `title`, `option`, `score`, `answer`, `analysis`, `exam_type`, `sort`, `is_show`, `create_time`, `update_time`, `delete_time`, `level`, `admin_id`, `tenant_id`, `chapter_uid`) VALUES (54, '681643e17ed89', '68163f929613d', '<p>建设单位可以将建筑工程肢解后分别发包给多个施工单位。（ ）</p>', '[{\"check\": \"A\", \"title\": \"正确\", \"is_check\": false}, {\"check\": \"B\", \"title\": \"错误\", \"is_check\": true}]', 1.00, '[\"B\"]', '<p>肢解发包属于违法行为，建设单位应将工程发包给具有相应资质的单位。</p>', 3, 1, 1, 1746289633, 1746289633, NULL, 1, 1, 1, '');
INSERT INTO `t_tenant_exam_question` (`id`, `uid`, `tenant_exam_library_uid`, `title`, `option`, `score`, `answer`, `analysis`, `exam_type`, `sort`, `is_show`, `create_time`, `update_time`, `delete_time`, `level`, `admin_id`, `tenant_id`, `chapter_uid`) VALUES (55, '681643e17ed8d', '68163f929613d', '<p>混凝土浇筑完成后，应在12小时内覆盖并洒水养护，养护时间不少于7天。（ ）</p>', '[{\"check\": \"A\", \"title\": \"正确\", \"is_check\": true}, {\"check\": \"B\", \"title\": \"错误\", \"is_check\": false}]', 1.00, '[\"A\"]', '<p>普通混凝土养护时间≥7天，防水混凝土≥14天，题干未明确防水混凝土，表述正确。</p>', 3, 1, 1, 1746289633, 1746289633, NULL, 1, 1, 1, '');
INSERT INTO `t_tenant_exam_question` (`id`, `uid`, `tenant_exam_library_uid`, `title`, `option`, `score`, `answer`, `analysis`, `exam_type`, `sort`, `is_show`, `create_time`, `update_time`, `delete_time`, `level`, `admin_id`, `tenant_id`, `chapter_uid`) VALUES (56, '681643e17ef72', '68163f929613d', '<p>建筑工程施工中，项目经理必须持有注册建筑师资格证书。（ ）</p>', '[{\"check\": \"A\", \"title\": \"正确\", \"is_check\": false}, {\"check\": \"B\", \"title\": \"错误\", \"is_check\": true}]', 1.00, '[\"B\"]', '<p>项目经理需持有注册建造师资格证书，注册建筑师主要从事设计工作。</p>', 3, 1, 1, 1746289633, 1746289633, NULL, 1, 1, 1, '');
INSERT INTO `t_tenant_exam_question` (`id`, `uid`, `tenant_exam_library_uid`, `title`, `option`, `score`, `answer`, `analysis`, `exam_type`, `sort`, `is_show`, `create_time`, `update_time`, `delete_time`, `level`, `admin_id`, `tenant_id`, `chapter_uid`) VALUES (57, '681643e17ef83', '68163f929613d', '<p>危险性较大的分部分项工程专项施工方案必须经施工单位技术负责人和总监理工程师签字后实施。（ ）</p>', '[{\"check\": \"A\", \"title\": \"正确\", \"is_check\": true}, {\"check\": \"B\", \"title\": \"错误\", \"is_check\": false}]', 1.00, '[\"A\"]', '<p>超过一定规模的危险性工程还需专家论证，但普通危险性工程仅需上述签字。</p>', 3, 1, 1, 1746289633, 1746289633, NULL, 1, 1, 1, '');
INSERT INTO `t_tenant_exam_question` (`id`, `uid`, `tenant_exam_library_uid`, `title`, `option`, `score`, `answer`, `analysis`, `exam_type`, `sort`, `is_show`, `create_time`, `update_time`, `delete_time`, `level`, `admin_id`, `tenant_id`, `chapter_uid`) VALUES (58, '681643e17efb0', '68163f929613d', '<p>建筑工程竣工验收合格后，建设单位应当在15日内将竣工验收报告报建设行政主管部门备案。（ ）</p>', '[{\"check\": \"A\", \"title\": \"正确\", \"is_check\": true}, {\"check\": \"B\", \"title\": \"错误\", \"is_check\": false}]', 1.00, '[\"A\"]', '<p>《建设工程质量管理条例》规定，备案期限为验收合格后15日内。</p>', 3, 1, 1, 1746289633, 1746289633, NULL, 1, 1, 1, '');
INSERT INTO `t_tenant_exam_question` (`id`, `uid`, `tenant_exam_library_uid`, `title`, `option`, `score`, `answer`, `analysis`, `exam_type`, `sort`, `is_show`, `create_time`, `update_time`, `delete_time`, `level`, `admin_id`, `tenant_id`, `chapter_uid`) VALUES (59, '681643e17efb7', '68163f929613d', '<p>钢筋保护层厚度不足会导致混凝土结构承载力下降，但不影响耐久性。（ ）</p>', '[{\"check\": \"A\", \"title\": \"正确\", \"is_check\": false}, {\"check\": \"B\", \"title\": \"错误\", \"is_check\": true}]', 1.00, '[\"B\"]', '<p>保护层不足会导致钢筋锈蚀，严重影响结构耐久性。</p>', 3, 1, 1, 1746289633, 1746289633, NULL, 1, 1, 1, '');
INSERT INTO `t_tenant_exam_question` (`id`, `uid`, `tenant_exam_library_uid`, `title`, `option`, `score`, `answer`, `analysis`, `exam_type`, `sort`, `is_show`, `create_time`, `update_time`, `delete_time`, `level`, `admin_id`, `tenant_id`, `chapter_uid`) VALUES (60, '681643e17efc0', '68163f929613d', '<p>施工组织设计中的施工平面图应标明临时设施、材料堆放、机械布置等位置。（ ）</p>', '[{\"check\": \"A\", \"title\": \"正确\", \"is_check\": true}, {\"check\": \"B\", \"title\": \"错误\", \"is_check\": false}]', 1.00, '[\"A\"]', '<p>施工平面图是施工组织设计的重要组成部分，需规划现场布局。</p>', 3, 1, 1, 1746289633, 1746289633, NULL, 1, 1, 1, '');
INSERT INTO `t_tenant_exam_question` (`id`, `uid`, `tenant_exam_library_uid`, `title`, `option`, `score`, `answer`, `analysis`, `exam_type`, `sort`, `is_show`, `create_time`, `update_time`, `delete_time`, `level`, `admin_id`, `tenant_id`, `chapter_uid`) VALUES (61, '681643e17efc8', '68163f929613d', '<p>建筑工程质量保修期限应不低于国家规定的最低标准，但可以约定更长的保修期限。（ ）</p>', '[{\"check\": \"A\", \"title\": \"正确\", \"is_check\": true}, {\"check\": \"B\", \"title\": \"错误\", \"is_check\": false}]', 1.00, '[\"A\"]', '<p>法律法规规定最低保修期限，发承包双方可约定更高标准。</p>', 3, 1, 1, 1746289633, 1746289633, NULL, 1, 1, 1, '');
INSERT INTO `t_tenant_exam_question` (`id`, `uid`, `tenant_exam_library_uid`, `title`, `option`, `score`, `answer`, `analysis`, `exam_type`, `sort`, `is_show`, `create_time`, `update_time`, `delete_time`, `level`, `admin_id`, `tenant_id`, `chapter_uid`) VALUES (62, '681643e17efd0', '68163f929613d', '<p>建设工程招标中，投标人报价明显低于成本价的，评标委员会应当直接否决其投标。（ ）</p>', '[{\"check\": \"A\", \"title\": \"正确\", \"is_check\": true}, {\"check\": \"B\", \"title\": \"错误\", \"is_check\": false}]', 1.00, '[\"A\"]', '<p>根据《招标投标法》，低于成本价的投标视为无效，应否决。</p>', 3, 1, 1, 1746289633, 1746289633, NULL, 1, 1, 1, '');
INSERT INTO `t_tenant_exam_question` (`id`, `uid`, `tenant_exam_library_uid`, `title`, `option`, `score`, `answer`, `analysis`, `exam_type`, `sort`, `is_show`, `create_time`, `update_time`, `delete_time`, `level`, `admin_id`, `tenant_id`, `chapter_uid`) VALUES (63, '6816447d31a81', '68163f929613d', '<p>根据《建筑法》，申请建筑工程施工许可证时，建设资金落实标准为工期超过1年的，到位资金不得少于工程合同价的（ ）</p>', '[{\"check\": \"A\", \"title\": \"20%\", \"is_check\": false}, {\"check\": \"B\", \"title\": \"30%\", \"is_check\": true}, {\"check\": \"C\", \"title\": \"40%\", \"is_check\": false}, {\"check\": \"D\", \"title\": \"50%\", \"is_check\": false}]', 1.00, '[\"B\"]', '<p>《建筑法》规定，工期超过1年的建设工程，施工许可要求到位资金不少于合同价的30%。</p>', 1, 1, 1, 1746289789, 1746289789, NULL, 1, 1, 1, '');
INSERT INTO `t_tenant_exam_question` (`id`, `uid`, `tenant_exam_library_uid`, `title`, `option`, `score`, `answer`, `analysis`, `exam_type`, `sort`, `is_show`, `create_time`, `update_time`, `delete_time`, `level`, `admin_id`, `tenant_id`, `chapter_uid`) VALUES (64, '6816447d31a98', '68163f929613d', '<p>下列钢筋连接方式中，属于机械连接的是（ ）</p>', '[{\"check\": \"A\", \"title\": \"绑扎连接\", \"is_check\": false}, {\"check\": \"B\", \"title\": \"电渣压力焊\", \"is_check\": false}, {\"check\": \"C\", \"title\": \"套筒挤压连接\", \"is_check\": true}, {\"check\": \"D\", \"title\": \"闪光对焊\", \"is_check\": false}]', 1.00, '[\"C\"]', '<p>机械连接包括套筒挤压、直螺纹套筒等，电渣压力焊和闪光对焊属于焊接连接。</p>', 1, 1, 1, 1746289789, 1746289789, NULL, 1, 1, 1, '');
INSERT INTO `t_tenant_exam_question` (`id`, `uid`, `tenant_exam_library_uid`, `title`, `option`, `score`, `answer`, `analysis`, `exam_type`, `sort`, `is_show`, `create_time`, `update_time`, `delete_time`, `level`, `admin_id`, `tenant_id`, `chapter_uid`) VALUES (65, '6816447d31aa0', '68163f929613d', '<p>建筑工程施工中，用于检测混凝土抗压强度的标准试件尺寸是（ ）</p>', '[{\"check\": \"A\", \"title\": \"100mm×100mm×100mm\", \"is_check\": false}, {\"check\": \"B\", \"title\": \"150mm×150mm×150mm\", \"is_check\": true}, {\"check\": \"C\", \"title\": \"200mm×200mm×200mm\", \"is_check\": false}, {\"check\": \"D\", \"title\": \"150mm×150mm×300mm\", \"is_check\": false}]', 1.00, '[\"B\"]', '<p>混凝土抗压强度标准试件为150mm立方体，符合《普通混凝土力学性能试验方法标准》。</p>', 1, 1, 1, 1746289789, 1746289789, NULL, 1, 1, 1, '');
INSERT INTO `t_tenant_exam_question` (`id`, `uid`, `tenant_exam_library_uid`, `title`, `option`, `score`, `answer`, `analysis`, `exam_type`, `sort`, `is_show`, `create_time`, `update_time`, `delete_time`, `level`, `admin_id`, `tenant_id`, `chapter_uid`) VALUES (66, '6816447d31aed', '68163f929613d', '<p>根据《危险性较大的分部分项工程安全管理规定》，开挖深度超过（ ）的基坑支护工程需组织专家论证</p>', '[{\"check\": \"A\", \"title\": \"3m\", \"is_check\": false}, {\"check\": \"B\", \"title\": \"4m\", \"is_check\": false}, {\"check\": \"C\", \"title\": \"5m\", \"is_check\": true}, {\"check\": \"D\", \"title\": \"6m\", \"is_check\": false}]', 1.00, '[\"C\"]', '<p>超过一定规模的危险性工程，开挖深度≥5m的基坑需专家论证。</p>', 1, 1, 1, 1746289789, 1746289789, NULL, 1, 1, 1, '');
INSERT INTO `t_tenant_exam_question` (`id`, `uid`, `tenant_exam_library_uid`, `title`, `option`, `score`, `answer`, `analysis`, `exam_type`, `sort`, `is_show`, `create_time`, `update_time`, `delete_time`, `level`, `admin_id`, `tenant_id`, `chapter_uid`) VALUES (67, '6816447d31af3', '68163f929613d', '<p>建筑工程竣工验收时，单位工程质量验收合格的条件不包括（ ）</p>', '[{\"check\": \"A\", \"title\": \"所含分部工程质量均验收合格\", \"is_check\": false}, {\"check\": \"B\", \"title\": \"质量控制资料完整\", \"is_check\": false}, {\"check\": \"C\", \"title\": \"观感质量验收符合要求\", \"is_check\": false}, {\"check\": \"D\", \"title\": \"施工单位已签署工程保修书\", \"is_check\": true}]', 1.00, '[\"D\"]', '<p>施工单位签署保修书是竣工验收应具备的条件，非单位工程质量验收合格的直接条件。</p>', 1, 1, 1, 1746289789, 1746289789, NULL, 1, 1, 1, '');
INSERT INTO `t_tenant_exam_question` (`id`, `uid`, `tenant_exam_library_uid`, `title`, `option`, `score`, `answer`, `analysis`, `exam_type`, `sort`, `is_show`, `create_time`, `update_time`, `delete_time`, `level`, `admin_id`, `tenant_id`, `chapter_uid`) VALUES (68, '6816447d31b4a', '68163f929613d', '<p>下列属于建筑工程措施费的是（ ）</p>', '[{\"check\": \"A\", \"title\": \"工程排污费\", \"is_check\": false}, {\"check\": \"B\", \"title\": \"脚手架工程费\", \"is_check\": true}, {\"check\": \"C\", \"title\": \"工伤保险费\", \"is_check\": false}, {\"check\": \"D\", \"title\": \"总承包服务费\", \"is_check\": false}]', 1.00, '[\"B\"]', '<p>措施费包括脚手架、模板、安全文明施工等，工程排污费和工伤保险费属于规费，总承包服务费属于其他项目费。</p>', 1, 1, 1, 1746289789, 1746289789, NULL, 1, 1, 1, '');
INSERT INTO `t_tenant_exam_question` (`id`, `uid`, `tenant_exam_library_uid`, `title`, `option`, `score`, `answer`, `analysis`, `exam_type`, `sort`, `is_show`, `create_time`, `update_time`, `delete_time`, `level`, `admin_id`, `tenant_id`, `chapter_uid`) VALUES (69, '6816447d31b5b', '68163f929613d', '<p>钢筋混凝土梁中，箍筋的主要作用是（ ）</p>', '[{\"check\": \"A\", \"title\": \"承受拉力\", \"is_check\": false}, {\"check\": \"B\", \"title\": \"承受压力\", \"is_check\": false}, {\"check\": \"C\", \"title\": \"抗剪和固定纵筋位置\", \"is_check\": true}, {\"check\": \"D\", \"title\": \"提高混凝土强度\", \"is_check\": false}]', 1.00, '[\"C\"]', '<p>箍筋主要抵抗剪力，同时固定纵向钢筋位置，形成钢筋骨架。</p>', 1, 1, 1, 1746289789, 1746289789, NULL, 1, 1, 1, '');
INSERT INTO `t_tenant_exam_question` (`id`, `uid`, `tenant_exam_library_uid`, `title`, `option`, `score`, `answer`, `analysis`, `exam_type`, `sort`, `is_show`, `create_time`, `update_time`, `delete_time`, `level`, `admin_id`, `tenant_id`, `chapter_uid`) VALUES (70, '6816447d31b7c', '68163f929613d', '<p>根据《建设工程安全生产管理条例》，施工单位应当为（ ）办理工伤保险</p>', '[{\"check\": \"A\", \"title\": \"全体职工\", \"is_check\": true}, {\"check\": \"B\", \"title\": \"特种作业人员\", \"is_check\": false}, {\"check\": \"C\", \"title\": \"现场管理人员\", \"is_check\": false}, {\"check\": \"D\", \"title\": \"危险岗位作业人员\", \"is_check\": false}]', 1.00, '[\"A\"]', '<p>工伤保险是法定强制险，施工单位需为全体职工缴纳，意外伤害保险为自愿投保。</p>', 1, 1, 1, 1746289789, 1746289789, NULL, 1, 1, 1, '');
INSERT INTO `t_tenant_exam_question` (`id`, `uid`, `tenant_exam_library_uid`, `title`, `option`, `score`, `answer`, `analysis`, `exam_type`, `sort`, `is_show`, `create_time`, `update_time`, `delete_time`, `level`, `admin_id`, `tenant_id`, `chapter_uid`) VALUES (71, '6816447d31b82', '68163f929613d', '<p>建筑工程施工组织设计中，施工进度计划的编制依据不包括（ ）</p>', '[{\"check\": \"A\", \"title\": \"合同工期\", \"is_check\": false}, {\"check\": \"B\", \"title\": \"施工方案\", \"is_check\": false}, {\"check\": \"C\", \"title\": \"资源供应情况\", \"is_check\": false}, {\"check\": \"D\", \"title\": \"工程地质勘察报告\", \"is_check\": true}]', 1.00, '[\"D\"]', '<p>工程地质勘察报告是施工方案编制依据，进度计划主要依据工期、资源、工艺等。</p>', 1, 1, 1, 1746289789, 1746289789, NULL, 1, 1, 1, '');
INSERT INTO `t_tenant_exam_question` (`id`, `uid`, `tenant_exam_library_uid`, `title`, `option`, `score`, `answer`, `analysis`, `exam_type`, `sort`, `is_show`, `create_time`, `update_time`, `delete_time`, `level`, `admin_id`, `tenant_id`, `chapter_uid`) VALUES (72, '6816447d31b89', '68163f929613d', '<p>下列关于混凝土养护的说法，正确的是（ ）</p>', '[{\"check\": \"A\", \"title\": \"高温天气下应在浇筑后立即覆盖养护\", \"is_check\": false}, {\"check\": \"B\", \"title\": \"防水混凝土养护时间不得少于14天\", \"is_check\": true}, {\"check\": \"C\", \"title\": \"日均温低于5℃时应采用洒水养护\", \"is_check\": false}, {\"check\": \"D\", \"title\": \"养护用水的pH值不得小于7\", \"is_check\": false}]', 1.00, '[\"B\"]', '<p>防水混凝土因水泥水化需求，养护时间≥14天，低温时禁止洒水养护。</p>', 1, 1, 1, 1746289789, 1746289789, NULL, 1, 1, 1, '');
INSERT INTO `t_tenant_exam_question` (`id`, `uid`, `tenant_exam_library_uid`, `title`, `option`, `score`, `answer`, `analysis`, `exam_type`, `sort`, `is_show`, `create_time`, `update_time`, `delete_time`, `level`, `admin_id`, `tenant_id`, `chapter_uid`) VALUES (73, '6816447d31b91', '68163f929613d', '<p>建筑工程中，下列材料需要进行见证取样检测的是（ ）</p>', '[{\"check\": \"A\", \"title\": \"钢筋保护层垫块\", \"is_check\": false}, {\"check\": \"B\", \"title\": \"墙体保温材料\", \"is_check\": false}, {\"check\": \"C\", \"title\": \"砌筑砂浆试块\", \"is_check\": true}, {\"check\": \"D\", \"title\": \"混凝土模板\", \"is_check\": false}]', 1.00, '[\"C\"]', '<p>见证取样范围包括水泥、钢筋、砂浆试块、混凝土试块等涉及结构安全的试块、试件。</p>', 1, 1, 1, 1746289789, 1746289789, NULL, 1, 1, 1, '');
INSERT INTO `t_tenant_exam_question` (`id`, `uid`, `tenant_exam_library_uid`, `title`, `option`, `score`, `answer`, `analysis`, `exam_type`, `sort`, `is_show`, `create_time`, `update_time`, `delete_time`, `level`, `admin_id`, `tenant_id`, `chapter_uid`) VALUES (74, '6816447d31b9c', '68163f929613d', '<p>根据《招标投标法》，招标人对已发出的招标文件进行澄清，应在投标截止时间至少（ ）前书面通知投标人</p>', '[{\"check\": \"A\", \"title\": \"5日\", \"is_check\": false}, {\"check\": \"B\", \"title\": \"10日\", \"is_check\": false}, {\"check\": \"C\", \"title\": \"15日\", \"is_check\": true}, {\"check\": \"D\", \"title\": \"20日\", \"is_check\": false}]', 1.00, '[\"C\"]', '<p>招标文件澄清需在投标截止前15天发出，否则需顺延截止时间。</p>', 1, 1, 1, 1746289789, 1746289789, NULL, 1, 1, 1, '');
INSERT INTO `t_tenant_exam_question` (`id`, `uid`, `tenant_exam_library_uid`, `title`, `option`, `score`, `answer`, `analysis`, `exam_type`, `sort`, `is_show`, `create_time`, `update_time`, `delete_time`, `level`, `admin_id`, `tenant_id`, `chapter_uid`) VALUES (75, '6816447d31ba1', '68163f929613d', '<p>下列属于装配式混凝土结构主要连接方式的是（ ）</p>', '[{\"check\": \"A\", \"title\": \"螺栓连接\", \"is_check\": false}, {\"check\": \"B\", \"title\": \"套筒灌浆连接\", \"is_check\": true}, {\"check\": \"C\", \"title\": \"焊接连接\", \"is_check\": false}, {\"check\": \"D\", \"title\": \"铆钉连接\", \"is_check\": false}]', 1.00, '[\"B\"]', '<p>装配式混凝土结构中，预制构件主要通过套筒灌浆连接实现钢筋贯通。</p>', 1, 1, 1, 1746289789, 1746289789, NULL, 1, 1, 1, '');
INSERT INTO `t_tenant_exam_question` (`id`, `uid`, `tenant_exam_library_uid`, `title`, `option`, `score`, `answer`, `analysis`, `exam_type`, `sort`, `is_show`, `create_time`, `update_time`, `delete_time`, `level`, `admin_id`, `tenant_id`, `chapter_uid`) VALUES (76, '6816447d31ba6', '68163f929613d', '<p>建筑工程施工质量验收中，检验批验收的组织者是（ ）</p>', '[{\"check\": \"A\", \"title\": \"建设单位项目负责人\", \"is_check\": false}, {\"check\": \"B\", \"title\": \"施工单位项目负责人\", \"is_check\": false}, {\"check\": \"C\", \"title\": \"监理工程师\", \"is_check\": true}, {\"check\": \"D\", \"title\": \"质量监督机构人员\", \"is_check\": false}]', 1.00, '[\"C\"]', '<p>检验批由监理工程师组织施工单位项目专业质量检查员、专业工长等进行验收。</p>', 1, 1, 1, 1746289789, 1746289789, NULL, 1, 1, 1, '');
INSERT INTO `t_tenant_exam_question` (`id`, `uid`, `tenant_exam_library_uid`, `title`, `option`, `score`, `answer`, `analysis`, `exam_type`, `sort`, `is_show`, `create_time`, `update_time`, `delete_time`, `level`, `admin_id`, `tenant_id`, `chapter_uid`) VALUES (77, '6816447d31bb0', '68163f929613d', '<p>下列关于模板工程施工的说法，错误的是（ ）</p>', '[{\"check\": \"A\", \"title\": \"模板支撑体系需进行承载力验算\", \"is_check\": false}, {\"check\": \"B\", \"title\": \"梁底模板支架立杆间距应符合设计要求\", \"is_check\": false}, {\"check\": \"C\", \"title\": \"模板拆除应待混凝土强度达到规范要求\", \"is_check\": false}, {\"check\": \"D\", \"title\": \"后浇带模板可与相邻结构模板同时拆除\", \"is_check\": true}]', 1.00, '[\"D\"]', '<p>后浇带模板应单独设置，待后浇带混凝土强度达标后再拆除，避免结构开裂。</p>', 1, 1, 1, 1746289789, 1746289789, NULL, 1, 1, 1, '');
INSERT INTO `t_tenant_exam_question` (`id`, `uid`, `tenant_exam_library_uid`, `title`, `option`, `score`, `answer`, `analysis`, `exam_type`, `sort`, `is_show`, `create_time`, `update_time`, `delete_time`, `level`, `admin_id`, `tenant_id`, `chapter_uid`) VALUES (78, '6816447d31bba', '68163f929613d', '<p>根据《建设工程质量管理条例》，建设工程的最低保修期限自（ ）起计算</p>', '[{\"check\": \"A\", \"title\": \"开工日期\", \"is_check\": false}, {\"check\": \"B\", \"title\": \"竣工验收合格之日\", \"is_check\": true}, {\"check\": \"C\", \"title\": \"备案日期\", \"is_check\": false}, {\"check\": \"D\", \"title\": \"交付使用之日\", \"is_check\": false}]', 1.00, '[\"B\"]', '<p>保修期从工程竣工验收合格之日开始计算，而非交付或备案时间。</p>', 1, 1, 1, 1746289789, 1746289789, NULL, 1, 1, 1, '');
INSERT INTO `t_tenant_exam_question` (`id`, `uid`, `tenant_exam_library_uid`, `title`, `option`, `score`, `answer`, `analysis`, `exam_type`, `sort`, `is_show`, `create_time`, `update_time`, `delete_time`, `level`, `admin_id`, `tenant_id`, `chapter_uid`) VALUES (79, '6816447d31bc3', '68163f929613d', '<p>建筑工程中，用于测定砂浆强度的试件尺寸是（ ）</p>', '[{\"check\": \"A\", \"title\": \"70.7mm×70.7mm×70.7mm\", \"is_check\": true}, {\"check\": \"B\", \"title\": \"100mm×100mm×100mm\", \"is_check\": false}, {\"check\": \"C\", \"title\": \"150mm×150mm×150mm\", \"is_check\": false}, {\"check\": \"D\", \"title\": \"200mm×200mm×200mm\", \"is_check\": false}]', 1.00, '[\"A\"]', '<p>砂浆强度试件为70.7mm立方体，符合《建筑砂浆基本性能试验方法标准》。</p>', 1, 1, 1, 1746289789, 1746289789, NULL, 1, 1, 1, '');
INSERT INTO `t_tenant_exam_question` (`id`, `uid`, `tenant_exam_library_uid`, `title`, `option`, `score`, `answer`, `analysis`, `exam_type`, `sort`, `is_show`, `create_time`, `update_time`, `delete_time`, `level`, `admin_id`, `tenant_id`, `chapter_uid`) VALUES (80, '6816447d31bcc', '68163f929613d', '<p>下列属于建筑工程施工安全技术交底主要内容的是（ ）</p>', '[{\"check\": \"A\", \"title\": \"工程概况与进度计划\", \"is_check\": false}, {\"check\": \"B\", \"title\": \"安全操作规程与应急措施\", \"is_check\": true}, {\"check\": \"C\", \"title\": \"工程量清单与计价方式\", \"is_check\": false}, {\"check\": \"D\", \"title\": \"施工合同与违约责任\", \"is_check\": false}]', 1.00, '[\"B\"]', '<p>安全技术交底重点包括施工工艺、安全操作要求、危险点分析、应急措施等。</p>', 1, 1, 1, 1746289789, 1746289789, NULL, 1, 1, 1, '');
INSERT INTO `t_tenant_exam_question` (`id`, `uid`, `tenant_exam_library_uid`, `title`, `option`, `score`, `answer`, `analysis`, `exam_type`, `sort`, `is_show`, `create_time`, `update_time`, `delete_time`, `level`, `admin_id`, `tenant_id`, `chapter_uid`) VALUES (81, '6816447d31bd9', '68163f929613d', '<p>根据《建筑工程施工质量验收统一标准》，分部工程验收的组织者是（ ）</p>', '[{\"check\": \"A\", \"title\": \"总监理工程师\", \"is_check\": true}, {\"check\": \"B\", \"title\": \"专业监理工程师\", \"is_check\": false}, {\"check\": \"C\", \"title\": \"建设单位项目负责人\", \"is_check\": false}, {\"check\": \"D\", \"title\": \"施工单位技术负责人\", \"is_check\": false}]', 1.00, '[\"A\"]', '<p>分部工程由总监理工程师组织施工单位项目负责人和项目技术负责人等进行验收。</p>', 1, 1, 1, 1746289789, 1746289789, NULL, 1, 1, 1, '');
INSERT INTO `t_tenant_exam_question` (`id`, `uid`, `tenant_exam_library_uid`, `title`, `option`, `score`, `answer`, `analysis`, `exam_type`, `sort`, `is_show`, `create_time`, `update_time`, `delete_time`, `level`, `admin_id`, `tenant_id`, `chapter_uid`) VALUES (82, '6816447d31be7', '68163f929613d', '<p>建筑工程中，下列不属于违法分包的情形是（ ）</p>', '[{\"check\": \"A\", \"title\": \"总承包单位将主体结构施工分包\", \"is_check\": false}, {\"check\": \"B\", \"title\": \"分包单位将其承包的工程再分包\", \"is_check\": false}, {\"check\": \"C\", \"title\": \"未经建设单位同意的专业分包\", \"is_check\": false}, {\"check\": \"D\", \"title\": \"劳务分包单位承接劳务作业\", \"is_check\": true}]', 1.00, '[\"D\"]', '<p>劳务分包不属于违法分包，主体结构分包、再分包、未经同意的专业分包均属违法。</p>', 1, 1, 1, 1746289789, 1746289789, NULL, 1, 1, 1, '');
INSERT INTO `t_tenant_exam_question` (`id`, `uid`, `tenant_exam_library_uid`, `title`, `option`, `score`, `answer`, `analysis`, `exam_type`, `sort`, `is_show`, `create_time`, `update_time`, `delete_time`, `level`, `admin_id`, `tenant_id`, `chapter_uid`) VALUES (83, '6816447d31bf1', '68163f929613d', '<p>下列属于建筑工程施工许可证申请条件的有（ ）</p>', '[{\"check\": \"A\", \"title\": \"已办理用地批准手续\", \"is_check\": true}, {\"check\": \"B\", \"title\": \"已确定施工企业\", \"is_check\": true}, {\"check\": \"C\", \"title\": \"已签订监理合同\", \"is_check\": false}, {\"check\": \"D\", \"title\": \"施工图设计文件已审查合格\", \"is_check\": true}]', 1.00, '[\"A\", \"B\", \"D\"]', '<p>拆迁工作只需满足施工进度要求，不要求全部完成；监理合同非施工许可必备条件（部分地区除外）。</p>', 2, 1, 1, 1746289789, 1746289789, NULL, 1, 1, 1, '');
INSERT INTO `t_tenant_exam_question` (`id`, `uid`, `tenant_exam_library_uid`, `title`, `option`, `score`, `answer`, `analysis`, `exam_type`, `sort`, `is_show`, `create_time`, `update_time`, `delete_time`, `level`, `admin_id`, `tenant_id`, `chapter_uid`) VALUES (84, '6816447d31bfa', '68163f929613d', '<p>下列关于钢筋代换的说法，正确的有（ ）</p>', '[{\"check\": \"A\", \"title\": \"应遵循“等强度代换”或“等面积代换”原则\", \"is_check\": true}, {\"check\": \"B\", \"title\": \"代换后应满足配筋率、最小钢筋直径等构造要求\", \"is_check\": true}, {\"check\": \"C\", \"title\": \"重要构件的钢筋代换需经设计单位同意\", \"is_check\": true}, {\"check\": \"D\", \"title\": \"钢种代换时应考虑抗裂性、耐久性等影响\", \"is_check\": true}]', 1.00, '[\"A\", \"B\", \"C\", \"D\"]', '<p>钢筋代换不要求强度等级必须更高，满足设计要求即可，E选项错误。</p>', 2, 1, 1, 1746289789, 1746289789, NULL, 1, 1, 1, '');
INSERT INTO `t_tenant_exam_question` (`id`, `uid`, `tenant_exam_library_uid`, `title`, `option`, `score`, `answer`, `analysis`, `exam_type`, `sort`, `is_show`, `create_time`, `update_time`, `delete_time`, `level`, `admin_id`, `tenant_id`, `chapter_uid`) VALUES (85, '6816447d31c05', '68163f929613d', '<p>根据《建设工程安全生产管理条例》，施工单位应编制专项施工方案并组织专家论证的工程有（ ）</p>', '[{\"check\": \"A\", \"title\": \"深度5m的基坑支护工程\", \"is_check\": true}, {\"check\": \"B\", \"title\": \"高度50m的落地式钢管脚手架工程\", \"is_check\": true}, {\"check\": \"C\", \"title\": \"跨度36m的钢结构安装工程\", \"is_check\": true}, {\"check\": \"D\", \"title\": \"高度8m的模板支撑工程\", \"is_check\": true}]', 1.00, '[\"A\", \"B\", \"C\", \"D\", \"E\"]', '<p>上述均属于超过一定规模的危险性较大工程，需专家论证。</p>', 2, 1, 1, 1746289789, 1746289789, NULL, 1, 1, 1, '');
INSERT INTO `t_tenant_exam_question` (`id`, `uid`, `tenant_exam_library_uid`, `title`, `option`, `score`, `answer`, `analysis`, `exam_type`, `sort`, `is_show`, `create_time`, `update_time`, `delete_time`, `level`, `admin_id`, `tenant_id`, `chapter_uid`) VALUES (86, '6816447d31c1d', '68163f929613d', '<p>下列属于建筑工程质量验收记录的有（ ）</p>', '[{\"check\": \"A\", \"title\": \"检验批质量验收记录\", \"is_check\": true}, {\"check\": \"B\", \"title\": \"分项工程质量验收记录\", \"is_check\": true}, {\"check\": \"C\", \"title\": \"分部工程质量验收记录\", \"is_check\": true}, {\"check\": \"D\", \"title\": \"单位工程质量竣工验收记录\", \"is_check\": true}]', 1.00, '[\"A\", \"B\", \"C\", \"D\"]', '<p>施工日志是施工过程记录，不属于正式质量验收记录。</p>', 2, 1, 1, 1746289789, 1746289789, NULL, 1, 1, 1, '');
INSERT INTO `t_tenant_exam_question` (`id`, `uid`, `tenant_exam_library_uid`, `title`, `option`, `score`, `answer`, `analysis`, `exam_type`, `sort`, `is_show`, `create_time`, `update_time`, `delete_time`, `level`, `admin_id`, `tenant_id`, `chapter_uid`) VALUES (87, '6816447d31c27', '68163f929613d', '<p>下列关于混凝土施工缝处理的说法，正确的有（ ）</p>', '[{\"check\": \"A\", \"title\": \"浇筑前应清除表面浮浆和松动石子\", \"is_check\": true}, {\"check\": \"B\", \"title\": \"宜先铺一层与混凝土成分相同的水泥砂浆\", \"is_check\": true}, {\"check\": \"C\", \"title\": \"柱的施工缝处理后应加强养护\", \"is_check\": true}, {\"check\": \"D\", \"title\": \"施工缝处混凝土强度应达到1.2MPa后方可继续浇筑\", \"is_check\": false}]', 1.00, '[\"A\", \"B\", \"C\", \"E\"]', '<p>施工缝继续浇筑时，原混凝土强度需达到1.2MPa是错误的，应根据混凝土强度增长情况和规范要求确定。</p>', 2, 1, 1, 1746289789, 1746289789, NULL, 1, 1, 1, '');
INSERT INTO `t_tenant_exam_question` (`id`, `uid`, `tenant_exam_library_uid`, `title`, `option`, `score`, `answer`, `analysis`, `exam_type`, `sort`, `is_show`, `create_time`, `update_time`, `delete_time`, `level`, `admin_id`, `tenant_id`, `chapter_uid`) VALUES (88, '6816447d31c32', '68163f929613d', '<p>下列属于建筑工程规费的有（ ）</p>', '[{\"check\": \"A\", \"title\": \"养老保险费\", \"is_check\": true}, {\"check\": \"B\", \"title\": \"失业保险费\", \"is_check\": true}, {\"check\": \"C\", \"title\": \"医疗保险费\", \"is_check\": true}, {\"check\": \"D\", \"title\": \"住房公积金\", \"is_check\": true}]', 1.00, '[\"A\", \"B\", \"C\", \"D\"]', '<p>规费包括“五险一金”中的四险一金（养老保险、失业保险、医疗保险、工伤保险、住房公积金），安全文明施工费属于措施费。</p>', 2, 1, 1, 1746289789, 1746289789, NULL, 1, 1, 1, '');
INSERT INTO `t_tenant_exam_question` (`id`, `uid`, `tenant_exam_library_uid`, `title`, `option`, `score`, `answer`, `analysis`, `exam_type`, `sort`, `is_show`, `create_time`, `update_time`, `delete_time`, `level`, `admin_id`, `tenant_id`, `chapter_uid`) VALUES (89, '6816447d31c3a', '68163f929613d', '<p>根据《招标投标法》，投标人的下列行为中，属于串通投标的有（ ）</p>', '[{\"check\": \"A\", \"title\": \"投标人之间协商投标报价\", \"is_check\": true}, {\"check\": \"B\", \"title\": \"投标人与招标人串通抬高投标价格\", \"is_check\": true}, {\"check\": \"C\", \"title\": \"投标人以他人名义投标\", \"is_check\": false}, {\"check\": \"D\", \"title\": \"不同投标人的投标文件由同一单位编制\", \"is_check\": true}]', 1.00, '[\"A\", \"B\", \"D\"]', '<p>C选项属于挂靠，E选项属于弄虚作假，均非串通投标。</p>', 2, 1, 1, 1746289789, 1746289789, NULL, 1, 1, 1, '');
INSERT INTO `t_tenant_exam_question` (`id`, `uid`, `tenant_exam_library_uid`, `title`, `option`, `score`, `answer`, `analysis`, `exam_type`, `sort`, `is_show`, `create_time`, `update_time`, `delete_time`, `level`, `admin_id`, `tenant_id`, `chapter_uid`) VALUES (90, '6816447d31c44', '68163f929613d', '<p>下列关于建筑工程竣工验收备案的说法，正确的有（ ）</p>', '[{\"check\": \"A\", \"title\": \"备案需提交工程竣工验收报告\", \"is_check\": true}, {\"check\": \"B\", \"title\": \"备案机关为工程所在地建设行政主管部门\", \"is_check\": true}, {\"check\": \"C\", \"title\": \"备案时间为竣工验收合格后30日内\", \"is_check\": false}, {\"check\": \"D\", \"title\": \"备案需提交施工单位签署的工程保修书\", \"is_check\": true}]', 1.00, '[\"A\", \"B\", \"D\", \"E\"]', '<p>备案时间应为竣工验收合格后15日内，C选项错误。</p>', 2, 1, 1, 1746289789, 1746289789, NULL, 1, 1, 1, '');
INSERT INTO `t_tenant_exam_question` (`id`, `uid`, `tenant_exam_library_uid`, `title`, `option`, `score`, `answer`, `analysis`, `exam_type`, `sort`, `is_show`, `create_time`, `update_time`, `delete_time`, `level`, `admin_id`, `tenant_id`, `chapter_uid`) VALUES (91, '6816447d31c4f', '68163f929613d', '<p>下列属于建筑工程施工组织设计内容的有（ ）</p>', '[{\"check\": \"A\", \"title\": \"工程概况与施工部署\", \"is_check\": true}, {\"check\": \"B\", \"title\": \"施工进度计划与资源配置\", \"is_check\": true}, {\"check\": \"C\", \"title\": \"主要施工方案与技术措施\", \"is_check\": true}, {\"check\": \"D\", \"title\": \"施工现场平面布置图\", \"is_check\": true}]', 1.00, '[\"A\", \"B\", \"C\", \"D\"]', '<p>施工组织设计不包括工程预算书，预算属于造价文件。</p>', 2, 1, 1, 1746289789, 1746289789, NULL, 1, 1, 1, '');
INSERT INTO `t_tenant_exam_question` (`id`, `uid`, `tenant_exam_library_uid`, `title`, `option`, `score`, `answer`, `analysis`, `exam_type`, `sort`, `is_show`, `create_time`, `update_time`, `delete_time`, `level`, `admin_id`, `tenant_id`, `chapter_uid`) VALUES (92, '6816447d31c5b', '68163f929613d', '<p>下列关于建筑工程钢筋保护层厚度的说法，正确的有（ ）</p>', '[{\"check\": \"A\", \"title\": \"保护层厚度不足易导致钢筋锈蚀\", \"is_check\": true}, {\"check\": \"B\", \"title\": \"梁柱保护层厚度应符合设计规范要求\", \"is_check\": true}, {\"check\": \"C\", \"title\": \"板类构件保护层厚度允许偏差为±5mm\", \"is_check\": false}, {\"check\": \"D\", \"title\": \"保护层厚度可通过钢筋探测仪检测\", \"is_check\": true}]', 1.00, '[\"A\", \"B\", \"D\", \"E\"]', '<p>板类构件保护层厚度允许偏差为±10mm（C25~C45），C选项错误。</p>', 2, 1, 1, 1746289789, 1746289789, NULL, 1, 1, 1, '');
INSERT INTO `t_tenant_exam_question` (`id`, `uid`, `tenant_exam_library_uid`, `title`, `option`, `score`, `answer`, `analysis`, `exam_type`, `sort`, `is_show`, `create_time`, `update_time`, `delete_time`, `level`, `admin_id`, `tenant_id`, `chapter_uid`) VALUES (93, '6816447d31c66', '68163f929613d', '<p>下列属于建筑工程质量事故处理程序的有（ ）</p>', '[{\"check\": \"A\", \"title\": \"事故调查与原因分析\", \"is_check\": true}, {\"check\": \"B\", \"title\": \"制定处理方案\", \"is_check\": true}, {\"check\": \"C\", \"title\": \"事故处理与验收\", \"is_check\": true}, {\"check\": \"D\", \"title\": \"事故责任追究\", \"is_check\": false}]', 1.00, '[\"A\", \"B\", \"C\", \"E\"]', '<p>责任追究属于行政管理程序，非质量事故技术处理程序的必要步骤。</p>', 2, 1, 1, 1746289789, 1746289789, NULL, 1, 1, 1, '');
INSERT INTO `t_tenant_exam_question` (`id`, `uid`, `tenant_exam_library_uid`, `title`, `option`, `score`, `answer`, `analysis`, `exam_type`, `sort`, `is_show`, `create_time`, `update_time`, `delete_time`, `level`, `admin_id`, `tenant_id`, `chapter_uid`) VALUES (94, '6816447d31c70', '68163f929613d', '<p>下列关于建筑工程脚手架连墙件设置的说法，正确的有（ ）</p>', '[{\"check\": \"A\", \"title\": \"应靠近主节点设置，偏离不应大于300mm\", \"is_check\": true}, {\"check\": \"B\", \"title\": \"高度24m以下可采用柔性连墙件\", \"is_check\": false}, {\"check\": \"C\", \"title\": \"高度24m以上应采用刚性连墙件\", \"is_check\": true}, {\"check\": \"D\", \"title\": \"连墙件布置间距应符合设计计算要求\", \"is_check\": true}]', 1.00, '[\"A\", \"C\", \"D\", \"E\"]', '<p>高度24m以下脚手架可采用刚性或柔性连墙件，但柔性连墙件需满足抗风荷载要求，B选项表述不严谨。</p>', 2, 1, 1, 1746289789, 1746289789, NULL, 1, 1, 1, '');
INSERT INTO `t_tenant_exam_question` (`id`, `uid`, `tenant_exam_library_uid`, `title`, `option`, `score`, `answer`, `analysis`, `exam_type`, `sort`, `is_show`, `create_time`, `update_time`, `delete_time`, `level`, `admin_id`, `tenant_id`, `chapter_uid`) VALUES (95, '6816447d31c7a', '68163f929613d', '<p>下列属于建筑工程施工质量控制依据的有（ ）</p>', '[{\"check\": \"A\", \"title\": \"工程建设强制性标准\", \"is_check\": true}, {\"check\": \"B\", \"title\": \"施工图纸与设计文件\", \"is_check\": true}, {\"check\": \"C\", \"title\": \"施工合同约定的质量标准\", \"is_check\": true}, {\"check\": \"D\", \"title\": \"工程质量验收规范\", \"is_check\": true}]', 1.00, '[\"A\", \"B\", \"C\", \"D\"]', '<p>施工单位内部制度是管理依据，非法定质量控制依据。</p>', 2, 1, 1, 1746289789, 1746289789, NULL, 1, 1, 1, '');
INSERT INTO `t_tenant_exam_question` (`id`, `uid`, `tenant_exam_library_uid`, `title`, `option`, `score`, `answer`, `analysis`, `exam_type`, `sort`, `is_show`, `create_time`, `update_time`, `delete_time`, `level`, `admin_id`, `tenant_id`, `chapter_uid`) VALUES (96, '6816447d31c86', '68163f929613d', '<p>下列关于建筑工程防水工程施工的说法，正确的有（ ）</p>', '[{\"check\": \"A\", \"title\": \"屋面防水施工前应检查基层含水率\", \"is_check\": true}, {\"check\": \"B\", \"title\": \"卫生间防水应做24小时闭水试验\", \"is_check\": true}, {\"check\": \"C\", \"title\": \"卷材防水铺贴时应避免出现空鼓\", \"is_check\": true}, {\"check\": \"D\", \"title\": \"防水混凝土浇筑时应连续施工，尽量少留施工缝\", \"is_check\": true}]', 1.00, '[\"A\", \"B\", \"C\", \"D\", \"E\"]', '<p>上述均符合防水工程施工规范要求。</p>', 2, 1, 1, 1746289789, 1746289789, NULL, 1, 1, 1, '');
INSERT INTO `t_tenant_exam_question` (`id`, `uid`, `tenant_exam_library_uid`, `title`, `option`, `score`, `answer`, `analysis`, `exam_type`, `sort`, `is_show`, `create_time`, `update_time`, `delete_time`, `level`, `admin_id`, `tenant_id`, `chapter_uid`) VALUES (97, '6816447d31c93', '68163f929613d', '<p>下列属于建筑工程进度计划表示方法的有（ ）</p>', '[{\"check\": \"A\", \"title\": \"横道图\", \"is_check\": true}, {\"check\": \"B\", \"title\": \"网络图\", \"is_check\": true}, {\"check\": \"C\", \"title\": \"直方图\", \"is_check\": false}, {\"check\": \"D\", \"title\": \"香蕉曲线\", \"is_check\": true}]', 1.00, '[\"A\", \"B\", \"D\"]', '<p>直方图和排列图用于质量控制，非进度计划表示方法。</p>', 2, 1, 1, 1746289789, 1746289789, NULL, 1, 1, 1, '');
INSERT INTO `t_tenant_exam_question` (`id`, `uid`, `tenant_exam_library_uid`, `title`, `option`, `score`, `answer`, `analysis`, `exam_type`, `sort`, `is_show`, `create_time`, `update_time`, `delete_time`, `level`, `admin_id`, `tenant_id`, `chapter_uid`) VALUES (98, '6816447d31c98', '68163f929613d', '<p>根据《建设工程监理规范》，监理工程师的质量检查方式包括（ ）</p>', '[{\"check\": \"A\", \"title\": \"旁站\", \"is_check\": true}, {\"check\": \"B\", \"title\": \"巡视\", \"is_check\": true}, {\"check\": \"C\", \"title\": \"平行检验\", \"is_check\": true}, {\"check\": \"D\", \"title\": \"见证取样\", \"is_check\": true}]', 1.00, '[\"A\", \"B\", \"C\", \"D\"]', '<p>图纸会审是施工前准备工作，非质量检查方式。</p>', 2, 1, 1, 1746289789, 1746289789, NULL, 1, 1, 1, '');
INSERT INTO `t_tenant_exam_question` (`id`, `uid`, `tenant_exam_library_uid`, `title`, `option`, `score`, `answer`, `analysis`, `exam_type`, `sort`, `is_show`, `create_time`, `update_time`, `delete_time`, `level`, `admin_id`, `tenant_id`, `chapter_uid`) VALUES (99, '6816447d31c9d', '68163f929613d', '<p>下列关于建筑工程装配式构件安装的说法，正确的有（ ）</p>', '[{\"check\": \"A\", \"title\": \"安装前应检查构件的混凝土强度\", \"is_check\": true}, {\"check\": \"B\", \"title\": \"构件连接部位的预埋件应清理干净\", \"is_check\": true}, {\"check\": \"C\", \"title\": \"安装顺序应遵循“先竖向构件、后水平构件”原则\", \"is_check\": true}, {\"check\": \"D\", \"title\": \"套筒灌浆连接应进行饱满度检测\", \"is_check\": true}]', 1.00, '[\"A\", \"B\", \"C\", \"D\", \"E\"]', '<p>上述均为装配式构件安装的基本要求。</p>', 2, 1, 1, 1746289789, 1746289789, NULL, 1, 1, 1, '');
INSERT INTO `t_tenant_exam_question` (`id`, `uid`, `tenant_exam_library_uid`, `title`, `option`, `score`, `answer`, `analysis`, `exam_type`, `sort`, `is_show`, `create_time`, `update_time`, `delete_time`, `level`, `admin_id`, `tenant_id`, `chapter_uid`) VALUES (100, '6816447d31ca8', '68163f929613d', '<p>下列属于建筑工程安全事故等级划分依据的有（ ）</p>', '[{\"check\": \"A\", \"title\": \"事故造成的人员伤亡数量\", \"is_check\": true}, {\"check\": \"B\", \"title\": \"事故造成的直接经济损失\", \"is_check\": true}, {\"check\": \"C\", \"title\": \"事故造成的社会影响程度\", \"is_check\": false}, {\"check\": \"D\", \"title\": \"事故发生的部位和性质\", \"is_check\": false}]', 1.00, '[\"A\", \"B\"]', '<p>安全事故等级主要根据伤亡人数和直接经济损失划分，社会影响等为参考因素。</p>', 2, 1, 1, 1746289789, 1746289789, NULL, 1, 1, 1, '');
INSERT INTO `t_tenant_exam_question` (`id`, `uid`, `tenant_exam_library_uid`, `title`, `option`, `score`, `answer`, `analysis`, `exam_type`, `sort`, `is_show`, `create_time`, `update_time`, `delete_time`, `level`, `admin_id`, `tenant_id`, `chapter_uid`) VALUES (101, '6816447d31cb2', '68163f929613d', '<p>下列关于建筑工程施工图设计文件审查的说法，正确的有（ ）</p>', '[{\"check\": \"A\", \"title\": \"审查内容包括消防、节能、结构安全性\", \"is_check\": true}, {\"check\": \"B\", \"title\": \"审查机构需具备相应资质\", \"is_check\": true}, {\"check\": \"C\", \"title\": \"未经审查或审查不合格的图纸不得使用\", \"is_check\": true}, {\"check\": \"D\", \"title\": \"审查合格后需加盖审查专用章\", \"is_check\": true}]', 1.00, '[\"A\", \"B\", \"C\", \"D\"]', '<p>施工图审查属于技术性审查，非行政许可，但未通过审查不得施工。</p>', 2, 1, 1, 1746289789, 1746289789, NULL, 1, 1, 1, '');
INSERT INTO `t_tenant_exam_question` (`id`, `uid`, `tenant_exam_library_uid`, `title`, `option`, `score`, `answer`, `analysis`, `exam_type`, `sort`, `is_show`, `create_time`, `update_time`, `delete_time`, `level`, `admin_id`, `tenant_id`, `chapter_uid`) VALUES (102, '6816447d31cbf', '68163f929613d', '<p>下列属于建筑工程施工成本构成的有（ ）</p>', '[{\"check\": \"A\", \"title\": \"人工费\", \"is_check\": true}, {\"check\": \"B\", \"title\": \"材料费\", \"is_check\": true}, {\"check\": \"C\", \"title\": \"机械使用费\", \"is_check\": true}, {\"check\": \"D\", \"title\": \"企业管理费\", \"is_check\": true}]', 1.00, '[\"A\", \"B\", \"C\", \"D\", \"E\"]', '<p>施工成本包括直接成本（人、材、机）、间接成本（管理费）、利润和税金。</p>', 2, 1, 1, 1746289789, 1746289789, NULL, 1, 1, 1, '');
INSERT INTO `t_tenant_exam_question` (`id`, `uid`, `tenant_exam_library_uid`, `title`, `option`, `score`, `answer`, `analysis`, `exam_type`, `sort`, `is_show`, `create_time`, `update_time`, `delete_time`, `level`, `admin_id`, `tenant_id`, `chapter_uid`) VALUES (103, '6816447d31cc8', '68163f929613d', '<p>建筑工程施工中，项目经理必须取得注册建造师资格证书。（ ）</p>', '[{\"check\": \"A\", \"title\": \"正确\", \"is_check\": true}, {\"check\": \"B\", \"title\": \"错误\", \"is_check\": false}]', 1.00, '[\"A\"]', '<p>《注册建造师管理规定》明确项目经理必须由注册建造师担任。</p>', 3, 1, 1, 1746289789, 1746289789, NULL, 1, 1, 1, '');
INSERT INTO `t_tenant_exam_question` (`id`, `uid`, `tenant_exam_library_uid`, `title`, `option`, `score`, `answer`, `analysis`, `exam_type`, `sort`, `is_show`, `create_time`, `update_time`, `delete_time`, `level`, `admin_id`, `tenant_id`, `chapter_uid`) VALUES (104, '6816447d31ccb', '68163f929613d', '<p>混凝土强度等级越高，其立方体抗压强度标准值越大。（ ）</p>', '[{\"check\": \"A\", \"title\": \"正确\", \"is_check\": true}, {\"check\": \"B\", \"title\": \"错误\", \"is_check\": false}]', 1.00, '[\"A\"]', '<p>混凝土强度等级按立方体抗压强度标准值划分，C30＞C25，依此类推。</p>', 3, 1, 1, 1746289789, 1746289789, NULL, 1, 1, 1, '');
INSERT INTO `t_tenant_exam_question` (`id`, `uid`, `tenant_exam_library_uid`, `title`, `option`, `score`, `answer`, `analysis`, `exam_type`, `sort`, `is_show`, `create_time`, `update_time`, `delete_time`, `level`, `admin_id`, `tenant_id`, `chapter_uid`) VALUES (105, '6816447d31ccf', '68163f929613d', '<p>建设单位可以直接指定分包工程的承包人。（ ）</p>', '[{\"check\": \"A\", \"title\": \"正确\", \"is_check\": false}, {\"check\": \"B\", \"title\": \"错误\", \"is_check\": true}]', 1.00, '[\"B\"]', '<p>《建筑法》禁止建设单位指定分包商，分包需经总承包单位同意。</p>', 3, 1, 1, 1746289789, 1746289789, NULL, 1, 1, 1, '');
INSERT INTO `t_tenant_exam_question` (`id`, `uid`, `tenant_exam_library_uid`, `title`, `option`, `score`, `answer`, `analysis`, `exam_type`, `sort`, `is_show`, `create_time`, `update_time`, `delete_time`, `level`, `admin_id`, `tenant_id`, `chapter_uid`) VALUES (106, '6816447d31cd2', '68163f929613d', '<p>建筑工程的保修期自工程交付使用之日起计算。（ ）</p>', '[{\"check\": \"A\", \"title\": \"正确\", \"is_check\": false}, {\"check\": \"B\", \"title\": \"错误\", \"is_check\": true}]', 1.00, '[\"B\"]', '<p>保修期自竣工验收合格之日起计算，非交付使用日。</p>', 3, 1, 1, 1746289789, 1746289789, NULL, 1, 1, 1, '');
INSERT INTO `t_tenant_exam_question` (`id`, `uid`, `tenant_exam_library_uid`, `title`, `option`, `score`, `answer`, `analysis`, `exam_type`, `sort`, `is_show`, `create_time`, `update_time`, `delete_time`, `level`, `admin_id`, `tenant_id`, `chapter_uid`) VALUES (107, '6816447d31cd6', '68163f929613d', '<p>钢筋混凝土结构中，受压钢筋的锚固长度应小于受拉钢筋的锚固长度。（ ）</p>', '[{\"check\": \"A\", \"title\": \"正确\", \"is_check\": true}, {\"check\": \"B\", \"title\": \"错误\", \"is_check\": false}]', 1.00, '[\"A\"]', '<p>受压钢筋锚固长度通常为受拉锚固长度的0.7倍，因压力可辅助钢筋锚固。</p>', 3, 1, 1, 1746289789, 1746289789, NULL, 1, 1, 1, '');
INSERT INTO `t_tenant_exam_question` (`id`, `uid`, `tenant_exam_library_uid`, `title`, `option`, `score`, `answer`, `analysis`, `exam_type`, `sort`, `is_show`, `create_time`, `update_time`, `delete_time`, `level`, `admin_id`, `tenant_id`, `chapter_uid`) VALUES (108, '6816447d31cdd', '68163f929613d', '<p>危险性较大的分部分项工程专项施工方案需经施工单位项目经理签字后实施。（ ）</p>', '[{\"check\": \"A\", \"title\": \"正确\", \"is_check\": false}, {\"check\": \"B\", \"title\": \"错误\", \"is_check\": true}]', 1.00, '[\"B\"]', '<p>专项方案需经施工单位技术负责人和总监理工程师签字，非项目经理。</p>', 3, 1, 1, 1746289789, 1746289789, NULL, 1, 1, 1, '');
INSERT INTO `t_tenant_exam_question` (`id`, `uid`, `tenant_exam_library_uid`, `title`, `option`, `score`, `answer`, `analysis`, `exam_type`, `sort`, `is_show`, `create_time`, `update_time`, `delete_time`, `level`, `admin_id`, `tenant_id`, `chapter_uid`) VALUES (109, '6816447d31ce0', '68163f929613d', '<p>建筑工程施工中，高处作业人员必须佩戴安全带，且高挂低用。（ ）</p>', '[{\"check\": \"A\", \"title\": \"正确\", \"is_check\": true}, {\"check\": \"B\", \"title\": \"错误\", \"is_check\": false}]', 1.00, '[\"A\"]', '<p>高处作业安全规范要求安全带应高挂低用，防止坠落伤害。</p>', 3, 1, 1, 1746289789, 1746289789, NULL, 1, 1, 1, '');
INSERT INTO `t_tenant_exam_question` (`id`, `uid`, `tenant_exam_library_uid`, `title`, `option`, `score`, `answer`, `analysis`, `exam_type`, `sort`, `is_show`, `create_time`, `update_time`, `delete_time`, `level`, `admin_id`, `tenant_id`, `chapter_uid`) VALUES (110, '6816447d31ce4', '68163f929613d', '<p>施工单位可以将其承包的全部建筑工程转包给其他单位。（ ）</p>', '[{\"check\": \"A\", \"title\": \"正确\", \"is_check\": false}, {\"check\": \"B\", \"title\": \"错误\", \"is_check\": true}]', 1.00, '[\"B\"]', '<p>转包属于违法行为，《建筑法》禁止全部转包或肢解后转包。</p>', 3, 1, 1, 1746289789, 1746289789, NULL, 1, 1, 1, '');
INSERT INTO `t_tenant_exam_question` (`id`, `uid`, `tenant_exam_library_uid`, `title`, `option`, `score`, `answer`, `analysis`, `exam_type`, `sort`, `is_show`, `create_time`, `update_time`, `delete_time`, `level`, `admin_id`, `tenant_id`, `chapter_uid`) VALUES (111, '6816447d31ce8', '68163f929613d', '<p>混凝土灌注桩施工时，桩顶标高应比设计标高至少高出0.5m。（ ）</p>', '[{\"check\": \"A\", \"title\": \"正确\", \"is_check\": true}, {\"check\": \"B\", \"title\": \"错误\", \"is_check\": false}]', 1.00, '[\"A\"]', '<p>灌注桩需超灌一定高度以保证桩头混凝土强度，通常≥0.5m（端承桩≥1.0m）。</p>', 3, 1, 1, 1746289789, 1746289789, NULL, 1, 1, 1, '');
INSERT INTO `t_tenant_exam_question` (`id`, `uid`, `tenant_exam_library_uid`, `title`, `option`, `score`, `answer`, `analysis`, `exam_type`, `sort`, `is_show`, `create_time`, `update_time`, `delete_time`, `level`, `admin_id`, `tenant_id`, `chapter_uid`) VALUES (112, '6816447d31ceb', '68163f929613d', '<p>建筑工程质量验收中，检验批验收不合格时，可直接进行返工处理。（ ）</p>', '[{\"check\": \"A\", \"title\": \"正确\", \"is_check\": true}, {\"check\": \"B\", \"title\": \"错误\", \"is_check\": false}]', 1.00, '[\"A\"]', '<p>检验批不合格可返工或返修，处理后需重新验收，合格后方可进入下道工序。</p>', 3, 1, 1, 1746289789, 1746289789, NULL, 1, 1, 1, '');
INSERT INTO `t_tenant_exam_question` (`id`, `uid`, `tenant_exam_library_uid`, `title`, `option`, `score`, `answer`, `analysis`, `exam_type`, `sort`, `is_show`, `create_time`, `update_time`, `delete_time`, `level`, `admin_id`, `tenant_id`, `chapter_uid`) VALUES (113, '6816447d31cf2', '68163f929613d', '<p>建设工程招标中，投标人报价低于成本价的，评标委员会应当否决其投标。（ ）</p>', '[{\"check\": \"A\", \"title\": \"正确\", \"is_check\": true}, {\"check\": \"B\", \"title\": \"错误\", \"is_check\": false}]', 1.00, '[\"A\"]', '<p>《招标投标法》规定，低于成本的报价视为无效，应否决。</p>', 3, 1, 1, 1746289789, 1746289789, NULL, 1, 1, 1, '');
INSERT INTO `t_tenant_exam_question` (`id`, `uid`, `tenant_exam_library_uid`, `title`, `option`, `score`, `answer`, `analysis`, `exam_type`, `sort`, `is_show`, `create_time`, `update_time`, `delete_time`, `level`, `admin_id`, `tenant_id`, `chapter_uid`) VALUES (114, '6816447d31cfb', '68163f929613d', '<p>钢筋机械连接接头的等级分为Ⅰ级、Ⅱ级、Ⅲ级，其中Ⅰ级接头性能最优。（ ）</p>', '[{\"check\": \"A\", \"title\": \"正确\", \"is_check\": true}, {\"check\": \"B\", \"title\": \"错误\", \"is_check\": false}]', 1.00, '[\"A\"]', '<p>Ⅰ级接头抗拉强度不小于被连接钢筋抗拉强度标准值，性能高于Ⅱ级、Ⅲ级。</p>', 3, 1, 1, 1746289789, 1746289789, NULL, 1, 1, 1, '');
INSERT INTO `t_tenant_exam_question` (`id`, `uid`, `tenant_exam_library_uid`, `title`, `option`, `score`, `answer`, `analysis`, `exam_type`, `sort`, `is_show`, `create_time`, `update_time`, `delete_time`, `level`, `admin_id`, `tenant_id`, `chapter_uid`) VALUES (115, '6816447d31cfe', '68163f929613d', '<p>建筑工程施工组织设计中的施工方案应包括施工方法和工艺要求。（ ）</p>', '[{\"check\": \"A\", \"title\": \"正确\", \"is_check\": true}, {\"check\": \"B\", \"title\": \"错误\", \"is_check\": false}]', 1.00, '[\"A\"]', '<p>施工方案是施工组织设计的核心，需明确施工方法、工艺、技术措施等。</p>', 3, 1, 1, 1746289789, 1746289789, NULL, 1, 1, 1, '');
INSERT INTO `t_tenant_exam_question` (`id`, `uid`, `tenant_exam_library_uid`, `title`, `option`, `score`, `answer`, `analysis`, `exam_type`, `sort`, `is_show`, `create_time`, `update_time`, `delete_time`, `level`, `admin_id`, `tenant_id`, `chapter_uid`) VALUES (116, '6816447d31d02', '68163f929613d', '<p>建设单位在领取施工许可证后，因故不能按期开工的，应当向发证机关申请延期，延期以两次为限。（ ）</p>', '[{\"check\": \"A\", \"title\": \"正确\", \"is_check\": true}, {\"check\": \"B\", \"title\": \"错误\", \"is_check\": false}]', 1.00, '[\"A\"]', '<p>《建筑法》规定，施工许可证可延期两次，每次3个月，最长可延迟9个月。</p>', 3, 1, 1, 1746289789, 1746289789, NULL, 1, 1, 1, '');
INSERT INTO `t_tenant_exam_question` (`id`, `uid`, `tenant_exam_library_uid`, `title`, `option`, `score`, `answer`, `analysis`, `exam_type`, `sort`, `is_show`, `create_time`, `update_time`, `delete_time`, `level`, `admin_id`, `tenant_id`, `chapter_uid`) VALUES (117, '6816447d31d05', '68163f929613d', '<p>混凝土浇筑过程中，监理工程师发现模板支撑存在安全隐患，有权要求施工单位暂停施工。（ ）</p>', '[{\"check\": \"A\", \"title\": \"正确\", \"is_check\": true}, {\"check\": \"B\", \"title\": \"错误\", \"is_check\": false}]', 1.00, '[\"A\"]', '<p>监理工程师有现场安全检查权，发现隐患可要求停工整改。</p>', 3, 1, 1, 1746289789, 1746289789, NULL, 1, 1, 1, '');
INSERT INTO `t_tenant_exam_question` (`id`, `uid`, `tenant_exam_library_uid`, `title`, `option`, `score`, `answer`, `analysis`, `exam_type`, `sort`, `is_show`, `create_time`, `update_time`, `delete_time`, `level`, `admin_id`, `tenant_id`, `chapter_uid`) VALUES (118, '6816447d31d17', '68163f929613d', '<p>建筑工程中，烧结普通砖的强度等级用MU表示，如MU10表示抗压强度平均值≥10MPa。（ ）</p>', '[{\"check\": \"A\", \"title\": \"正确\", \"is_check\": true}, {\"check\": \"B\", \"title\": \"错误\", \"is_check\": false}]', 1.00, '[\"A\"]', '<p>MU为砖的强度等级符号，MU10即抗压强度平均值≥10.0MPa。</p>', 3, 1, 1, 1746289789, 1746289789, NULL, 1, 1, 1, '');
INSERT INTO `t_tenant_exam_question` (`id`, `uid`, `tenant_exam_library_uid`, `title`, `option`, `score`, `answer`, `analysis`, `exam_type`, `sort`, `is_show`, `create_time`, `update_time`, `delete_time`, `level`, `admin_id`, `tenant_id`, `chapter_uid`) VALUES (119, '6816447d31d1e', '68163f929613d', '<p>施工单位在施工中偷工减料的，责令改正，处工程合同价款2%以上4%以下的罚款。（ ）</p>', '[{\"check\": \"A\", \"title\": \"正确\", \"is_check\": true}, {\"check\": \"B\", \"title\": \"错误\", \"is_check\": false}]', 1.00, '[\"A\"]', '<p>《建设工程质量管理条例》第六十四条规定了此处罚标准。</p>', 3, 1, 1, 1746289789, 1746289789, NULL, 1, 1, 1, '');
INSERT INTO `t_tenant_exam_question` (`id`, `uid`, `tenant_exam_library_uid`, `title`, `option`, `score`, `answer`, `analysis`, `exam_type`, `sort`, `is_show`, `create_time`, `update_time`, `delete_time`, `level`, `admin_id`, `tenant_id`, `chapter_uid`) VALUES (120, '6816447d31d22', '68163f929613d', '<p>建筑工程的评标委员会成员人数为5人以上单数，其中技术、经济等方面的专家不得少于成员总数的1/3。（ ）</p>', '[{\"check\": \"A\", \"title\": \"正确\", \"is_check\": false}, {\"check\": \"B\", \"title\": \"错误\", \"is_check\": true}]', 1.00, '[\"B\"]', '<p>专家人数不得少于成员总数的2/3，而非1/3。</p>', 3, 1, 1, 1746289789, 1746289789, NULL, 1, 1, 1, '');
INSERT INTO `t_tenant_exam_question` (`id`, `uid`, `tenant_exam_library_uid`, `title`, `option`, `score`, `answer`, `analysis`, `exam_type`, `sort`, `is_show`, `create_time`, `update_time`, `delete_time`, `level`, `admin_id`, `tenant_id`, `chapter_uid`) VALUES (121, '6816447d31d25', '68163f929613d', '<p>钢筋混凝土梁中，纵向受力钢筋的保护层厚度是指钢筋外边缘至混凝土表面的距离。（ ）</p>', '[{\"check\": \"A\", \"title\": \"正确\", \"is_check\": false}, {\"check\": \"B\", \"title\": \"错误\", \"is_check\": true}]', 1.00, '[\"B\"]', '<p>保护层厚度是指钢筋外边缘至混凝土表面的距离，而非钢筋中心。</p>', 3, 1, 1, 1746289789, 1746289789, NULL, 1, 1, 1, '');
INSERT INTO `t_tenant_exam_question` (`id`, `uid`, `tenant_exam_library_uid`, `title`, `option`, `score`, `answer`, `analysis`, `exam_type`, `sort`, `is_show`, `create_time`, `update_time`, `delete_time`, `level`, `admin_id`, `tenant_id`, `chapter_uid`) VALUES (122, '6816447d31d29', '68163f929613d', '<p>建筑工程竣工验收时，单位工程质量验收合格后，建设单位即可投入使用。（ ）</p>', '[{\"check\": \"A\", \"title\": \"正确\", \"is_check\": false}, {\"check\": \"B\", \"title\": \"错误\", \"is_check\": true}]', 1.00, '[\"B\"]', '<p>验收合格后需完成备案手续，未备案的工程不得交付使用。</p>', 3, 1, 1, 1746289789, 1746289789, NULL, 1, 1, 1, '');
COMMIT;

-- ----------------------------
-- Table structure for t_tenant_file
-- ----------------------------
DROP TABLE IF EXISTS `t_tenant_file`;
CREATE TABLE `t_tenant_file` (
  `id` int(10) unsigned NOT NULL AUTO_INCREMENT COMMENT '主键ID',
  `tenant_id` int(11) NOT NULL COMMENT '租户ID',
  `cid` int(10) unsigned NOT NULL DEFAULT '0' COMMENT '类目ID',
  `source_id` int(11) unsigned NOT NULL DEFAULT '0' COMMENT '上传者id',
  `source` tinyint(1) NOT NULL DEFAULT '0' COMMENT '来源类型[0-后台,1-用户]',
  `type` tinyint(2) unsigned NOT NULL DEFAULT '10' COMMENT '类型[10=图片, 20=视频]',
  `name` varchar(255) CHARACTER SET utf8mb4 COLLATE utf8mb4_general_ci NOT NULL DEFAULT '' COMMENT '文件名称',
  `uri` varchar(200) CHARACTER SET utf8mb4 COLLATE utf8mb4_general_ci NOT NULL COMMENT '文件路径',
  `create_time` int(10) unsigned DEFAULT NULL COMMENT '创建时间',
  `update_time` int(10) DEFAULT NULL COMMENT '更新时间',
  `delete_time` int(10) DEFAULT NULL COMMENT '删除时间',
  PRIMARY KEY (`id`) USING BTREE
) ENGINE=InnoDB AUTO_INCREMENT=18 DEFAULT CHARSET=utf8mb4 COLLATE=utf8mb4_general_ci ROW_FORMAT=DYNAMIC COMMENT='文件表';

-- ----------------------------
-- Records of t_tenant_file
-- ----------------------------
BEGIN;
INSERT INTO `t_tenant_file` (`id`, `tenant_id`, `cid`, `source_id`, `source`, `type`, `name`, `uri`, `create_time`, `update_time`, `delete_time`) VALUES (1, 1, 0, 0, 0, 10, '堆友AI_20240328_76 (1) (1) (1) (1).png', 'uploads/images/20250331/20250331194706fb3256939.png', 1743421626, 1743421626, NULL);
INSERT INTO `t_tenant_file` (`id`, `tenant_id`, `cid`, `source_id`, `source`, `type`, `name`, `uri`, `create_time`, `update_time`, `delete_time`) VALUES (2, 1, 0, 0, 0, 10, 'gh_b5e1c7bb8d27_258.jpg', 'uploads/images/20250331/20250331194814509969578.jpg', 1743421694, 1743421694, NULL);
INSERT INTO `t_tenant_file` (`id`, `tenant_id`, `cid`, `source_id`, `source`, `type`, `name`, `uri`, `create_time`, `update_time`, `delete_time`) VALUES (3, 1, 0, 1, 1, 10, 'yGfgEhRmzfyQ34ffb24ae5a0ceb125a7c91258200c05.jpeg', 'uploads/images/20250502/20250502021355e16569390.jpeg', 1746123235, 1746123235, NULL);
INSERT INTO `t_tenant_file` (`id`, `tenant_id`, `cid`, `source_id`, `source`, `type`, `name`, `uri`, `create_time`, `update_time`, `delete_time`) VALUES (4, 1, 0, 1, 1, 10, 'XOj3ETWSWd3d64b2bc873dda6b2cd614159eaa48da19.jpeg', 'uploads/images/20250502/202505020215110acae3851.jpeg', 1746123311, 1746123311, NULL);
INSERT INTO `t_tenant_file` (`id`, `tenant_id`, `cid`, `source_id`, `source`, `type`, `name`, `uri`, `create_time`, `update_time`, `delete_time`) VALUES (5, 1, 0, 1, 1, 10, 'VLGxidYekR95ef25380ef4f5db6e5f03fae5c8bcac19.jpeg', 'uploads/images/20250502/202505020216219786f5068.jpeg', 1746123381, 1746123381, NULL);
INSERT INTO `t_tenant_file` (`id`, `tenant_id`, `cid`, `source_id`, `source`, `type`, `name`, `uri`, `create_time`, `update_time`, `delete_time`) VALUES (6, 1, 0, 1, 1, 10, 'CKmhCcpSsha8e4a3969f9c374e34527bbf19e0571115.jpeg', 'uploads/images/20250502/20250502155407b626f8947.jpeg', 1746172447, 1746172447, NULL);
INSERT INTO `t_tenant_file` (`id`, `tenant_id`, `cid`, `source_id`, `source`, `type`, `name`, `uri`, `create_time`, `update_time`, `delete_time`) VALUES (7, 1, 1, 0, 0, 10, '20250108025044528a80918.png', 'uploads/images/20250502/202505021558327ffaa5539.png', 1746172712, 1746172712, NULL);
INSERT INTO `t_tenant_file` (`id`, `tenant_id`, `cid`, `source_id`, `source`, `type`, `name`, `uri`, `create_time`, `update_time`, `delete_time`) VALUES (8, 1, 1, 0, 0, 10, '20241123001246a4afd5397.png', 'uploads/images/20250502/2025050215583247e182256.png', 1746172712, 1746172712, NULL);
INSERT INTO `t_tenant_file` (`id`, `tenant_id`, `cid`, `source_id`, `source`, `type`, `name`, `uri`, `create_time`, `update_time`, `delete_time`) VALUES (9, 1, 1, 0, 0, 10, '202411230011434a2b49406.png', 'uploads/images/20250502/20250502155832837ea9771.png', 1746172712, 1746172712, NULL);
INSERT INTO `t_tenant_file` (`id`, `tenant_id`, `cid`, `source_id`, `source`, `type`, `name`, `uri`, `create_time`, `update_time`, `delete_time`) VALUES (10, 1, 1, 0, 0, 10, '2025042600581558b183741.png', 'uploads/images/20250502/20250502155833a55ab4195.png', 1746172713, 1746172713, NULL);
INSERT INTO `t_tenant_file` (`id`, `tenant_id`, `cid`, `source_id`, `source`, `type`, `name`, `uri`, `create_time`, `update_time`, `delete_time`) VALUES (11, 1, 1, 0, 0, 10, '20250108025044150ca1291.png', 'uploads/images/20250502/20250502155833ca23a8472.png', 1746172713, 1746172713, NULL);
INSERT INTO `t_tenant_file` (`id`, `tenant_id`, `cid`, `source_id`, `source`, `type`, `name`, `uri`, `create_time`, `update_time`, `delete_time`) VALUES (12, 1, 1, 0, 0, 10, 'adno4.jpg', 'uploads/images/20250502/202505021830065623c5265.jpg', 1746181806, 1746181806, NULL);
INSERT INTO `t_tenant_file` (`id`, `tenant_id`, `cid`, `source_id`, `source`, `type`, `name`, `uri`, `create_time`, `update_time`, `delete_time`) VALUES (13, 1, 1, 0, 0, 10, 'adno3.jpg', 'uploads/images/20250502/20250502183006d18728597.jpg', 1746181806, 1746181806, NULL);
INSERT INTO `t_tenant_file` (`id`, `tenant_id`, `cid`, `source_id`, `source`, `type`, `name`, `uri`, `create_time`, `update_time`, `delete_time`) VALUES (14, 1, 1, 0, 0, 10, 'adno2.jpg', 'uploads/images/20250502/20250502183006879234645.jpg', 1746181806, 1746181806, NULL);
INSERT INTO `t_tenant_file` (`id`, `tenant_id`, `cid`, `source_id`, `source`, `type`, `name`, `uri`, `create_time`, `update_time`, `delete_time`) VALUES (15, 1, 2, 0, 0, 10, 'article03.png', 'uploads/images/20250503/202505030044284f56b2580.png', 1746204268, 1746204268, NULL);
INSERT INTO `t_tenant_file` (`id`, `tenant_id`, `cid`, `source_id`, `source`, `type`, `name`, `uri`, `create_time`, `update_time`, `delete_time`) VALUES (16, 1, 2, 0, 0, 10, 'article01.png', 'uploads/images/20250503/202505030044281f9f91556.png', 1746204268, 1746204268, NULL);
INSERT INTO `t_tenant_file` (`id`, `tenant_id`, `cid`, `source_id`, `source`, `type`, `name`, `uri`, `create_time`, `update_time`, `delete_time`) VALUES (17, 1, 2, 0, 0, 10, 'article02.jpeg', 'uploads/images/20250503/202505030044287c8e89569.jpeg', 1746204268, 1746204268, NULL);
COMMIT;

-- ----------------------------
-- Table structure for t_tenant_file_cate
-- ----------------------------
DROP TABLE IF EXISTS `t_tenant_file_cate`;
CREATE TABLE `t_tenant_file_cate` (
  `id` int(10) unsigned NOT NULL AUTO_INCREMENT COMMENT '主键ID',
  `tenant_id` int(11) NOT NULL COMMENT '租户ID',
  `pid` int(10) unsigned NOT NULL DEFAULT '0' COMMENT '父级ID',
  `type` tinyint(2) unsigned NOT NULL DEFAULT '10' COMMENT '类型[10=图片，20=视频，30=文件]',
  `name` varchar(32) CHARACTER SET utf8mb4 COLLATE utf8mb4_general_ci NOT NULL DEFAULT '' COMMENT '分类名称',
  `create_time` int(10) unsigned DEFAULT NULL COMMENT '创建时间',
  `update_time` int(10) unsigned DEFAULT NULL COMMENT '更新时间',
  `delete_time` int(10) unsigned DEFAULT NULL COMMENT '删除时间',
  PRIMARY KEY (`id`) USING BTREE
) ENGINE=InnoDB AUTO_INCREMENT=3 DEFAULT CHARSET=utf8mb4 COLLATE=utf8mb4_general_ci ROW_FORMAT=DYNAMIC COMMENT='文件分类表';

-- ----------------------------
-- Records of t_tenant_file_cate
-- ----------------------------
BEGIN;
INSERT INTO `t_tenant_file_cate` (`id`, `tenant_id`, `pid`, `type`, `name`, `create_time`, `update_time`, `delete_time`) VALUES (1, 1, 0, 10, '系统配置', 1746172552, 1746172552, NULL);
INSERT INTO `t_tenant_file_cate` (`id`, `tenant_id`, `pid`, `type`, `name`, `create_time`, `update_time`, `delete_time`) VALUES (2, 1, 0, 10, '题库相关', 1746204256, 1746204256, NULL);
COMMIT;

-- ----------------------------
-- Table structure for t_tenant_jobs
-- ----------------------------
DROP TABLE IF EXISTS `t_tenant_jobs`;
CREATE TABLE `t_tenant_jobs` (
  `id` int(11) NOT NULL AUTO_INCREMENT COMMENT 'id',
  `tenant_id` int(11) NOT NULL COMMENT '租户ID',
  `name` varchar(50) CHARACTER SET utf8mb4 COLLATE utf8mb4_general_ci NOT NULL COMMENT '岗位名称',
  `code` varchar(64) CHARACTER SET utf8mb4 COLLATE utf8mb4_general_ci NOT NULL COMMENT '岗位编码',
  `sort` int(11) DEFAULT '0' COMMENT '显示顺序',
  `status` tinyint(1) NOT NULL DEFAULT '0' COMMENT '状态（0停用 1正常）',
  `remark` varchar(500) CHARACTER SET utf8mb4 COLLATE utf8mb4_general_ci DEFAULT NULL COMMENT '备注',
  `create_time` int(10) NOT NULL COMMENT '创建时间',
  `update_time` int(10) DEFAULT NULL COMMENT '修改时间',
  `delete_time` int(10) DEFAULT NULL COMMENT '删除时间',
  PRIMARY KEY (`id`) USING BTREE
) ENGINE=InnoDB DEFAULT CHARSET=utf8mb4 COLLATE=utf8mb4_general_ci ROW_FORMAT=DYNAMIC COMMENT='岗位表';

-- ----------------------------
-- Records of t_tenant_jobs
-- ----------------------------
BEGIN;
COMMIT;

-- ----------------------------
-- Table structure for t_tenant_notice_record
-- ----------------------------
DROP TABLE IF EXISTS `t_tenant_notice_record`;
CREATE TABLE `t_tenant_notice_record` (
  `id` int(10) unsigned NOT NULL AUTO_INCREMENT COMMENT 'ID',
  `tenant_id` int(11) NOT NULL COMMENT '租户ID',
  `user_id` int(10) unsigned NOT NULL COMMENT '用户id',
  `title` varchar(50) CHARACTER SET utf8mb4 COLLATE utf8mb4_general_ci NOT NULL DEFAULT '' COMMENT '标题',
  `content` text CHARACTER SET utf8mb4 COLLATE utf8mb4_general_ci NOT NULL COMMENT '内容',
  `scene_id` int(10) unsigned DEFAULT '0' COMMENT '场景',
  `read` tinyint(1) DEFAULT '0' COMMENT '已读状态;0-未读,1-已读',
  `recipient` tinyint(1) DEFAULT '0' COMMENT '通知接收对象类型;1-会员;2-商家;3-平台;4-游客(未注册用户)',
  `send_type` tinyint(1) DEFAULT '0' COMMENT '通知发送类型 1-系统通知 2-短信通知 3-微信模板 4-微信小程序',
  `notice_type` tinyint(1) DEFAULT NULL COMMENT '通知类型 1-业务通知 2-验证码',
  `extra` varchar(255) CHARACTER SET utf8mb4 COLLATE utf8mb4_general_ci DEFAULT '' COMMENT '其他',
  `create_time` int(10) DEFAULT NULL COMMENT '创建时间',
  `update_time` int(10) DEFAULT NULL COMMENT '更新时间',
  `delete_time` int(10) DEFAULT NULL COMMENT '删除时间',
  PRIMARY KEY (`id`) USING BTREE
) ENGINE=InnoDB DEFAULT CHARSET=utf8mb4 COLLATE=utf8mb4_general_ci ROW_FORMAT=DYNAMIC COMMENT='通知记录表';

-- ----------------------------
-- Records of t_tenant_notice_record
-- ----------------------------
BEGIN;
COMMIT;

-- ----------------------------
-- Table structure for t_tenant_notice_setting
-- ----------------------------
DROP TABLE IF EXISTS `t_tenant_notice_setting`;
CREATE TABLE `t_tenant_notice_setting` (
  `id` int(11) NOT NULL AUTO_INCREMENT,
  `tenant_id` int(11) NOT NULL COMMENT '租户ID',
  `scene_id` int(10) NOT NULL COMMENT '场景id',
  `scene_name` varchar(255) CHARACTER SET utf8mb4 COLLATE utf8mb4_general_ci NOT NULL DEFAULT '' COMMENT '场景名称',
  `scene_desc` varchar(255) CHARACTER SET utf8mb4 COLLATE utf8mb4_general_ci NOT NULL DEFAULT '' COMMENT '场景描述',
  `recipient` tinyint(1) NOT NULL DEFAULT '1' COMMENT '接收者 1-用户 2-平台',
  `type` tinyint(1) NOT NULL DEFAULT '1' COMMENT '通知类型: 1-业务通知 2-验证码',
  `system_notice` text CHARACTER SET utf8mb4 COLLATE utf8mb4_general_ci COMMENT '系统通知设置',
  `sms_notice` text CHARACTER SET utf8mb4 COLLATE utf8mb4_general_ci COMMENT '短信通知设置',
  `oa_notice` text CHARACTER SET utf8mb4 COLLATE utf8mb4_general_ci COMMENT '公众号通知设置',
  `mnp_notice` text CHARACTER SET utf8mb4 COLLATE utf8mb4_general_ci COMMENT '小程序通知设置',
  `support` char(10) CHARACTER SET utf8mb4 COLLATE utf8mb4_general_ci NOT NULL DEFAULT '' COMMENT '支持的发送类型 1-系统通知 2-短信通知 3-微信模板消息 4-小程序提醒',
  `update_time` int(10) DEFAULT NULL COMMENT '更新时间',
  PRIMARY KEY (`id`) USING BTREE
) ENGINE=InnoDB AUTO_INCREMENT=11 DEFAULT CHARSET=utf8mb4 COLLATE=utf8mb4_general_ci ROW_FORMAT=DYNAMIC COMMENT='通知设置表';

-- ----------------------------
-- Records of t_tenant_notice_setting
-- ----------------------------
BEGIN;
INSERT INTO `t_tenant_notice_setting` (`id`, `tenant_id`, `scene_id`, `scene_name`, `scene_desc`, `recipient`, `type`, `system_notice`, `sms_notice`, `oa_notice`, `mnp_notice`, `support`, `update_time`) VALUES (1, 0, 101, '登录验证码', '用户手机号码登录时发送', 1, 2, '{\"type\":\"system\",\"title\":\"\",\"content\":\"\",\"status\":\"0\",\"is_show\":\"\",\"tips\":[\"可选变量 验证码:code\"]}', '{\"type\":\"sms\",\"template_id\":\"SMS_123456\",\"content\":\"您正在登录，验证码${code}，切勿将验证码泄露于他人，本条验证码有效期5分钟。\",\"status\":\"1\",\"is_show\":\"1\"}', '{\"type\":\"oa\",\"template_id\":\"\",\"template_sn\":\"\",\"name\":\"\",\"first\":\"\",\"remark\":\"\",\"tpl\":[],\"status\":\"0\",\"is_show\":\"\",\"tips\":[\"可选变量 验证码:code\",\"配置路径：小程序后台 > 功能 > 订阅消息\"]}', '{\"type\":\"mnp\",\"template_id\":\"\",\"template_sn\":\"\",\"name\":\"\",\"tpl\":[],\"status\":\"0\",\"is_show\":\"\",\"tips\":[\"可选变量 验证码:code\",\"配置路径：小程序后台 > 功能 > 订阅消息\"]}', '2', NULL);
INSERT INTO `t_tenant_notice_setting` (`id`, `tenant_id`, `scene_id`, `scene_name`, `scene_desc`, `recipient`, `type`, `system_notice`, `sms_notice`, `oa_notice`, `mnp_notice`, `support`, `update_time`) VALUES (2, 0, 102, '绑定手机验证码', '用户绑定手机号码时发送', 1, 2, '{\"type\":\"system\",\"title\":\"\",\"content\":\"\",\"status\":\"0\",\"is_show\":\"\"}', '{\"type\":\"sms\",\"template_id\":\"SMS_123456\",\"content\":\"您正在绑定手机号，验证码${code}，切勿将验证码泄露于他人，本条验证码有效期5分钟。\",\"status\":\"1\",\"is_show\":\"1\"}', '{\"type\":\"oa\",\"template_id\":\"\",\"template_sn\":\"\",\"name\":\"\",\"first\":\"\",\"remark\":\"\",\"tpl\":[],\"status\":\"0\",\"is_show\":\"\"}', '{\"type\":\"mnp\",\"template_id\":\"\",\"template_sn\":\"\",\"name\":\"\",\"tpl\":[],\"status\":\"0\",\"is_show\":\"\"}', '2', NULL);
INSERT INTO `t_tenant_notice_setting` (`id`, `tenant_id`, `scene_id`, `scene_name`, `scene_desc`, `recipient`, `type`, `system_notice`, `sms_notice`, `oa_notice`, `mnp_notice`, `support`, `update_time`) VALUES (3, 0, 103, '变更手机验证码', '用户变更手机号码时发送', 1, 2, '{\"type\":\"system\",\"title\":\"\",\"content\":\"\",\"status\":\"0\",\"is_show\":\"\",\"tips\":[\"可选变量 验证码:code\"]}', '{\"type\":\"sms\",\"template_id\":\"SMS_123456\",\"content\":\"您正在变更手机号，验证码${code}，切勿将验证码泄露于他人，本条验证码有效期5分钟。\",\"status\":\"1\",\"is_show\":\"1\"}', '{\"type\":\"oa\",\"template_id\":\"\",\"template_sn\":\"\",\"name\":\"\",\"first\":\"\",\"remark\":\"\",\"tpl\":[],\"status\":\"0\",\"is_show\":\"\",\"tips\":[\"可选变量 验证码:code\",\"配置路径：小程序后台 > 功能 > 订阅消息\"]}', '{\"type\":\"mnp\",\"template_id\":\"\",\"template_sn\":\"\",\"name\":\"\",\"tpl\":[],\"status\":\"0\",\"is_show\":\"\",\"tips\":[\"可选变量 验证码:code\",\"配置路径：小程序后台 > 功能 > 订阅消息\"]}', '2', NULL);
INSERT INTO `t_tenant_notice_setting` (`id`, `tenant_id`, `scene_id`, `scene_name`, `scene_desc`, `recipient`, `type`, `system_notice`, `sms_notice`, `oa_notice`, `mnp_notice`, `support`, `update_time`) VALUES (4, 0, 104, '找回登录密码验证码', '用户找回登录密码号码时发送', 1, 2, '{\"type\":\"system\",\"title\":\"\",\"content\":\"\",\"status\":\"0\",\"is_show\":\"\",\"tips\":[\"可选变量 验证码:code\"]}', '{\"type\":\"sms\",\"template_id\":\"SMS_123456\",\"content\":\"您正在找回登录密码，验证码${code}，切勿将验证码泄露于他人，本条验证码有效期5分钟。\",\"status\":\"0\",\"is_show\":\"1\",\"tips\":[\"可选变量 验证码:code\",\"示例：您正在找回登录密码，验证码${code}，切勿将验证码泄露于他人，本条验证码有效期5分钟。\",\"生效条件：1、管理后台完成短信设置。 2、第三方短信平台申请模板。\"]}', '{\"type\":\"oa\",\"template_id\":\"\",\"template_sn\":\"\",\"name\":\"\",\"first\":\"\",\"remark\":\"\",\"tpl\":[],\"status\":\"0\",\"is_show\":\"\",\"tips\":[\"可选变量 验证码:code\",\"配置路径：小程序后台 > 功能 > 订阅消息\"]}', '{\"type\":\"mnp\",\"template_id\":\"\",\"template_sn\":\"\",\"name\":\"\",\"tpl\":[],\"status\":\"0\",\"is_show\":\"\",\"tips\":[\"可选变量 验证码:code\",\"配置路径：小程序后台 > 功能 > 订阅消息\"]}', '2', NULL);
INSERT INTO `t_tenant_notice_setting` (`id`, `tenant_id`, `scene_id`, `scene_name`, `scene_desc`, `recipient`, `type`, `system_notice`, `sms_notice`, `oa_notice`, `mnp_notice`, `support`, `update_time`) VALUES (5, 0, 105, '注册验证码', '用户注册账号时发送', 1, 2, '{\"type\":\"system\",\"title\":\"\",\"content\":\"\",\"status\":\"0\",\"is_show\":\"\",\"tips\":[\"可选变量 验证码:code\"]}', '{\"type\":\"sms\",\"template_id\":\"SMS_175615071\",\"content\":\"验证码${code}，您正在注册成为新用户，感谢您的支持！\",\"status\":\"1\",\"is_show\":\"1\",\"tips\":[\"可选变量 验证码:code\",\"示例：您正在申请注册，验证码${code}，切勿将验证码泄露于他人，本条验证码有效期5分钟。\",\"生效条件：1、管理后台完成短信设置。 2、第三方短信平台申请模板。\"]}', '{\"type\":\"oa\",\"template_id\":\"\",\"template_sn\":\"\",\"name\":\"\",\"first\":\"\",\"remark\":\"\",\"tpl\":[],\"status\":\"0\",\"is_show\":\"\",\"tips\":[\"可选变量 验证码:code\",\"配置路径：小程序后台 > 功能 > 订阅消息\"]}', '{\"type\":\"mnp\",\"template_id\":\"\",\"template_sn\":\"\",\"name\":\"\",\"tpl\":[],\"status\":\"0\",\"is_show\":\"\",\"tips\":[\"可选变量 验证码:code\",\"配置路径：小程序后台 > 功能 > 订阅消息\"]}', '2', NULL);
INSERT INTO `t_tenant_notice_setting` (`id`, `tenant_id`, `scene_id`, `scene_name`, `scene_desc`, `recipient`, `type`, `system_notice`, `sms_notice`, `oa_notice`, `mnp_notice`, `support`, `update_time`) VALUES (6, 1, 101, '登录验证码', '用户手机号码登录时发送', 1, 2, '{\"type\":\"system\",\"title\":\"\",\"content\":\"\",\"status\":\"0\",\"is_show\":\"\",\"tips\":[\"可选变量 验证码:code\"]}', '{\"type\":\"sms\",\"template_id\":\"SMS_279407160\",\"content\":\"您正在登录，验证码${code}，切勿将验证码泄露于他人，本条验证码有效期5分钟。\",\"status\":\"1\",\"is_show\":\"1\",\"tips\":[\"可选变量 验证码:code\",\"示例：您正在登录，验证码${code}，切勿将验证码泄露于他人，本条验证码有效期5分钟。\",\"生效条件：1、管理后台完成短信设置。 2、第三方短信平台申请模板。\"]}', '{\"type\":\"oa\",\"template_id\":\"\",\"template_sn\":\"\",\"name\":\"\",\"first\":\"\",\"remark\":\"\",\"tpl\":[],\"status\":\"0\",\"is_show\":\"\",\"tips\":[\"可选变量 验证码:code\",\"配置路径：小程序后台 > 功能 > 订阅消息\"]}', '{\"type\":\"mnp\",\"template_id\":\"\",\"template_sn\":\"\",\"name\":\"\",\"tpl\":[],\"status\":\"0\",\"is_show\":\"\",\"tips\":[\"可选变量 验证码:code\",\"配置路径：小程序后台 > 功能 > 订阅消息\"]}', '2', NULL);
INSERT INTO `t_tenant_notice_setting` (`id`, `tenant_id`, `scene_id`, `scene_name`, `scene_desc`, `recipient`, `type`, `system_notice`, `sms_notice`, `oa_notice`, `mnp_notice`, `support`, `update_time`) VALUES (7, 1, 102, '绑定手机验证码', '用户绑定手机号码时发送', 1, 2, '{\"type\":\"system\",\"title\":\"\",\"content\":\"\",\"status\":\"0\",\"is_show\":\"\"}', '{\"type\":\"sms\",\"template_id\":\"SMS_123456\",\"content\":\"您正在绑定手机号，验证码${code}，切勿将验证码泄露于他人，本条验证码有效期5分钟。\",\"status\":\"1\",\"is_show\":\"1\"}', '{\"type\":\"oa\",\"template_id\":\"\",\"template_sn\":\"\",\"name\":\"\",\"first\":\"\",\"remark\":\"\",\"tpl\":[],\"status\":\"0\",\"is_show\":\"\"}', '{\"type\":\"mnp\",\"template_id\":\"\",\"template_sn\":\"\",\"name\":\"\",\"tpl\":[],\"status\":\"0\",\"is_show\":\"\"}', '2', NULL);
INSERT INTO `t_tenant_notice_setting` (`id`, `tenant_id`, `scene_id`, `scene_name`, `scene_desc`, `recipient`, `type`, `system_notice`, `sms_notice`, `oa_notice`, `mnp_notice`, `support`, `update_time`) VALUES (8, 1, 103, '变更手机验证码', '用户变更手机号码时发送', 1, 2, '{\"type\":\"system\",\"title\":\"\",\"content\":\"\",\"status\":\"0\",\"is_show\":\"\",\"tips\":[\"可选变量 验证码:code\"]}', '{\"type\":\"sms\",\"template_id\":\"SMS_123456\",\"content\":\"您正在变更手机号，验证码${code}，切勿将验证码泄露于他人，本条验证码有效期5分钟。\",\"status\":\"1\",\"is_show\":\"1\"}', '{\"type\":\"oa\",\"template_id\":\"\",\"template_sn\":\"\",\"name\":\"\",\"first\":\"\",\"remark\":\"\",\"tpl\":[],\"status\":\"0\",\"is_show\":\"\",\"tips\":[\"可选变量 验证码:code\",\"配置路径：小程序后台 > 功能 > 订阅消息\"]}', '{\"type\":\"mnp\",\"template_id\":\"\",\"template_sn\":\"\",\"name\":\"\",\"tpl\":[],\"status\":\"0\",\"is_show\":\"\",\"tips\":[\"可选变量 验证码:code\",\"配置路径：小程序后台 > 功能 > 订阅消息\"]}', '2', NULL);
INSERT INTO `t_tenant_notice_setting` (`id`, `tenant_id`, `scene_id`, `scene_name`, `scene_desc`, `recipient`, `type`, `system_notice`, `sms_notice`, `oa_notice`, `mnp_notice`, `support`, `update_time`) VALUES (9, 1, 104, '找回登录密码验证码', '用户找回登录密码号码时发送', 1, 2, '{\"type\":\"system\",\"title\":\"\",\"content\":\"\",\"status\":\"0\",\"is_show\":\"\",\"tips\":[\"可选变量 验证码:code\"]}', '{\"type\":\"sms\",\"template_id\":\"SMS_279407160\",\"content\":\"您正在找回登录密码，验证码${code}，切勿将验证码泄露于他人，本条验证码有效期5分钟。\",\"status\":\"1\",\"is_show\":\"1\",\"tips\":[\"可选变量 验证码:code\",\"示例：您正在找回登录密码，验证码${code}，切勿将验证码泄露于他人，本条验证码有效期5分钟。\",\"生效条件：1、管理后台完成短信设置。 2、第三方短信平台申请模板。\"]}', '{\"type\":\"oa\",\"template_id\":\"\",\"template_sn\":\"\",\"name\":\"\",\"first\":\"\",\"remark\":\"\",\"tpl\":[],\"status\":\"0\",\"is_show\":\"\",\"tips\":[\"可选变量 验证码:code\",\"配置路径：小程序后台 > 功能 > 订阅消息\"]}', '{\"type\":\"mnp\",\"template_id\":\"\",\"template_sn\":\"\",\"name\":\"\",\"tpl\":[],\"status\":\"0\",\"is_show\":\"\",\"tips\":[\"可选变量 验证码:code\",\"配置路径：小程序后台 > 功能 > 订阅消息\"]}', '2', NULL);
INSERT INTO `t_tenant_notice_setting` (`id`, `tenant_id`, `scene_id`, `scene_name`, `scene_desc`, `recipient`, `type`, `system_notice`, `sms_notice`, `oa_notice`, `mnp_notice`, `support`, `update_time`) VALUES (10, 1, 105, '注册验证码', '用户注册账号时发送', 1, 2, '{\"type\":\"system\",\"title\":\"\",\"content\":\"\",\"status\":\"0\",\"is_show\":\"\",\"tips\":[\"可选变量 验证码:code\"]}', '{\"type\":\"sms\",\"template_id\":\"SMS_175615071\",\"content\":\"验证码${code}，您正在注册成为新用户，感谢您的支持！\",\"status\":\"1\",\"is_show\":\"1\",\"tips\":[\"可选变量 验证码:code\",\"示例：您正在申请注册，验证码${code}，切勿将验证码泄露于他人，本条验证码有效期5分钟。\",\"生效条件：1、管理后台完成短信设置。 2、第三方短信平台申请模板。\"]}', '{\"type\":\"oa\",\"template_id\":\"\",\"template_sn\":\"\",\"name\":\"\",\"first\":\"\",\"remark\":\"\",\"tpl\":[],\"status\":\"0\",\"is_show\":\"\",\"tips\":[\"可选变量 验证码:code\",\"配置路径：小程序后台 > 功能 > 订阅消息\"]}', '{\"type\":\"mnp\",\"template_id\":\"\",\"template_sn\":\"\",\"name\":\"\",\"tpl\":[],\"status\":\"0\",\"is_show\":\"\",\"tips\":[\"可选变量 验证码:code\",\"配置路径：小程序后台 > 功能 > 订阅消息\"]}', '2', NULL);
COMMIT;

-- ----------------------------
-- Table structure for t_tenant_pay_config
-- ----------------------------
DROP TABLE IF EXISTS `t_tenant_pay_config`;
CREATE TABLE `t_tenant_pay_config` (
  `id` int(11) unsigned NOT NULL AUTO_INCREMENT,
  `tenant_id` int(11) NOT NULL COMMENT '租户ID',
  `name` varchar(32) CHARACTER SET utf8mb4 COLLATE utf8mb4_general_ci NOT NULL DEFAULT '' COMMENT '模版名称',
  `pay_way` tinyint(1) NOT NULL COMMENT '支付方式:1-余额支付;2-微信支付;3-支付宝支付;',
  `config` text CHARACTER SET utf8mb4 COLLATE utf8mb4_general_ci COMMENT '对应支付配置(json字符串)',
  `icon` varchar(255) CHARACTER SET utf8mb4 COLLATE utf8mb4_general_ci DEFAULT NULL COMMENT '图标',
  `sort` int(5) DEFAULT NULL COMMENT '排序',
  `remark` varchar(255) CHARACTER SET utf8mb4 COLLATE utf8mb4_general_ci DEFAULT NULL COMMENT '备注',
  PRIMARY KEY (`id`) USING BTREE
) ENGINE=InnoDB AUTO_INCREMENT=7 DEFAULT CHARSET=utf8mb4 COLLATE=utf8mb4_general_ci ROW_FORMAT=DYNAMIC COMMENT='支付配置表';

-- ----------------------------
-- Records of t_tenant_pay_config
-- ----------------------------
BEGIN;
INSERT INTO `t_tenant_pay_config` (`id`, `tenant_id`, `name`, `pay_way`, `config`, `icon`, `sort`, `remark`) VALUES (1, 0, '余额支付', 1, '', 'resource/image/common/balance_pay.png', 128, '余额支付备注');
INSERT INTO `t_tenant_pay_config` (`id`, `tenant_id`, `name`, `pay_way`, `config`, `icon`, `sort`, `remark`) VALUES (2, 0, '微信支付', 2, '{\"interface_version\":\"v3\",\"merchant_type\":\"ordinary_merchant\",\"mch_id\":\"\",\"pay_sign_key\":\"\",\"apiclient_cert\":\"\",\"apiclient_key\":\"\"}', '/resource/image/common/wechat_pay.png', 123, '微信支付备注');
INSERT INTO `t_tenant_pay_config` (`id`, `tenant_id`, `name`, `pay_way`, `config`, `icon`, `sort`, `remark`) VALUES (3, 0, '支付宝支付', 3, '{\"mode\":\"normal_mode\",\"merchant_type\":\"ordinary_merchant\",\"app_id\":\"\",\"private_key\":\"\",\"ali_public_key\":\"\"}', '/resource/image/common/ali_pay.png', 123, '支付宝支付');
INSERT INTO `t_tenant_pay_config` (`id`, `tenant_id`, `name`, `pay_way`, `config`, `icon`, `sort`, `remark`) VALUES (4, 1, '余额支付', 1, 'null', 'http://localhost.tt.clud.com/resource/image/common/balance_pay.png', 128, '余额支付备注');
INSERT INTO `t_tenant_pay_config` (`id`, `tenant_id`, `name`, `pay_way`, `config`, `icon`, `sort`, `remark`) VALUES (5, 1, '微信支付', 2, '{\"interface_version\":\"v3\",\"merchant_type\":\"ordinary_merchant\",\"mch_id\":\"\",\"pay_sign_key\":\"\",\"apiclient_cert\":\"\",\"apiclient_key\":\"\"}', 'http://localhost.tt.clud.com/resource/image/common/wechat_pay.png', 123, '微信支付备注');
INSERT INTO `t_tenant_pay_config` (`id`, `tenant_id`, `name`, `pay_way`, `config`, `icon`, `sort`, `remark`) VALUES (6, 1, '支付宝支付', 3, '{\"mode\":\"normal_mode\",\"merchant_type\":\"ordinary_merchant\",\"app_id\":\"\",\"private_key\":\"\",\"ali_public_key\":\"\"}', 'http://localhost.tt.clud.com/resource/image/common/ali_pay.png', 123, '支付宝支付');
COMMIT;

-- ----------------------------
-- Table structure for t_tenant_pay_way
-- ----------------------------
DROP TABLE IF EXISTS `t_tenant_pay_way`;
CREATE TABLE `t_tenant_pay_way` (
  `id` int(11) unsigned NOT NULL AUTO_INCREMENT,
  `tenant_id` int(11) NOT NULL COMMENT '租户ID',
  `pay_config_id` int(11) NOT NULL COMMENT '支付配置ID',
  `scene` tinyint(1) NOT NULL COMMENT '场景:1-微信小程序;2-微信公众号;3-H5;4-PC;5-APP;',
  `is_default` tinyint(1) NOT NULL DEFAULT '0' COMMENT '是否默认支付:0-否;1-是;',
  `status` tinyint(1) NOT NULL DEFAULT '1' COMMENT '状态:0-关闭;1-开启;',
  PRIMARY KEY (`id`) USING BTREE
) ENGINE=InnoDB AUTO_INCREMENT=15 DEFAULT CHARSET=utf8mb4 COLLATE=utf8mb4_general_ci ROW_FORMAT=DYNAMIC COMMENT='支付方式表';

-- ----------------------------
-- Records of t_tenant_pay_way
-- ----------------------------
BEGIN;
INSERT INTO `t_tenant_pay_way` (`id`, `tenant_id`, `pay_config_id`, `scene`, `is_default`, `status`) VALUES (1, 0, 1, 1, 0, 1);
INSERT INTO `t_tenant_pay_way` (`id`, `tenant_id`, `pay_config_id`, `scene`, `is_default`, `status`) VALUES (2, 0, 2, 1, 1, 1);
INSERT INTO `t_tenant_pay_way` (`id`, `tenant_id`, `pay_config_id`, `scene`, `is_default`, `status`) VALUES (3, 0, 1, 2, 0, 1);
INSERT INTO `t_tenant_pay_way` (`id`, `tenant_id`, `pay_config_id`, `scene`, `is_default`, `status`) VALUES (4, 0, 2, 2, 1, 1);
INSERT INTO `t_tenant_pay_way` (`id`, `tenant_id`, `pay_config_id`, `scene`, `is_default`, `status`) VALUES (5, 0, 1, 3, 0, 1);
INSERT INTO `t_tenant_pay_way` (`id`, `tenant_id`, `pay_config_id`, `scene`, `is_default`, `status`) VALUES (6, 0, 2, 3, 1, 1);
INSERT INTO `t_tenant_pay_way` (`id`, `tenant_id`, `pay_config_id`, `scene`, `is_default`, `status`) VALUES (7, 0, 3, 3, 0, 1);
INSERT INTO `t_tenant_pay_way` (`id`, `tenant_id`, `pay_config_id`, `scene`, `is_default`, `status`) VALUES (8, 1, 4, 1, 0, 1);
INSERT INTO `t_tenant_pay_way` (`id`, `tenant_id`, `pay_config_id`, `scene`, `is_default`, `status`) VALUES (9, 1, 5, 1, 1, 1);
INSERT INTO `t_tenant_pay_way` (`id`, `tenant_id`, `pay_config_id`, `scene`, `is_default`, `status`) VALUES (10, 1, 4, 2, 0, 1);
INSERT INTO `t_tenant_pay_way` (`id`, `tenant_id`, `pay_config_id`, `scene`, `is_default`, `status`) VALUES (11, 1, 5, 2, 1, 1);
INSERT INTO `t_tenant_pay_way` (`id`, `tenant_id`, `pay_config_id`, `scene`, `is_default`, `status`) VALUES (12, 1, 4, 3, 0, 1);
INSERT INTO `t_tenant_pay_way` (`id`, `tenant_id`, `pay_config_id`, `scene`, `is_default`, `status`) VALUES (13, 1, 5, 3, 1, 1);
INSERT INTO `t_tenant_pay_way` (`id`, `tenant_id`, `pay_config_id`, `scene`, `is_default`, `status`) VALUES (14, 1, 6, 3, 0, 1);
COMMIT;

-- ----------------------------
-- Table structure for t_tenant_sms_log
-- ----------------------------
DROP TABLE IF EXISTS `t_tenant_sms_log`;
CREATE TABLE `t_tenant_sms_log` (
  `id` int(11) NOT NULL AUTO_INCREMENT COMMENT 'id',
  `tenant_id` int(11) NOT NULL COMMENT '租户ID',
  `scene_id` int(11) NOT NULL COMMENT '场景id',
  `mobile` varchar(11) NOT NULL COMMENT '手机号码',
  `content` varchar(255) NOT NULL COMMENT '发送内容',
  `code` varchar(32) DEFAULT NULL COMMENT '发送关键字（注册、找回密码）',
  `is_verify` tinyint(1) DEFAULT '0' COMMENT '是否已验证；0-否；1-是',
  `check_num` int(5) DEFAULT '0' COMMENT '验证次数',
  `send_status` tinyint(1) NOT NULL COMMENT '发送状态：0-发送中；1-发送成功；2-发送失败',
  `send_time` int(10) NOT NULL COMMENT '发送时间',
  `results` text COMMENT '短信结果',
  `create_time` int(10) DEFAULT NULL COMMENT '创建时间',
  `update_time` int(10) DEFAULT NULL COMMENT '更新时间',
  `delete_time` int(10) DEFAULT NULL COMMENT '删除时间',
  PRIMARY KEY (`id`) USING BTREE
) ENGINE=InnoDB AUTO_INCREMENT=5 DEFAULT CHARSET=utf8mb4 COLLATE=utf8mb4_general_ci ROW_FORMAT=DYNAMIC COMMENT='租户短信记录表';

-- ----------------------------
-- Records of t_tenant_sms_log
-- ----------------------------
BEGIN;
INSERT INTO `t_tenant_sms_log` (`id`, `tenant_id`, `scene_id`, `mobile`, `content`, `code`, `is_verify`, `check_num`, `send_status`, `send_time`, `results`, `create_time`, `update_time`, `delete_time`) VALUES (1, 1, 101, '18228937997', '您正在登录，验证码8141，切勿将验证码泄露于他人，本条验证码有效期5分钟。', '8141', 0, 0, 1, 1746117083, '{\"Message\":\"OK\",\"RequestId\":\"91077EAA-5DD5-55CA-8218-63B7641AE447\",\"Code\":\"OK\",\"BizId\":\"732917346117085989^0\"}', 1746117083, 1746117087, NULL);
INSERT INTO `t_tenant_sms_log` (`id`, `tenant_id`, `scene_id`, `mobile`, `content`, `code`, `is_verify`, `check_num`, `send_status`, `send_time`, `results`, `create_time`, `update_time`, `delete_time`) VALUES (2, 1, 101, '18228937997', '您正在登录，验证码4898，切勿将验证码泄露于他人，本条验证码有效期5分钟。', '4898', 1, 1, 1, 1746119682, '{\"Message\":\"OK\",\"RequestId\":\"3B7477CE-7575-5166-B6BC-9FAE1BBE214B\",\"Code\":\"OK\",\"BizId\":\"173014446119683149^0\"}', 1746119682, 1746119694, NULL);
INSERT INTO `t_tenant_sms_log` (`id`, `tenant_id`, `scene_id`, `mobile`, `content`, `code`, `is_verify`, `check_num`, `send_status`, `send_time`, `results`, `create_time`, `update_time`, `delete_time`) VALUES (3, 1, 101, '18228937997', '您正在登录，验证码9279，切勿将验证码泄露于他人，本条验证码有效期5分钟。', '9279', 0, 0, 1, 1746169775, '{\"Message\":\"OK\",\"RequestId\":\"E0F0884E-E290-5971-96A0-72DB95E4120A\",\"Code\":\"OK\",\"BizId\":\"995716846169776725^0\"}', 1746169775, 1746169776, NULL);
INSERT INTO `t_tenant_sms_log` (`id`, `tenant_id`, `scene_id`, `mobile`, `content`, `code`, `is_verify`, `check_num`, `send_status`, `send_time`, `results`, `create_time`, `update_time`, `delete_time`) VALUES (4, 1, 104, '18228937997', '您正在找回登录密码，验证码7368，切勿将验证码泄露于他人，本条验证码有效期5分钟。', '7368', 1, 1, 1, 1746170282, '{\"Message\":\"OK\",\"RequestId\":\"D56730A9-7946-51E9-82B4-7A51BA886AD0\",\"Code\":\"OK\",\"BizId\":\"359923046170283615^0\"}', 1746170282, 1746170301, NULL);
COMMIT;

-- ----------------------------
-- Table structure for t_tenant_system_menu
-- ----------------------------
DROP TABLE IF EXISTS `t_tenant_system_menu`;
CREATE TABLE `t_tenant_system_menu` (
  `id` int(10) unsigned NOT NULL AUTO_INCREMENT COMMENT '主键',
  `tenant_id` int(11) unsigned DEFAULT '0' COMMENT '租户ID',
  `pid` int(10) unsigned NOT NULL DEFAULT '0' COMMENT '上级菜单',
  `type` char(2) CHARACTER SET utf8mb4 COLLATE utf8mb4_general_ci NOT NULL DEFAULT '' COMMENT '权限类型: M=目录，C=菜单，A=按钮',
  `name` varchar(100) CHARACTER SET utf8mb4 COLLATE utf8mb4_general_ci NOT NULL DEFAULT '' COMMENT '菜单名称',
  `icon` varchar(100) CHARACTER SET utf8mb4 COLLATE utf8mb4_general_ci NOT NULL DEFAULT '' COMMENT '菜单图标',
  `sort` smallint(5) unsigned NOT NULL DEFAULT '0' COMMENT '菜单排序',
  `perms` varchar(100) CHARACTER SET utf8mb4 COLLATE utf8mb4_general_ci NOT NULL DEFAULT '' COMMENT '权限标识',
  `paths` varchar(100) CHARACTER SET utf8mb4 COLLATE utf8mb4_general_ci NOT NULL DEFAULT '' COMMENT '路由地址',
  `component` varchar(200) CHARACTER SET utf8mb4 COLLATE utf8mb4_general_ci NOT NULL DEFAULT '' COMMENT '前端组件',
  `selected` varchar(200) CHARACTER SET utf8mb4 COLLATE utf8mb4_general_ci NOT NULL DEFAULT '' COMMENT '选中路径',
  `params` varchar(200) CHARACTER SET utf8mb4 COLLATE utf8mb4_general_ci NOT NULL DEFAULT '' COMMENT '路由参数',
  `is_cache` tinyint(1) unsigned NOT NULL DEFAULT '0' COMMENT '是否缓存: 0=否, 1=是',
  `is_show` tinyint(1) unsigned NOT NULL DEFAULT '1' COMMENT '是否显示: 0=否, 1=是',
  `is_disable` tinyint(1) unsigned NOT NULL DEFAULT '0' COMMENT '是否禁用: 0=否, 1=是',
  `create_time` int(10) unsigned NOT NULL DEFAULT '0' COMMENT '创建时间',
  `update_time` int(10) unsigned NOT NULL DEFAULT '0' COMMENT '更新时间',
  PRIMARY KEY (`id`) USING BTREE
) ENGINE=InnoDB AUTO_INCREMENT=333 DEFAULT CHARSET=utf8mb4 COLLATE=utf8mb4_general_ci ROW_FORMAT=DYNAMIC COMMENT='系统菜单表';

-- ----------------------------
-- Records of t_tenant_system_menu
-- ----------------------------
BEGIN;
INSERT INTO `t_tenant_system_menu` (`id`, `tenant_id`, `pid`, `type`, `name`, `icon`, `sort`, `perms`, `paths`, `component`, `selected`, `params`, `is_cache`, `is_show`, `is_disable`, `create_time`, `update_time`) VALUES (4, 0, 0, 'M', '权限管理', 'el-icon-Lock', 300, '', 'permission', '', '', '', 0, 1, 0, 1656664556, 1710472802);
INSERT INTO `t_tenant_system_menu` (`id`, `tenant_id`, `pid`, `type`, `name`, `icon`, `sort`, `perms`, `paths`, `component`, `selected`, `params`, `is_cache`, `is_show`, `is_disable`, `create_time`, `update_time`) VALUES (5, 0, 0, 'C', '工作台', 'el-icon-Monitor', 1000, 'workbench/index', 'workbench', 'workbench/index', '', '', 0, 1, 0, 1656664793, 1664354981);
INSERT INTO `t_tenant_system_menu` (`id`, `tenant_id`, `pid`, `type`, `name`, `icon`, `sort`, `perms`, `paths`, `component`, `selected`, `params`, `is_cache`, `is_show`, `is_disable`, `create_time`, `update_time`) VALUES (6, 0, 4, 'C', '菜单', 'el-icon-Operation', 100, 'auth.menu/lists', 'menu', 'permission/menu/index', '', '', 1, 1, 0, 1656664960, 1710472994);
INSERT INTO `t_tenant_system_menu` (`id`, `tenant_id`, `pid`, `type`, `name`, `icon`, `sort`, `perms`, `paths`, `component`, `selected`, `params`, `is_cache`, `is_show`, `is_disable`, `create_time`, `update_time`) VALUES (7, 0, 4, 'C', '管理员', 'local-icon-shouyiren', 80, 'auth.admin/lists', 'admin', 'permission/admin/index', '', '', 0, 1, 0, 1656901567, 1710473013);
INSERT INTO `t_tenant_system_menu` (`id`, `tenant_id`, `pid`, `type`, `name`, `icon`, `sort`, `perms`, `paths`, `component`, `selected`, `params`, `is_cache`, `is_show`, `is_disable`, `create_time`, `update_time`) VALUES (8, 0, 4, 'C', '角色', 'el-icon-Female', 90, 'auth.role/lists', 'role', 'permission/role/index', '', '', 0, 1, 0, 1656901660, 1710473000);
INSERT INTO `t_tenant_system_menu` (`id`, `tenant_id`, `pid`, `type`, `name`, `icon`, `sort`, `perms`, `paths`, `component`, `selected`, `params`, `is_cache`, `is_show`, `is_disable`, `create_time`, `update_time`) VALUES (12, 0, 8, 'A', '新增', '', 1, 'auth.role/add', '', '', '', '', 0, 1, 0, 1657001790, 1663750625);
INSERT INTO `t_tenant_system_menu` (`id`, `tenant_id`, `pid`, `type`, `name`, `icon`, `sort`, `perms`, `paths`, `component`, `selected`, `params`, `is_cache`, `is_show`, `is_disable`, `create_time`, `update_time`) VALUES (14, 0, 8, 'A', '编辑', '', 1, 'auth.role/edit', '', '', '', '', 0, 1, 0, 1657001924, 1663750631);
INSERT INTO `t_tenant_system_menu` (`id`, `tenant_id`, `pid`, `type`, `name`, `icon`, `sort`, `perms`, `paths`, `component`, `selected`, `params`, `is_cache`, `is_show`, `is_disable`, `create_time`, `update_time`) VALUES (15, 0, 8, 'A', '删除', '', 1, 'auth.role/delete', '', '', '', '', 0, 1, 0, 1657001982, 1663750637);
INSERT INTO `t_tenant_system_menu` (`id`, `tenant_id`, `pid`, `type`, `name`, `icon`, `sort`, `perms`, `paths`, `component`, `selected`, `params`, `is_cache`, `is_show`, `is_disable`, `create_time`, `update_time`) VALUES (16, 0, 6, 'A', '新增', '', 1, 'auth.menu/add', '', '', '', '', 0, 1, 0, 1657072523, 1663750565);
INSERT INTO `t_tenant_system_menu` (`id`, `tenant_id`, `pid`, `type`, `name`, `icon`, `sort`, `perms`, `paths`, `component`, `selected`, `params`, `is_cache`, `is_show`, `is_disable`, `create_time`, `update_time`) VALUES (17, 0, 6, 'A', '编辑', '', 1, 'auth.menu/edit', '', '', '', '', 0, 1, 0, 1657073955, 1663750570);
INSERT INTO `t_tenant_system_menu` (`id`, `tenant_id`, `pid`, `type`, `name`, `icon`, `sort`, `perms`, `paths`, `component`, `selected`, `params`, `is_cache`, `is_show`, `is_disable`, `create_time`, `update_time`) VALUES (18, 0, 6, 'A', '删除', '', 1, 'auth.menu/delete', '', '', '', '', 0, 1, 0, 1657073987, 1663750578);
INSERT INTO `t_tenant_system_menu` (`id`, `tenant_id`, `pid`, `type`, `name`, `icon`, `sort`, `perms`, `paths`, `component`, `selected`, `params`, `is_cache`, `is_show`, `is_disable`, `create_time`, `update_time`) VALUES (19, 0, 7, 'A', '新增', '', 1, 'auth.admin/add', '', '', '', '', 0, 1, 0, 1657074035, 1663750596);
INSERT INTO `t_tenant_system_menu` (`id`, `tenant_id`, `pid`, `type`, `name`, `icon`, `sort`, `perms`, `paths`, `component`, `selected`, `params`, `is_cache`, `is_show`, `is_disable`, `create_time`, `update_time`) VALUES (20, 0, 7, 'A', '编辑', '', 1, 'auth.admin/edit', '', '', '', '', 0, 1, 0, 1657074071, 1663750603);
INSERT INTO `t_tenant_system_menu` (`id`, `tenant_id`, `pid`, `type`, `name`, `icon`, `sort`, `perms`, `paths`, `component`, `selected`, `params`, `is_cache`, `is_show`, `is_disable`, `create_time`, `update_time`) VALUES (21, 0, 7, 'A', '删除', '', 1, 'auth.admin/delete', '', '', '', '', 0, 1, 0, 1657074108, 1663750609);
INSERT INTO `t_tenant_system_menu` (`id`, `tenant_id`, `pid`, `type`, `name`, `icon`, `sort`, `perms`, `paths`, `component`, `selected`, `params`, `is_cache`, `is_show`, `is_disable`, `create_time`, `update_time`) VALUES (25, 0, 0, 'M', '组织管理', 'el-icon-OfficeBuilding', 400, '', 'organization', '', '', '', 0, 1, 0, 1657099914, 1710472797);
INSERT INTO `t_tenant_system_menu` (`id`, `tenant_id`, `pid`, `type`, `name`, `icon`, `sort`, `perms`, `paths`, `component`, `selected`, `params`, `is_cache`, `is_show`, `is_disable`, `create_time`, `update_time`) VALUES (26, 0, 25, 'C', '部门管理', 'el-icon-Coordinate', 100, 'dept.dept/lists', 'department', 'organization/department/index', '', '', 1, 1, 0, 1657099989, 1710472962);
INSERT INTO `t_tenant_system_menu` (`id`, `tenant_id`, `pid`, `type`, `name`, `icon`, `sort`, `perms`, `paths`, `component`, `selected`, `params`, `is_cache`, `is_show`, `is_disable`, `create_time`, `update_time`) VALUES (27, 0, 25, 'C', '岗位管理', 'el-icon-PriceTag', 90, 'dept.jobs/lists', 'post', 'organization/post/index', '', '', 0, 1, 0, 1657100044, 1710472967);
INSERT INTO `t_tenant_system_menu` (`id`, `tenant_id`, `pid`, `type`, `name`, `icon`, `sort`, `perms`, `paths`, `component`, `selected`, `params`, `is_cache`, `is_show`, `is_disable`, `create_time`, `update_time`) VALUES (28, 0, 0, 'M', '系统设置', 'el-icon-Setting', 200, '', 'setting', '', '', '', 0, 1, 0, 1657100164, 1710472807);
INSERT INTO `t_tenant_system_menu` (`id`, `tenant_id`, `pid`, `type`, `name`, `icon`, `sort`, `perms`, `paths`, `component`, `selected`, `params`, `is_cache`, `is_show`, `is_disable`, `create_time`, `update_time`) VALUES (29, 0, 28, 'M', '网站设置', 'el-icon-Basketball', 100, '', 'website', '', '', '', 0, 1, 0, 1657100230, 1710473049);
INSERT INTO `t_tenant_system_menu` (`id`, `tenant_id`, `pid`, `type`, `name`, `icon`, `sort`, `perms`, `paths`, `component`, `selected`, `params`, `is_cache`, `is_show`, `is_disable`, `create_time`, `update_time`) VALUES (30, 0, 29, 'C', '网站信息', '', 1, 'setting.web.web_setting/getWebsite', 'information', 'setting/website/information', '', '', 0, 1, 0, 1657100306, 1657164412);
INSERT INTO `t_tenant_system_menu` (`id`, `tenant_id`, `pid`, `type`, `name`, `icon`, `sort`, `perms`, `paths`, `component`, `selected`, `params`, `is_cache`, `is_show`, `is_disable`, `create_time`, `update_time`) VALUES (31, 0, 29, 'C', '网站备案', '', 1, 'setting.web.web_setting/getCopyright', 'filing', 'setting/website/filing', '', '', 0, 1, 0, 1657100434, 1657164723);
INSERT INTO `t_tenant_system_menu` (`id`, `tenant_id`, `pid`, `type`, `name`, `icon`, `sort`, `perms`, `paths`, `component`, `selected`, `params`, `is_cache`, `is_show`, `is_disable`, `create_time`, `update_time`) VALUES (32, 0, 29, 'C', '政策协议', '', 1, 'setting.web.web_setting/getAgreement', 'protocol', 'setting/website/protocol', '', '', 0, 1, 0, 1657100571, 1657164770);
INSERT INTO `t_tenant_system_menu` (`id`, `tenant_id`, `pid`, `type`, `name`, `icon`, `sort`, `perms`, `paths`, `component`, `selected`, `params`, `is_cache`, `is_show`, `is_disable`, `create_time`, `update_time`) VALUES (35, 0, 28, 'M', '系统维护', 'el-icon-SetUp', 50, '', 'system', '', '', '', 0, 1, 0, 1657161569, 1710473122);
INSERT INTO `t_tenant_system_menu` (`id`, `tenant_id`, `pid`, `type`, `name`, `icon`, `sort`, `perms`, `paths`, `component`, `selected`, `params`, `is_cache`, `is_show`, `is_disable`, `create_time`, `update_time`) VALUES (37, 0, 35, 'C', '系统缓存', '', 80, '', 'cache', 'setting/system/cache', '', '', 0, 1, 0, 1657161896, 1710473258);
INSERT INTO `t_tenant_system_menu` (`id`, `tenant_id`, `pid`, `type`, `name`, `icon`, `sort`, `perms`, `paths`, `component`, `selected`, `params`, `is_cache`, `is_show`, `is_disable`, `create_time`, `update_time`) VALUES (45, 0, 26, 'A', '新增', '', 1, 'dept.dept/add', '', '', '', '', 0, 1, 0, 1657163548, 1663750492);
INSERT INTO `t_tenant_system_menu` (`id`, `tenant_id`, `pid`, `type`, `name`, `icon`, `sort`, `perms`, `paths`, `component`, `selected`, `params`, `is_cache`, `is_show`, `is_disable`, `create_time`, `update_time`) VALUES (46, 0, 26, 'A', '编辑', '', 1, 'dept.dept/edit', '', '', '', '', 0, 1, 0, 1657163599, 1663750498);
INSERT INTO `t_tenant_system_menu` (`id`, `tenant_id`, `pid`, `type`, `name`, `icon`, `sort`, `perms`, `paths`, `component`, `selected`, `params`, `is_cache`, `is_show`, `is_disable`, `create_time`, `update_time`) VALUES (47, 0, 26, 'A', '删除', '', 1, 'dept.dept/delete', '', '', '', '', 0, 1, 0, 1657163687, 1663750504);
INSERT INTO `t_tenant_system_menu` (`id`, `tenant_id`, `pid`, `type`, `name`, `icon`, `sort`, `perms`, `paths`, `component`, `selected`, `params`, `is_cache`, `is_show`, `is_disable`, `create_time`, `update_time`) VALUES (48, 0, 27, 'A', '新增', '', 1, 'dept.jobs/add', '', '', '', '', 0, 1, 0, 1657163778, 1663750524);
INSERT INTO `t_tenant_system_menu` (`id`, `tenant_id`, `pid`, `type`, `name`, `icon`, `sort`, `perms`, `paths`, `component`, `selected`, `params`, `is_cache`, `is_show`, `is_disable`, `create_time`, `update_time`) VALUES (49, 0, 27, 'A', '编辑', '', 1, 'dept.jobs/edit', '', '', '', '', 0, 1, 0, 1657163800, 1663750530);
INSERT INTO `t_tenant_system_menu` (`id`, `tenant_id`, `pid`, `type`, `name`, `icon`, `sort`, `perms`, `paths`, `component`, `selected`, `params`, `is_cache`, `is_show`, `is_disable`, `create_time`, `update_time`) VALUES (50, 0, 27, 'A', '删除', '', 1, 'dept.jobs/delete', '', '', '', '', 0, 1, 0, 1657163820, 1663750535);
INSERT INTO `t_tenant_system_menu` (`id`, `tenant_id`, `pid`, `type`, `name`, `icon`, `sort`, `perms`, `paths`, `component`, `selected`, `params`, `is_cache`, `is_show`, `is_disable`, `create_time`, `update_time`) VALUES (51, 0, 30, 'A', '保存', '', 1, 'setting.web.web_setting/setWebsite', '', '', '', '', 0, 1, 0, 1657164469, 1663750649);
INSERT INTO `t_tenant_system_menu` (`id`, `tenant_id`, `pid`, `type`, `name`, `icon`, `sort`, `perms`, `paths`, `component`, `selected`, `params`, `is_cache`, `is_show`, `is_disable`, `create_time`, `update_time`) VALUES (52, 0, 31, 'A', '保存', '', 1, 'setting.web.web_setting/setCopyright', '', '', '', '', 0, 1, 0, 1657164692, 1663750657);
INSERT INTO `t_tenant_system_menu` (`id`, `tenant_id`, `pid`, `type`, `name`, `icon`, `sort`, `perms`, `paths`, `component`, `selected`, `params`, `is_cache`, `is_show`, `is_disable`, `create_time`, `update_time`) VALUES (53, 0, 32, 'A', '保存', '', 1, 'setting.web.web_setting/setAgreement', '', '', '', '', 0, 1, 0, 1657164824, 1663750665);
INSERT INTO `t_tenant_system_menu` (`id`, `tenant_id`, `pid`, `type`, `name`, `icon`, `sort`, `perms`, `paths`, `component`, `selected`, `params`, `is_cache`, `is_show`, `is_disable`, `create_time`, `update_time`) VALUES (61, 0, 37, 'A', '清除系统缓存', '', 1, 'setting.system.cache/clear', '', '', '', '', 0, 1, 0, 1657173837, 1657173939);
INSERT INTO `t_tenant_system_menu` (`id`, `tenant_id`, `pid`, `type`, `name`, `icon`, `sort`, `perms`, `paths`, `component`, `selected`, `params`, `is_cache`, `is_show`, `is_disable`, `create_time`, `update_time`) VALUES (63, 0, 158, 'M', '素材管理', 'el-icon-Picture', 0, '', 'material', '', '', '', 0, 1, 0, 1657507133, 1710472243);
INSERT INTO `t_tenant_system_menu` (`id`, `tenant_id`, `pid`, `type`, `name`, `icon`, `sort`, `perms`, `paths`, `component`, `selected`, `params`, `is_cache`, `is_show`, `is_disable`, `create_time`, `update_time`) VALUES (64, 0, 63, 'C', '素材中心', 'el-icon-PictureRounded', 0, '', 'index', 'material/index', '', '', 0, 1, 0, 1657507296, 1664355653);
INSERT INTO `t_tenant_system_menu` (`id`, `tenant_id`, `pid`, `type`, `name`, `icon`, `sort`, `perms`, `paths`, `component`, `selected`, `params`, `is_cache`, `is_show`, `is_disable`, `create_time`, `update_time`) VALUES (66, 0, 26, 'A', '详情', '', 0, 'dept.dept/detail', '', '', '', '', 0, 1, 0, 1663725459, 1663750516);
INSERT INTO `t_tenant_system_menu` (`id`, `tenant_id`, `pid`, `type`, `name`, `icon`, `sort`, `perms`, `paths`, `component`, `selected`, `params`, `is_cache`, `is_show`, `is_disable`, `create_time`, `update_time`) VALUES (67, 0, 27, 'A', '详情', '', 0, 'dept.jobs/detail', '', '', '', '', 0, 1, 0, 1663725514, 1663750559);
INSERT INTO `t_tenant_system_menu` (`id`, `tenant_id`, `pid`, `type`, `name`, `icon`, `sort`, `perms`, `paths`, `component`, `selected`, `params`, `is_cache`, `is_show`, `is_disable`, `create_time`, `update_time`) VALUES (68, 0, 6, 'A', '详情', '', 0, 'auth.menu/detail', '', '', '', '', 0, 1, 0, 1663725564, 1663750584);
INSERT INTO `t_tenant_system_menu` (`id`, `tenant_id`, `pid`, `type`, `name`, `icon`, `sort`, `perms`, `paths`, `component`, `selected`, `params`, `is_cache`, `is_show`, `is_disable`, `create_time`, `update_time`) VALUES (69, 0, 7, 'A', '详情', '', 0, 'auth.admin/detail', '', '', '', '', 0, 1, 0, 1663725623, 1663750615);
INSERT INTO `t_tenant_system_menu` (`id`, `tenant_id`, `pid`, `type`, `name`, `icon`, `sort`, `perms`, `paths`, `component`, `selected`, `params`, `is_cache`, `is_show`, `is_disable`, `create_time`, `update_time`) VALUES (70, 0, 158, 'M', '文章资讯', 'el-icon-ChatLineSquare', 90, '', 'article', '', '', '', 0, 1, 0, 1663749965, 1710471867);
INSERT INTO `t_tenant_system_menu` (`id`, `tenant_id`, `pid`, `type`, `name`, `icon`, `sort`, `perms`, `paths`, `component`, `selected`, `params`, `is_cache`, `is_show`, `is_disable`, `create_time`, `update_time`) VALUES (71, 0, 70, 'C', '文章管理', 'el-icon-ChatDotSquare', 0, 'article.article/lists', 'lists', 'article/lists/index', '', '', 0, 1, 0, 1663750101, 1664354615);
INSERT INTO `t_tenant_system_menu` (`id`, `tenant_id`, `pid`, `type`, `name`, `icon`, `sort`, `perms`, `paths`, `component`, `selected`, `params`, `is_cache`, `is_show`, `is_disable`, `create_time`, `update_time`) VALUES (72, 0, 70, 'C', '文章添加/编辑', '', 0, 'article.article/add:edit', 'lists/edit', 'article/lists/edit', '/article/lists', '', 0, 0, 0, 1663750153, 1664356275);
INSERT INTO `t_tenant_system_menu` (`id`, `tenant_id`, `pid`, `type`, `name`, `icon`, `sort`, `perms`, `paths`, `component`, `selected`, `params`, `is_cache`, `is_show`, `is_disable`, `create_time`, `update_time`) VALUES (73, 0, 70, 'C', '文章栏目', 'el-icon-CollectionTag', 0, 'article.articleCate/lists', 'column', 'article/column/index', '', '', 1, 1, 0, 1663750287, 1664354678);
INSERT INTO `t_tenant_system_menu` (`id`, `tenant_id`, `pid`, `type`, `name`, `icon`, `sort`, `perms`, `paths`, `component`, `selected`, `params`, `is_cache`, `is_show`, `is_disable`, `create_time`, `update_time`) VALUES (74, 0, 71, 'A', '新增', '', 0, 'article.article/add', '', '', '', '', 0, 1, 0, 1663750335, 1663750335);
INSERT INTO `t_tenant_system_menu` (`id`, `tenant_id`, `pid`, `type`, `name`, `icon`, `sort`, `perms`, `paths`, `component`, `selected`, `params`, `is_cache`, `is_show`, `is_disable`, `create_time`, `update_time`) VALUES (75, 0, 71, 'A', '详情', '', 0, 'article.article/detail', '', '', '', '', 0, 1, 0, 1663750354, 1663750383);
INSERT INTO `t_tenant_system_menu` (`id`, `tenant_id`, `pid`, `type`, `name`, `icon`, `sort`, `perms`, `paths`, `component`, `selected`, `params`, `is_cache`, `is_show`, `is_disable`, `create_time`, `update_time`) VALUES (76, 0, 71, 'A', '删除', '', 0, 'article.article/delete', '', '', '', '', 0, 1, 0, 1663750413, 1663750413);
INSERT INTO `t_tenant_system_menu` (`id`, `tenant_id`, `pid`, `type`, `name`, `icon`, `sort`, `perms`, `paths`, `component`, `selected`, `params`, `is_cache`, `is_show`, `is_disable`, `create_time`, `update_time`) VALUES (77, 0, 71, 'A', '修改状态', '', 0, 'article.article/updateStatus', '', '', '', '', 0, 1, 0, 1663750442, 1663750442);
INSERT INTO `t_tenant_system_menu` (`id`, `tenant_id`, `pid`, `type`, `name`, `icon`, `sort`, `perms`, `paths`, `component`, `selected`, `params`, `is_cache`, `is_show`, `is_disable`, `create_time`, `update_time`) VALUES (78, 0, 73, 'A', '添加', '', 0, 'article.articleCate/add', '', '', '', '', 0, 1, 0, 1663750483, 1663750483);
INSERT INTO `t_tenant_system_menu` (`id`, `tenant_id`, `pid`, `type`, `name`, `icon`, `sort`, `perms`, `paths`, `component`, `selected`, `params`, `is_cache`, `is_show`, `is_disable`, `create_time`, `update_time`) VALUES (79, 0, 73, 'A', '删除', '', 0, 'article.articleCate/delete', '', '', '', '', 0, 1, 0, 1663750895, 1663750895);
INSERT INTO `t_tenant_system_menu` (`id`, `tenant_id`, `pid`, `type`, `name`, `icon`, `sort`, `perms`, `paths`, `component`, `selected`, `params`, `is_cache`, `is_show`, `is_disable`, `create_time`, `update_time`) VALUES (80, 0, 73, 'A', '详情', '', 0, 'article.articleCate/detail', '', '', '', '', 0, 1, 0, 1663750913, 1663750913);
INSERT INTO `t_tenant_system_menu` (`id`, `tenant_id`, `pid`, `type`, `name`, `icon`, `sort`, `perms`, `paths`, `component`, `selected`, `params`, `is_cache`, `is_show`, `is_disable`, `create_time`, `update_time`) VALUES (81, 0, 73, 'A', '修改状态', '', 0, 'article.articleCate/updateStatus', '', '', '', '', 0, 1, 0, 1663750936, 1663750936);
INSERT INTO `t_tenant_system_menu` (`id`, `tenant_id`, `pid`, `type`, `name`, `icon`, `sort`, `perms`, `paths`, `component`, `selected`, `params`, `is_cache`, `is_show`, `is_disable`, `create_time`, `update_time`) VALUES (82, 0, 0, 'M', '渠道设置', 'el-icon-Message', 500, '', 'channel', '', '', '', 0, 1, 0, 1663754084, 1710472649);
INSERT INTO `t_tenant_system_menu` (`id`, `tenant_id`, `pid`, `type`, `name`, `icon`, `sort`, `perms`, `paths`, `component`, `selected`, `params`, `is_cache`, `is_show`, `is_disable`, `create_time`, `update_time`) VALUES (83, 0, 82, 'C', 'h5设置', 'el-icon-Cellphone', 100, 'channel.web_page_setting/getConfig', 'h5', 'channel/h5', '', '', 0, 1, 0, 1663754158, 1710472929);
INSERT INTO `t_tenant_system_menu` (`id`, `tenant_id`, `pid`, `type`, `name`, `icon`, `sort`, `perms`, `paths`, `component`, `selected`, `params`, `is_cache`, `is_show`, `is_disable`, `create_time`, `update_time`) VALUES (84, 0, 83, 'A', '保存', '', 0, 'channel.web_page_setting/setConfig', '', '', '', '', 0, 1, 0, 1663754259, 1663754259);
INSERT INTO `t_tenant_system_menu` (`id`, `tenant_id`, `pid`, `type`, `name`, `icon`, `sort`, `perms`, `paths`, `component`, `selected`, `params`, `is_cache`, `is_show`, `is_disable`, `create_time`, `update_time`) VALUES (85, 0, 82, 'M', '微信公众号', 'local-icon-dingdan', 80, '', 'wx_oa', '', '', '', 0, 1, 0, 1663755470, 1710472946);
INSERT INTO `t_tenant_system_menu` (`id`, `tenant_id`, `pid`, `type`, `name`, `icon`, `sort`, `perms`, `paths`, `component`, `selected`, `params`, `is_cache`, `is_show`, `is_disable`, `create_time`, `update_time`) VALUES (86, 0, 85, 'C', '公众号配置', '', 0, 'channel.official_account_setting/getConfig', 'config', 'channel/wx_oa/config', '', '', 0, 1, 0, 1663755663, 1664355450);
INSERT INTO `t_tenant_system_menu` (`id`, `tenant_id`, `pid`, `type`, `name`, `icon`, `sort`, `perms`, `paths`, `component`, `selected`, `params`, `is_cache`, `is_show`, `is_disable`, `create_time`, `update_time`) VALUES (87, 0, 85, 'C', '菜单管理', '', 0, 'channel.official_account_menu/detail', 'menu', 'channel/wx_oa/menu', '', '', 0, 1, 0, 1663755767, 1664355456);
INSERT INTO `t_tenant_system_menu` (`id`, `tenant_id`, `pid`, `type`, `name`, `icon`, `sort`, `perms`, `paths`, `component`, `selected`, `params`, `is_cache`, `is_show`, `is_disable`, `create_time`, `update_time`) VALUES (88, 0, 86, 'A', '保存', '', 0, 'channel.official_account_setting/setConfig', '', '', '', '', 0, 1, 0, 1663755799, 1663755799);
INSERT INTO `t_tenant_system_menu` (`id`, `tenant_id`, `pid`, `type`, `name`, `icon`, `sort`, `perms`, `paths`, `component`, `selected`, `params`, `is_cache`, `is_show`, `is_disable`, `create_time`, `update_time`) VALUES (89, 0, 86, 'A', '保存并发布', '', 0, 'channel.official_account_menu/save', '', '', '', '', 0, 1, 0, 1663756490, 1663756490);
INSERT INTO `t_tenant_system_menu` (`id`, `tenant_id`, `pid`, `type`, `name`, `icon`, `sort`, `perms`, `paths`, `component`, `selected`, `params`, `is_cache`, `is_show`, `is_disable`, `create_time`, `update_time`) VALUES (90, 0, 85, 'C', '关注回复', '', 0, 'channel.official_account_reply/lists', 'follow', 'channel/wx_oa/reply/follow_reply', '', '', 0, 1, 0, 1663818358, 1663818366);
INSERT INTO `t_tenant_system_menu` (`id`, `tenant_id`, `pid`, `type`, `name`, `icon`, `sort`, `perms`, `paths`, `component`, `selected`, `params`, `is_cache`, `is_show`, `is_disable`, `create_time`, `update_time`) VALUES (91, 0, 85, 'C', '关键字回复', '', 0, '', 'keyword', 'channel/wx_oa/reply/keyword_reply', '', '', 0, 1, 0, 1663818445, 1663818445);
INSERT INTO `t_tenant_system_menu` (`id`, `tenant_id`, `pid`, `type`, `name`, `icon`, `sort`, `perms`, `paths`, `component`, `selected`, `params`, `is_cache`, `is_show`, `is_disable`, `create_time`, `update_time`) VALUES (93, 0, 85, 'C', '默认回复', '', 0, '', 'default', 'channel/wx_oa/reply/default_reply', '', '', 0, 1, 0, 1663818580, 1663818580);
INSERT INTO `t_tenant_system_menu` (`id`, `tenant_id`, `pid`, `type`, `name`, `icon`, `sort`, `perms`, `paths`, `component`, `selected`, `params`, `is_cache`, `is_show`, `is_disable`, `create_time`, `update_time`) VALUES (94, 0, 82, 'C', '微信小程序', 'local-icon-weixin', 90, 'channel.mnp_settings/getConfig', 'weapp', 'channel/weapp', '', '', 0, 1, 0, 1663831396, 1710472941);
INSERT INTO `t_tenant_system_menu` (`id`, `tenant_id`, `pid`, `type`, `name`, `icon`, `sort`, `perms`, `paths`, `component`, `selected`, `params`, `is_cache`, `is_show`, `is_disable`, `create_time`, `update_time`) VALUES (95, 0, 94, 'A', '保存', '', 0, 'channel.mnp_settings/setConfig', '', '', '', '', 0, 1, 0, 1663831436, 1663831436);
INSERT INTO `t_tenant_system_menu` (`id`, `tenant_id`, `pid`, `type`, `name`, `icon`, `sort`, `perms`, `paths`, `component`, `selected`, `params`, `is_cache`, `is_show`, `is_disable`, `create_time`, `update_time`) VALUES (96, 0, 0, 'M', '装修管理', 'el-icon-Brush', 600, '', 'decoration', '', '', '', 0, 1, 0, 1663834825, 1710472099);
INSERT INTO `t_tenant_system_menu` (`id`, `tenant_id`, `pid`, `type`, `name`, `icon`, `sort`, `perms`, `paths`, `component`, `selected`, `params`, `is_cache`, `is_show`, `is_disable`, `create_time`, `update_time`) VALUES (97, 0, 175, 'C', '页面装修', 'el-icon-CopyDocument', 100, 'decorate.page/detail', 'pages', 'decoration/pages/index', '', '', 0, 1, 0, 1663834879, 1710929256);
INSERT INTO `t_tenant_system_menu` (`id`, `tenant_id`, `pid`, `type`, `name`, `icon`, `sort`, `perms`, `paths`, `component`, `selected`, `params`, `is_cache`, `is_show`, `is_disable`, `create_time`, `update_time`) VALUES (98, 0, 97, 'A', '保存', '', 0, 'decorate.page/save', '', '', '', '', 0, 1, 0, 1663834956, 1663834956);
INSERT INTO `t_tenant_system_menu` (`id`, `tenant_id`, `pid`, `type`, `name`, `icon`, `sort`, `perms`, `paths`, `component`, `selected`, `params`, `is_cache`, `is_show`, `is_disable`, `create_time`, `update_time`) VALUES (99, 0, 175, 'C', '底部导航', 'el-icon-Position', 90, 'decorate.tabbar/detail', 'tabbar', 'decoration/tabbar', '', '', 0, 1, 0, 1663835004, 1710929262);
INSERT INTO `t_tenant_system_menu` (`id`, `tenant_id`, `pid`, `type`, `name`, `icon`, `sort`, `perms`, `paths`, `component`, `selected`, `params`, `is_cache`, `is_show`, `is_disable`, `create_time`, `update_time`) VALUES (100, 0, 99, 'A', '保存', '', 0, 'decorate.tabbar/save', '', '', '', '', 0, 1, 0, 1663835018, 1663835018);
INSERT INTO `t_tenant_system_menu` (`id`, `tenant_id`, `pid`, `type`, `name`, `icon`, `sort`, `perms`, `paths`, `component`, `selected`, `params`, `is_cache`, `is_show`, `is_disable`, `create_time`, `update_time`) VALUES (101, 0, 158, 'M', '消息管理', 'el-icon-ChatDotRound', 80, '', 'message', '', '', '', 0, 1, 0, 1663838602, 1710471874);
INSERT INTO `t_tenant_system_menu` (`id`, `tenant_id`, `pid`, `type`, `name`, `icon`, `sort`, `perms`, `paths`, `component`, `selected`, `params`, `is_cache`, `is_show`, `is_disable`, `create_time`, `update_time`) VALUES (102, 0, 101, 'C', '通知设置', '', 0, 'notice.notice/settingLists', 'notice', 'message/notice/index', '', '', 0, 1, 0, 1663839195, 1663839195);
INSERT INTO `t_tenant_system_menu` (`id`, `tenant_id`, `pid`, `type`, `name`, `icon`, `sort`, `perms`, `paths`, `component`, `selected`, `params`, `is_cache`, `is_show`, `is_disable`, `create_time`, `update_time`) VALUES (103, 0, 102, 'A', '详情', '', 0, 'notice.notice/detail', '', '', '', '', 0, 1, 0, 1663839537, 1663839537);
INSERT INTO `t_tenant_system_menu` (`id`, `tenant_id`, `pid`, `type`, `name`, `icon`, `sort`, `perms`, `paths`, `component`, `selected`, `params`, `is_cache`, `is_show`, `is_disable`, `create_time`, `update_time`) VALUES (104, 0, 101, 'C', '通知设置编辑', '', 0, 'notice.notice/set', 'notice/edit', 'message/notice/edit', '/message/notice', '', 0, 0, 0, 1663839873, 1663898477);
INSERT INTO `t_tenant_system_menu` (`id`, `tenant_id`, `pid`, `type`, `name`, `icon`, `sort`, `perms`, `paths`, `component`, `selected`, `params`, `is_cache`, `is_show`, `is_disable`, `create_time`, `update_time`) VALUES (105, 0, 71, 'A', '编辑', '', 0, 'article.article/edit', '', '', '', '', 0, 1, 0, 1663840043, 1663840053);
INSERT INTO `t_tenant_system_menu` (`id`, `tenant_id`, `pid`, `type`, `name`, `icon`, `sort`, `perms`, `paths`, `component`, `selected`, `params`, `is_cache`, `is_show`, `is_disable`, `create_time`, `update_time`) VALUES (107, 0, 101, 'C', '短信设置', '', 0, 'notice.sms_config/getConfig', 'short_letter', 'message/short_letter/index', '', '', 0, 1, 0, 1663898591, 1664355708);
INSERT INTO `t_tenant_system_menu` (`id`, `tenant_id`, `pid`, `type`, `name`, `icon`, `sort`, `perms`, `paths`, `component`, `selected`, `params`, `is_cache`, `is_show`, `is_disable`, `create_time`, `update_time`) VALUES (108, 0, 107, 'A', '设置', '', 0, 'notice.sms_config/setConfig', '', '', '', '', 0, 1, 0, 1663898644, 1663898644);
INSERT INTO `t_tenant_system_menu` (`id`, `tenant_id`, `pid`, `type`, `name`, `icon`, `sort`, `perms`, `paths`, `component`, `selected`, `params`, `is_cache`, `is_show`, `is_disable`, `create_time`, `update_time`) VALUES (109, 0, 107, 'A', '详情', '', 0, 'notice.sms_config/detail', '', '', '', '', 0, 1, 0, 1663898661, 1663898661);
INSERT INTO `t_tenant_system_menu` (`id`, `tenant_id`, `pid`, `type`, `name`, `icon`, `sort`, `perms`, `paths`, `component`, `selected`, `params`, `is_cache`, `is_show`, `is_disable`, `create_time`, `update_time`) VALUES (110, 0, 28, 'C', '热门搜索', 'el-icon-Search', 60, 'setting.hot_search/getConfig', 'search', 'setting/search/index', '', '', 0, 1, 0, 1663901821, 1710473109);
INSERT INTO `t_tenant_system_menu` (`id`, `tenant_id`, `pid`, `type`, `name`, `icon`, `sort`, `perms`, `paths`, `component`, `selected`, `params`, `is_cache`, `is_show`, `is_disable`, `create_time`, `update_time`) VALUES (111, 0, 110, 'A', '保存', '', 0, 'setting.hot_search/setConfig', '', '', '', '', 0, 1, 0, 1663901856, 1663901856);
INSERT INTO `t_tenant_system_menu` (`id`, `tenant_id`, `pid`, `type`, `name`, `icon`, `sort`, `perms`, `paths`, `component`, `selected`, `params`, `is_cache`, `is_show`, `is_disable`, `create_time`, `update_time`) VALUES (112, 0, 28, 'M', '用户设置', 'local-icon-keziyuyue', 90, '', 'user', '', '', '', 0, 1, 0, 1663903302, 1710473056);
INSERT INTO `t_tenant_system_menu` (`id`, `tenant_id`, `pid`, `type`, `name`, `icon`, `sort`, `perms`, `paths`, `component`, `selected`, `params`, `is_cache`, `is_show`, `is_disable`, `create_time`, `update_time`) VALUES (113, 0, 112, 'C', '用户设置', '', 0, 'setting.user.user/getConfig', 'setup', 'setting/user/setup', '', '', 0, 1, 0, 1663903506, 1663903506);
INSERT INTO `t_tenant_system_menu` (`id`, `tenant_id`, `pid`, `type`, `name`, `icon`, `sort`, `perms`, `paths`, `component`, `selected`, `params`, `is_cache`, `is_show`, `is_disable`, `create_time`, `update_time`) VALUES (114, 0, 113, 'A', '保存', '', 0, 'setting.user.user/setConfig', '', '', '', '', 0, 1, 0, 1663903522, 1663903522);
INSERT INTO `t_tenant_system_menu` (`id`, `tenant_id`, `pid`, `type`, `name`, `icon`, `sort`, `perms`, `paths`, `component`, `selected`, `params`, `is_cache`, `is_show`, `is_disable`, `create_time`, `update_time`) VALUES (115, 0, 112, 'C', '登录注册', '', 0, 'setting.user.user/getRegisterConfig', 'login_register', 'setting/user/login_register', '', '', 0, 1, 0, 1663903832, 1663903832);
INSERT INTO `t_tenant_system_menu` (`id`, `tenant_id`, `pid`, `type`, `name`, `icon`, `sort`, `perms`, `paths`, `component`, `selected`, `params`, `is_cache`, `is_show`, `is_disable`, `create_time`, `update_time`) VALUES (116, 0, 115, 'A', '保存', '', 0, 'setting.user.user/setRegisterConfig', '', '', '', '', 0, 1, 0, 1663903852, 1663903852);
INSERT INTO `t_tenant_system_menu` (`id`, `tenant_id`, `pid`, `type`, `name`, `icon`, `sort`, `perms`, `paths`, `component`, `selected`, `params`, `is_cache`, `is_show`, `is_disable`, `create_time`, `update_time`) VALUES (117, 0, 0, 'M', '用户管理', 'el-icon-User', 900, '', 'consumer', '', '', '', 0, 1, 0, 1663904351, 1710472074);
INSERT INTO `t_tenant_system_menu` (`id`, `tenant_id`, `pid`, `type`, `name`, `icon`, `sort`, `perms`, `paths`, `component`, `selected`, `params`, `is_cache`, `is_show`, `is_disable`, `create_time`, `update_time`) VALUES (118, 0, 117, 'C', '用户列表', 'local-icon-user_guanli', 100, 'user.user/lists', 'lists', 'consumer/lists/index', '', '', 0, 1, 0, 1663904392, 1710471845);
INSERT INTO `t_tenant_system_menu` (`id`, `tenant_id`, `pid`, `type`, `name`, `icon`, `sort`, `perms`, `paths`, `component`, `selected`, `params`, `is_cache`, `is_show`, `is_disable`, `create_time`, `update_time`) VALUES (119, 0, 117, 'C', '用户详情', '', 90, 'user.user/detail', 'lists/detail', 'consumer/lists/detail', '/consumer/lists', '', 0, 0, 0, 1663904470, 1710471851);
INSERT INTO `t_tenant_system_menu` (`id`, `tenant_id`, `pid`, `type`, `name`, `icon`, `sort`, `perms`, `paths`, `component`, `selected`, `params`, `is_cache`, `is_show`, `is_disable`, `create_time`, `update_time`) VALUES (120, 0, 119, 'A', '编辑', '', 0, 'user.user/edit', '', '', '', '', 0, 1, 0, 1663904499, 1663904499);
INSERT INTO `t_tenant_system_menu` (`id`, `tenant_id`, `pid`, `type`, `name`, `icon`, `sort`, `perms`, `paths`, `component`, `selected`, `params`, `is_cache`, `is_show`, `is_disable`, `create_time`, `update_time`) VALUES (140, 0, 82, 'C', '微信开放平台', 'local-icon-notice_buyer', 70, 'channel.open_setting/getConfig', 'open_setting', 'channel/open_setting', '', '', 0, 1, 0, 1666085713, 1710472951);
INSERT INTO `t_tenant_system_menu` (`id`, `tenant_id`, `pid`, `type`, `name`, `icon`, `sort`, `perms`, `paths`, `component`, `selected`, `params`, `is_cache`, `is_show`, `is_disable`, `create_time`, `update_time`) VALUES (141, 0, 140, 'A', '保存', '', 0, 'channel.open_setting/setConfig', '', '', '', '', 0, 1, 0, 1666085751, 1666085776);
INSERT INTO `t_tenant_system_menu` (`id`, `tenant_id`, `pid`, `type`, `name`, `icon`, `sort`, `perms`, `paths`, `component`, `selected`, `params`, `is_cache`, `is_show`, `is_disable`, `create_time`, `update_time`) VALUES (142, 0, 176, 'C', 'PC端装修', 'el-icon-Monitor', 8, '', 'pc', 'decoration/pc', '', '', 0, 1, 0, 1668423284, 1710901602);
INSERT INTO `t_tenant_system_menu` (`id`, `tenant_id`, `pid`, `type`, `name`, `icon`, `sort`, `perms`, `paths`, `component`, `selected`, `params`, `is_cache`, `is_show`, `is_disable`, `create_time`, `update_time`) VALUES (148, 0, 0, 'M', '模板示例', 'el-icon-SetUp', 100, '', 'template', '', '', '', 0, 1, 0, 1670206819, 1710472811);
INSERT INTO `t_tenant_system_menu` (`id`, `tenant_id`, `pid`, `type`, `name`, `icon`, `sort`, `perms`, `paths`, `component`, `selected`, `params`, `is_cache`, `is_show`, `is_disable`, `create_time`, `update_time`) VALUES (149, 0, 148, 'M', '组件示例', 'el-icon-Coin', 0, '', 'component', '', '', '', 0, 1, 0, 1670207182, 1670207244);
INSERT INTO `t_tenant_system_menu` (`id`, `tenant_id`, `pid`, `type`, `name`, `icon`, `sort`, `perms`, `paths`, `component`, `selected`, `params`, `is_cache`, `is_show`, `is_disable`, `create_time`, `update_time`) VALUES (150, 0, 149, 'C', '富文本', '', 90, '', 'rich_text', 'template/component/rich_text', '', '', 0, 1, 0, 1670207751, 1710473315);
INSERT INTO `t_tenant_system_menu` (`id`, `tenant_id`, `pid`, `type`, `name`, `icon`, `sort`, `perms`, `paths`, `component`, `selected`, `params`, `is_cache`, `is_show`, `is_disable`, `create_time`, `update_time`) VALUES (151, 0, 149, 'C', '上传文件', '', 80, '', 'upload', 'template/component/upload', '', '', 0, 1, 0, 1670208925, 1710473322);
INSERT INTO `t_tenant_system_menu` (`id`, `tenant_id`, `pid`, `type`, `name`, `icon`, `sort`, `perms`, `paths`, `component`, `selected`, `params`, `is_cache`, `is_show`, `is_disable`, `create_time`, `update_time`) VALUES (152, 0, 149, 'C', '图标', '', 100, '', 'icon', 'template/component/icon', '', '', 0, 1, 0, 1670230069, 1710473306);
INSERT INTO `t_tenant_system_menu` (`id`, `tenant_id`, `pid`, `type`, `name`, `icon`, `sort`, `perms`, `paths`, `component`, `selected`, `params`, `is_cache`, `is_show`, `is_disable`, `create_time`, `update_time`) VALUES (153, 0, 149, 'C', '文件选择器', '', 60, '', 'file', 'template/component/file', '', '', 0, 1, 0, 1670232129, 1710473341);
INSERT INTO `t_tenant_system_menu` (`id`, `tenant_id`, `pid`, `type`, `name`, `icon`, `sort`, `perms`, `paths`, `component`, `selected`, `params`, `is_cache`, `is_show`, `is_disable`, `create_time`, `update_time`) VALUES (154, 0, 149, 'C', '链接选择器', '', 50, '', 'link', 'template/component/link', '', '', 0, 1, 0, 1670292636, 1710473346);
INSERT INTO `t_tenant_system_menu` (`id`, `tenant_id`, `pid`, `type`, `name`, `icon`, `sort`, `perms`, `paths`, `component`, `selected`, `params`, `is_cache`, `is_show`, `is_disable`, `create_time`, `update_time`) VALUES (155, 0, 149, 'C', '超出自动打点', '', 40, '', 'overflow', 'template/component/overflow', '', '', 0, 1, 0, 1670292883, 1710473351);
INSERT INTO `t_tenant_system_menu` (`id`, `tenant_id`, `pid`, `type`, `name`, `icon`, `sort`, `perms`, `paths`, `component`, `selected`, `params`, `is_cache`, `is_show`, `is_disable`, `create_time`, `update_time`) VALUES (156, 0, 149, 'C', '悬浮input', '', 70, '', 'popover_input', 'template/component/popover_input', '', '', 0, 1, 0, 1670293336, 1710473329);
INSERT INTO `t_tenant_system_menu` (`id`, `tenant_id`, `pid`, `type`, `name`, `icon`, `sort`, `perms`, `paths`, `component`, `selected`, `params`, `is_cache`, `is_show`, `is_disable`, `create_time`, `update_time`) VALUES (157, 0, 119, 'A', '余额调整', '', 0, 'user.user/adjustMoney', '', '', '', '', 0, 1, 0, 1677143088, 1677143088);
INSERT INTO `t_tenant_system_menu` (`id`, `tenant_id`, `pid`, `type`, `name`, `icon`, `sort`, `perms`, `paths`, `component`, `selected`, `params`, `is_cache`, `is_show`, `is_disable`, `create_time`, `update_time`) VALUES (158, 0, 0, 'M', '应用管理', 'el-icon-Postcard', 800, '', 'app', '', '', '', 0, 1, 0, 1677143430, 1710472079);
INSERT INTO `t_tenant_system_menu` (`id`, `tenant_id`, `pid`, `type`, `name`, `icon`, `sort`, `perms`, `paths`, `component`, `selected`, `params`, `is_cache`, `is_show`, `is_disable`, `create_time`, `update_time`) VALUES (159, 0, 158, 'C', '用户充值', 'local-icon-fukuan', 100, 'recharge.recharge/getConfig', 'recharge', 'app/recharge/index', '', '', 0, 1, 0, 1677144284, 1710471860);
INSERT INTO `t_tenant_system_menu` (`id`, `tenant_id`, `pid`, `type`, `name`, `icon`, `sort`, `perms`, `paths`, `component`, `selected`, `params`, `is_cache`, `is_show`, `is_disable`, `create_time`, `update_time`) VALUES (160, 0, 159, 'A', '保存', '', 0, 'recharge.recharge/setConfig', '', '', '', '', 0, 1, 0, 1677145012, 1677145012);
INSERT INTO `t_tenant_system_menu` (`id`, `tenant_id`, `pid`, `type`, `name`, `icon`, `sort`, `perms`, `paths`, `component`, `selected`, `params`, `is_cache`, `is_show`, `is_disable`, `create_time`, `update_time`) VALUES (161, 0, 28, 'M', '支付设置', 'local-icon-set_pay', 80, '', 'pay', '', '', '', 0, 1, 0, 1677148075, 1710473061);
INSERT INTO `t_tenant_system_menu` (`id`, `tenant_id`, `pid`, `type`, `name`, `icon`, `sort`, `perms`, `paths`, `component`, `selected`, `params`, `is_cache`, `is_show`, `is_disable`, `create_time`, `update_time`) VALUES (162, 0, 161, 'C', '支付方式', '', 0, 'setting.pay.pay_way/getPayWay', 'method', 'setting/pay/method/index', '', '', 0, 1, 0, 1677148207, 1677148207);
INSERT INTO `t_tenant_system_menu` (`id`, `tenant_id`, `pid`, `type`, `name`, `icon`, `sort`, `perms`, `paths`, `component`, `selected`, `params`, `is_cache`, `is_show`, `is_disable`, `create_time`, `update_time`) VALUES (163, 0, 161, 'C', '支付配置', '', 0, 'setting.pay.pay_config/lists', 'config', 'setting/pay/config/index', '', '', 0, 1, 0, 1677148260, 1677148374);
INSERT INTO `t_tenant_system_menu` (`id`, `tenant_id`, `pid`, `type`, `name`, `icon`, `sort`, `perms`, `paths`, `component`, `selected`, `params`, `is_cache`, `is_show`, `is_disable`, `create_time`, `update_time`) VALUES (164, 0, 162, 'A', '设置支付方式', '', 0, 'setting.pay.pay_way/setPayWay', '', '', '', '', 0, 1, 0, 1677219624, 1677219624);
INSERT INTO `t_tenant_system_menu` (`id`, `tenant_id`, `pid`, `type`, `name`, `icon`, `sort`, `perms`, `paths`, `component`, `selected`, `params`, `is_cache`, `is_show`, `is_disable`, `create_time`, `update_time`) VALUES (165, 0, 163, 'A', '配置', '', 0, 'setting.pay.pay_config/setConfig', '', '', '', '', 0, 1, 0, 1677219655, 1677219655);
INSERT INTO `t_tenant_system_menu` (`id`, `tenant_id`, `pid`, `type`, `name`, `icon`, `sort`, `perms`, `paths`, `component`, `selected`, `params`, `is_cache`, `is_show`, `is_disable`, `create_time`, `update_time`) VALUES (166, 0, 0, 'M', '财务管理', 'local-icon-user_gaikuang', 700, '', 'finance', '', '', '', 0, 1, 0, 1677552269, 1710472085);
INSERT INTO `t_tenant_system_menu` (`id`, `tenant_id`, `pid`, `type`, `name`, `icon`, `sort`, `perms`, `paths`, `component`, `selected`, `params`, `is_cache`, `is_show`, `is_disable`, `create_time`, `update_time`) VALUES (167, 0, 166, 'C', '充值记录', 'el-icon-Wallet', 90, 'recharge.recharge/lists', 'recharge_record', 'finance/recharge_record', '', '', 0, 1, 0, 1677552757, 1710472902);
INSERT INTO `t_tenant_system_menu` (`id`, `tenant_id`, `pid`, `type`, `name`, `icon`, `sort`, `perms`, `paths`, `component`, `selected`, `params`, `is_cache`, `is_show`, `is_disable`, `create_time`, `update_time`) VALUES (168, 0, 166, 'C', '余额明细', 'local-icon-qianbao', 100, 'finance.account_log/lists', 'balance_details', 'finance/balance_details', '', '', 0, 1, 0, 1677552976, 1710472894);
INSERT INTO `t_tenant_system_menu` (`id`, `tenant_id`, `pid`, `type`, `name`, `icon`, `sort`, `perms`, `paths`, `component`, `selected`, `params`, `is_cache`, `is_show`, `is_disable`, `create_time`, `update_time`) VALUES (169, 0, 167, 'A', '退款', '', 0, 'recharge.recharge/refund', '', '', '', '', 0, 1, 0, 1677809715, 1677809715);
INSERT INTO `t_tenant_system_menu` (`id`, `tenant_id`, `pid`, `type`, `name`, `icon`, `sort`, `perms`, `paths`, `component`, `selected`, `params`, `is_cache`, `is_show`, `is_disable`, `create_time`, `update_time`) VALUES (170, 0, 166, 'C', '退款记录', 'local-icon-heshoujilu', 0, 'finance.refund/record', 'refund_record', 'finance/refund_record', '', '', 0, 1, 0, 1677811271, 1677811271);
INSERT INTO `t_tenant_system_menu` (`id`, `tenant_id`, `pid`, `type`, `name`, `icon`, `sort`, `perms`, `paths`, `component`, `selected`, `params`, `is_cache`, `is_show`, `is_disable`, `create_time`, `update_time`) VALUES (171, 0, 170, 'A', '重新退款', '', 0, 'recharge.recharge/refundAgain', '', '', '', '', 0, 1, 0, 1677811295, 1677811295);
INSERT INTO `t_tenant_system_menu` (`id`, `tenant_id`, `pid`, `type`, `name`, `icon`, `sort`, `perms`, `paths`, `component`, `selected`, `params`, `is_cache`, `is_show`, `is_disable`, `create_time`, `update_time`) VALUES (172, 0, 170, 'A', '退款日志', '', 0, 'finance.refund/log', '', '', '', '', 0, 1, 0, 1677811361, 1677811361);
INSERT INTO `t_tenant_system_menu` (`id`, `tenant_id`, `pid`, `type`, `name`, `icon`, `sort`, `perms`, `paths`, `component`, `selected`, `params`, `is_cache`, `is_show`, `is_disable`, `create_time`, `update_time`) VALUES (173, 0, 175, 'C', '系统风格', 'el-icon-Brush', 80, '', 'style', 'decoration/style/style', '', '', 0, 1, 0, 1681635044, 1710929278);
INSERT INTO `t_tenant_system_menu` (`id`, `tenant_id`, `pid`, `type`, `name`, `icon`, `sort`, `perms`, `paths`, `component`, `selected`, `params`, `is_cache`, `is_show`, `is_disable`, `create_time`, `update_time`) VALUES (175, 0, 96, 'M', '移动端', '', 100, '', 'mobile', '', '', '', 0, 1, 0, 1710901543, 1710929294);
INSERT INTO `t_tenant_system_menu` (`id`, `tenant_id`, `pid`, `type`, `name`, `icon`, `sort`, `perms`, `paths`, `component`, `selected`, `params`, `is_cache`, `is_show`, `is_disable`, `create_time`, `update_time`) VALUES (176, 0, 96, 'M', 'PC端', '', 90, '', 'pc', '', '', '', 0, 1, 0, 1710901592, 1710929299);
INSERT INTO `t_tenant_system_menu` (`id`, `tenant_id`, `pid`, `type`, `name`, `icon`, `sort`, `perms`, `paths`, `component`, `selected`, `params`, `is_cache`, `is_show`, `is_disable`, `create_time`, `update_time`) VALUES (177, 0, 29, 'C', '站点统计', '', 0, 'setting.web.web_setting/getSiteStatistics', 'statistics', 'setting/website/statistics', '', '', 0, 1, 0, 1726841481, 1726843434);
INSERT INTO `t_tenant_system_menu` (`id`, `tenant_id`, `pid`, `type`, `name`, `icon`, `sort`, `perms`, `paths`, `component`, `selected`, `params`, `is_cache`, `is_show`, `is_disable`, `create_time`, `update_time`) VALUES (178, 0, 177, 'A', '保存', '', 0, 'setting.web.web_setting/saveSiteStatistics', '', '', '', '', 1, 1, 0, 1726841507, 1726841507);
INSERT INTO `t_tenant_system_menu` (`id`, `tenant_id`, `pid`, `type`, `name`, `icon`, `sort`, `perms`, `paths`, `component`, `selected`, `params`, `is_cache`, `is_show`, `is_disable`, `create_time`, `update_time`) VALUES (179, 1, 182, 'M', '权限管理', 'el-icon-Lock', 300, '', 'permission', '', '', '', 0, 1, 0, 1743419673, 1743452180);
INSERT INTO `t_tenant_system_menu` (`id`, `tenant_id`, `pid`, `type`, `name`, `icon`, `sort`, `perms`, `paths`, `component`, `selected`, `params`, `is_cache`, `is_show`, `is_disable`, `create_time`, `update_time`) VALUES (180, 1, 0, 'C', '工作台', 'el-icon-Monitor', 1000, 'workbench/index', 'workbench', 'workbench/index', '', '', 0, 1, 0, 1743419673, 1743419673);
INSERT INTO `t_tenant_system_menu` (`id`, `tenant_id`, `pid`, `type`, `name`, `icon`, `sort`, `perms`, `paths`, `component`, `selected`, `params`, `is_cache`, `is_show`, `is_disable`, `create_time`, `update_time`) VALUES (181, 1, 0, 'M', '组织管理', 'el-icon-OfficeBuilding', 400, '', 'organization', '', '', '', 0, 1, 0, 1743419673, 1743419674);
INSERT INTO `t_tenant_system_menu` (`id`, `tenant_id`, `pid`, `type`, `name`, `icon`, `sort`, `perms`, `paths`, `component`, `selected`, `params`, `is_cache`, `is_show`, `is_disable`, `create_time`, `update_time`) VALUES (182, 1, 0, 'M', '系统设置', 'el-icon-Setting', 200, '', 'setting', '', '', '', 0, 1, 0, 1743419673, 1743419674);
INSERT INTO `t_tenant_system_menu` (`id`, `tenant_id`, `pid`, `type`, `name`, `icon`, `sort`, `perms`, `paths`, `component`, `selected`, `params`, `is_cache`, `is_show`, `is_disable`, `create_time`, `update_time`) VALUES (183, 1, 182, 'M', '渠道设置', 'el-icon-Message', 500, '', 'channel', '', '', '', 0, 1, 0, 1743419673, 1746081780);
INSERT INTO `t_tenant_system_menu` (`id`, `tenant_id`, `pid`, `type`, `name`, `icon`, `sort`, `perms`, `paths`, `component`, `selected`, `params`, `is_cache`, `is_show`, `is_disable`, `create_time`, `update_time`) VALUES (184, 1, 183, 'M', '装修管理', 'el-icon-Brush', 600, '', 'decoration', '', '', '', 0, 0, 1, 1743419673, 1746081315);
INSERT INTO `t_tenant_system_menu` (`id`, `tenant_id`, `pid`, `type`, `name`, `icon`, `sort`, `perms`, `paths`, `component`, `selected`, `params`, `is_cache`, `is_show`, `is_disable`, `create_time`, `update_time`) VALUES (185, 1, 0, 'M', '用户管理', 'el-icon-User', 900, '', 'consumer', '', '', '', 0, 1, 0, 1743419673, 1743419674);
INSERT INTO `t_tenant_system_menu` (`id`, `tenant_id`, `pid`, `type`, `name`, `icon`, `sort`, `perms`, `paths`, `component`, `selected`, `params`, `is_cache`, `is_show`, `is_disable`, `create_time`, `update_time`) VALUES (187, 1, 0, 'M', '内容管理', 'el-icon-Postcard', 800, '', 'app', '', '', '', 0, 1, 0, 1743419673, 1743452078);
INSERT INTO `t_tenant_system_menu` (`id`, `tenant_id`, `pid`, `type`, `name`, `icon`, `sort`, `perms`, `paths`, `component`, `selected`, `params`, `is_cache`, `is_show`, `is_disable`, `create_time`, `update_time`) VALUES (188, 1, 0, 'M', '财务管理', 'local-icon-user_gaikuang', 700, '', 'finance', '', '', '', 0, 1, 0, 1743419673, 1743419674);
INSERT INTO `t_tenant_system_menu` (`id`, `tenant_id`, `pid`, `type`, `name`, `icon`, `sort`, `perms`, `paths`, `component`, `selected`, `params`, `is_cache`, `is_show`, `is_disable`, `create_time`, `update_time`) VALUES (189, 1, 179, 'C', '菜单', 'el-icon-Operation', 100, 'auth.menu/lists', 'menu', 'permission/menu/index', '', '', 1, 1, 0, 1743419673, 1743419674);
INSERT INTO `t_tenant_system_menu` (`id`, `tenant_id`, `pid`, `type`, `name`, `icon`, `sort`, `perms`, `paths`, `component`, `selected`, `params`, `is_cache`, `is_show`, `is_disable`, `create_time`, `update_time`) VALUES (190, 1, 179, 'C', '管理员', 'local-icon-shouyiren', 80, 'auth.admin/lists', 'admin', 'permission/admin/index', '', '', 0, 1, 0, 1743419673, 1743419674);
INSERT INTO `t_tenant_system_menu` (`id`, `tenant_id`, `pid`, `type`, `name`, `icon`, `sort`, `perms`, `paths`, `component`, `selected`, `params`, `is_cache`, `is_show`, `is_disable`, `create_time`, `update_time`) VALUES (191, 1, 179, 'C', '角色', 'el-icon-Female', 90, 'auth.role/lists', 'role', 'permission/role/index', '', '', 0, 1, 0, 1743419673, 1743419674);
INSERT INTO `t_tenant_system_menu` (`id`, `tenant_id`, `pid`, `type`, `name`, `icon`, `sort`, `perms`, `paths`, `component`, `selected`, `params`, `is_cache`, `is_show`, `is_disable`, `create_time`, `update_time`) VALUES (192, 1, 189, 'A', '新增', '', 1, 'auth.menu/add', '', '', '', '', 0, 1, 0, 1743419673, 1743419674);
INSERT INTO `t_tenant_system_menu` (`id`, `tenant_id`, `pid`, `type`, `name`, `icon`, `sort`, `perms`, `paths`, `component`, `selected`, `params`, `is_cache`, `is_show`, `is_disable`, `create_time`, `update_time`) VALUES (193, 1, 189, 'A', '编辑', '', 1, 'auth.menu/edit', '', '', '', '', 0, 1, 0, 1743419673, 1743419674);
INSERT INTO `t_tenant_system_menu` (`id`, `tenant_id`, `pid`, `type`, `name`, `icon`, `sort`, `perms`, `paths`, `component`, `selected`, `params`, `is_cache`, `is_show`, `is_disable`, `create_time`, `update_time`) VALUES (194, 1, 189, 'A', '删除', '', 1, 'auth.menu/delete', '', '', '', '', 0, 1, 0, 1743419673, 1743419674);
INSERT INTO `t_tenant_system_menu` (`id`, `tenant_id`, `pid`, `type`, `name`, `icon`, `sort`, `perms`, `paths`, `component`, `selected`, `params`, `is_cache`, `is_show`, `is_disable`, `create_time`, `update_time`) VALUES (195, 1, 189, 'A', '详情', '', 0, 'auth.menu/detail', '', '', '', '', 0, 1, 0, 1743419673, 1743419674);
INSERT INTO `t_tenant_system_menu` (`id`, `tenant_id`, `pid`, `type`, `name`, `icon`, `sort`, `perms`, `paths`, `component`, `selected`, `params`, `is_cache`, `is_show`, `is_disable`, `create_time`, `update_time`) VALUES (196, 1, 190, 'A', '新增', '', 1, 'auth.admin/add', '', '', '', '', 0, 1, 0, 1743419673, 1743419674);
INSERT INTO `t_tenant_system_menu` (`id`, `tenant_id`, `pid`, `type`, `name`, `icon`, `sort`, `perms`, `paths`, `component`, `selected`, `params`, `is_cache`, `is_show`, `is_disable`, `create_time`, `update_time`) VALUES (197, 1, 190, 'A', '编辑', '', 1, 'auth.admin/edit', '', '', '', '', 0, 1, 0, 1743419673, 1743419674);
INSERT INTO `t_tenant_system_menu` (`id`, `tenant_id`, `pid`, `type`, `name`, `icon`, `sort`, `perms`, `paths`, `component`, `selected`, `params`, `is_cache`, `is_show`, `is_disable`, `create_time`, `update_time`) VALUES (198, 1, 190, 'A', '删除', '', 1, 'auth.admin/delete', '', '', '', '', 0, 1, 0, 1743419673, 1743419674);
INSERT INTO `t_tenant_system_menu` (`id`, `tenant_id`, `pid`, `type`, `name`, `icon`, `sort`, `perms`, `paths`, `component`, `selected`, `params`, `is_cache`, `is_show`, `is_disable`, `create_time`, `update_time`) VALUES (199, 1, 190, 'A', '详情', '', 0, 'auth.admin/detail', '', '', '', '', 0, 1, 0, 1743419673, 1743419674);
INSERT INTO `t_tenant_system_menu` (`id`, `tenant_id`, `pid`, `type`, `name`, `icon`, `sort`, `perms`, `paths`, `component`, `selected`, `params`, `is_cache`, `is_show`, `is_disable`, `create_time`, `update_time`) VALUES (200, 1, 191, 'A', '新增', '', 1, 'auth.role/add', '', '', '', '', 0, 1, 0, 1743419673, 1743419674);
INSERT INTO `t_tenant_system_menu` (`id`, `tenant_id`, `pid`, `type`, `name`, `icon`, `sort`, `perms`, `paths`, `component`, `selected`, `params`, `is_cache`, `is_show`, `is_disable`, `create_time`, `update_time`) VALUES (201, 1, 191, 'A', '编辑', '', 1, 'auth.role/edit', '', '', '', '', 0, 1, 0, 1743419673, 1743419674);
INSERT INTO `t_tenant_system_menu` (`id`, `tenant_id`, `pid`, `type`, `name`, `icon`, `sort`, `perms`, `paths`, `component`, `selected`, `params`, `is_cache`, `is_show`, `is_disable`, `create_time`, `update_time`) VALUES (202, 1, 191, 'A', '删除', '', 1, 'auth.role/delete', '', '', '', '', 0, 1, 0, 1743419673, 1743419674);
INSERT INTO `t_tenant_system_menu` (`id`, `tenant_id`, `pid`, `type`, `name`, `icon`, `sort`, `perms`, `paths`, `component`, `selected`, `params`, `is_cache`, `is_show`, `is_disable`, `create_time`, `update_time`) VALUES (203, 1, 181, 'C', '部门管理', 'el-icon-Coordinate', 100, 'dept.dept/lists', 'department', 'organization/department/index', '', '', 1, 1, 0, 1743419673, 1743419674);
INSERT INTO `t_tenant_system_menu` (`id`, `tenant_id`, `pid`, `type`, `name`, `icon`, `sort`, `perms`, `paths`, `component`, `selected`, `params`, `is_cache`, `is_show`, `is_disable`, `create_time`, `update_time`) VALUES (204, 1, 181, 'C', '岗位管理', 'el-icon-PriceTag', 90, 'dept.jobs/lists', 'post', 'organization/post/index', '', '', 0, 1, 0, 1743419673, 1743419674);
INSERT INTO `t_tenant_system_menu` (`id`, `tenant_id`, `pid`, `type`, `name`, `icon`, `sort`, `perms`, `paths`, `component`, `selected`, `params`, `is_cache`, `is_show`, `is_disable`, `create_time`, `update_time`) VALUES (205, 1, 203, 'A', '新增', '', 1, 'dept.dept/add', '', '', '', '', 0, 1, 0, 1743419673, 1743419674);
INSERT INTO `t_tenant_system_menu` (`id`, `tenant_id`, `pid`, `type`, `name`, `icon`, `sort`, `perms`, `paths`, `component`, `selected`, `params`, `is_cache`, `is_show`, `is_disable`, `create_time`, `update_time`) VALUES (206, 1, 203, 'A', '编辑', '', 1, 'dept.dept/edit', '', '', '', '', 0, 1, 0, 1743419673, 1743419674);
INSERT INTO `t_tenant_system_menu` (`id`, `tenant_id`, `pid`, `type`, `name`, `icon`, `sort`, `perms`, `paths`, `component`, `selected`, `params`, `is_cache`, `is_show`, `is_disable`, `create_time`, `update_time`) VALUES (207, 1, 203, 'A', '删除', '', 1, 'dept.dept/delete', '', '', '', '', 0, 1, 0, 1743419673, 1743419674);
INSERT INTO `t_tenant_system_menu` (`id`, `tenant_id`, `pid`, `type`, `name`, `icon`, `sort`, `perms`, `paths`, `component`, `selected`, `params`, `is_cache`, `is_show`, `is_disable`, `create_time`, `update_time`) VALUES (208, 1, 203, 'A', '详情', '', 0, 'dept.dept/detail', '', '', '', '', 0, 1, 0, 1743419673, 1743419674);
INSERT INTO `t_tenant_system_menu` (`id`, `tenant_id`, `pid`, `type`, `name`, `icon`, `sort`, `perms`, `paths`, `component`, `selected`, `params`, `is_cache`, `is_show`, `is_disable`, `create_time`, `update_time`) VALUES (209, 1, 204, 'A', '新增', '', 1, 'dept.jobs/add', '', '', '', '', 0, 1, 0, 1743419673, 1743419674);
INSERT INTO `t_tenant_system_menu` (`id`, `tenant_id`, `pid`, `type`, `name`, `icon`, `sort`, `perms`, `paths`, `component`, `selected`, `params`, `is_cache`, `is_show`, `is_disable`, `create_time`, `update_time`) VALUES (210, 1, 204, 'A', '编辑', '', 1, 'dept.jobs/edit', '', '', '', '', 0, 1, 0, 1743419673, 1743419674);
INSERT INTO `t_tenant_system_menu` (`id`, `tenant_id`, `pid`, `type`, `name`, `icon`, `sort`, `perms`, `paths`, `component`, `selected`, `params`, `is_cache`, `is_show`, `is_disable`, `create_time`, `update_time`) VALUES (211, 1, 204, 'A', '删除', '', 1, 'dept.jobs/delete', '', '', '', '', 0, 1, 0, 1743419673, 1743419674);
INSERT INTO `t_tenant_system_menu` (`id`, `tenant_id`, `pid`, `type`, `name`, `icon`, `sort`, `perms`, `paths`, `component`, `selected`, `params`, `is_cache`, `is_show`, `is_disable`, `create_time`, `update_time`) VALUES (212, 1, 204, 'A', '详情', '', 0, 'dept.jobs/detail', '', '', '', '', 0, 1, 0, 1743419673, 1743419674);
INSERT INTO `t_tenant_system_menu` (`id`, `tenant_id`, `pid`, `type`, `name`, `icon`, `sort`, `perms`, `paths`, `component`, `selected`, `params`, `is_cache`, `is_show`, `is_disable`, `create_time`, `update_time`) VALUES (213, 1, 182, 'M', '网站设置', 'el-icon-Basketball', 100, '', 'website', '', '', '', 0, 1, 0, 1743419673, 1743419674);
INSERT INTO `t_tenant_system_menu` (`id`, `tenant_id`, `pid`, `type`, `name`, `icon`, `sort`, `perms`, `paths`, `component`, `selected`, `params`, `is_cache`, `is_show`, `is_disable`, `create_time`, `update_time`) VALUES (214, 1, 182, 'M', '系统维护', 'el-icon-SetUp', 50, '', 'system', '', '', '', 0, 1, 0, 1743419673, 1743419674);
INSERT INTO `t_tenant_system_menu` (`id`, `tenant_id`, `pid`, `type`, `name`, `icon`, `sort`, `perms`, `paths`, `component`, `selected`, `params`, `is_cache`, `is_show`, `is_disable`, `create_time`, `update_time`) VALUES (215, 1, 187, 'C', '热门搜索', 'el-icon-Search', 60, 'setting.hot_search/getConfig', 'search', 'setting/search/index', '', '', 0, 1, 0, 1743419673, 1743452058);
INSERT INTO `t_tenant_system_menu` (`id`, `tenant_id`, `pid`, `type`, `name`, `icon`, `sort`, `perms`, `paths`, `component`, `selected`, `params`, `is_cache`, `is_show`, `is_disable`, `create_time`, `update_time`) VALUES (216, 1, 182, 'M', '用户设置', 'local-icon-keziyuyue', 90, '', 'user', '', '', '', 0, 1, 0, 1743419673, 1743419674);
INSERT INTO `t_tenant_system_menu` (`id`, `tenant_id`, `pid`, `type`, `name`, `icon`, `sort`, `perms`, `paths`, `component`, `selected`, `params`, `is_cache`, `is_show`, `is_disable`, `create_time`, `update_time`) VALUES (217, 1, 183, 'M', '支付设置', 'local-icon-set_pay', 80, '', 'pay', '', '', '', 0, 1, 0, 1743419673, 1743451924);
INSERT INTO `t_tenant_system_menu` (`id`, `tenant_id`, `pid`, `type`, `name`, `icon`, `sort`, `perms`, `paths`, `component`, `selected`, `params`, `is_cache`, `is_show`, `is_disable`, `create_time`, `update_time`) VALUES (218, 1, 213, 'C', '网站信息', '', 1, 'setting.web.web_setting/getWebsite', 'information', 'setting/website/information', '', '', 0, 1, 0, 1743419673, 1743419674);
INSERT INTO `t_tenant_system_menu` (`id`, `tenant_id`, `pid`, `type`, `name`, `icon`, `sort`, `perms`, `paths`, `component`, `selected`, `params`, `is_cache`, `is_show`, `is_disable`, `create_time`, `update_time`) VALUES (219, 1, 213, 'C', '网站备案', '', 1, 'setting.web.web_setting/getCopyright', 'filing', 'setting/website/filing', '', '', 0, 1, 0, 1743419673, 1743419674);
INSERT INTO `t_tenant_system_menu` (`id`, `tenant_id`, `pid`, `type`, `name`, `icon`, `sort`, `perms`, `paths`, `component`, `selected`, `params`, `is_cache`, `is_show`, `is_disable`, `create_time`, `update_time`) VALUES (220, 1, 213, 'C', '政策协议', '', 1, 'setting.web.web_setting/getAgreement', 'protocol', 'setting/website/protocol', '', '', 0, 1, 0, 1743419673, 1743419674);
INSERT INTO `t_tenant_system_menu` (`id`, `tenant_id`, `pid`, `type`, `name`, `icon`, `sort`, `perms`, `paths`, `component`, `selected`, `params`, `is_cache`, `is_show`, `is_disable`, `create_time`, `update_time`) VALUES (221, 1, 213, 'C', '站点统计', '', 0, 'setting.web.web_setting/getSiteStatistics', 'statistics', 'setting/website/statistics', '', '', 0, 1, 0, 1743419673, 1743419674);
INSERT INTO `t_tenant_system_menu` (`id`, `tenant_id`, `pid`, `type`, `name`, `icon`, `sort`, `perms`, `paths`, `component`, `selected`, `params`, `is_cache`, `is_show`, `is_disable`, `create_time`, `update_time`) VALUES (222, 1, 218, 'A', '保存', '', 1, 'setting.web.web_setting/setWebsite', '', '', '', '', 0, 1, 0, 1743419673, 1743419674);
INSERT INTO `t_tenant_system_menu` (`id`, `tenant_id`, `pid`, `type`, `name`, `icon`, `sort`, `perms`, `paths`, `component`, `selected`, `params`, `is_cache`, `is_show`, `is_disable`, `create_time`, `update_time`) VALUES (223, 1, 219, 'A', '保存', '', 1, 'setting.web.web_setting/setCopyright', '', '', '', '', 0, 1, 0, 1743419673, 1743419674);
INSERT INTO `t_tenant_system_menu` (`id`, `tenant_id`, `pid`, `type`, `name`, `icon`, `sort`, `perms`, `paths`, `component`, `selected`, `params`, `is_cache`, `is_show`, `is_disable`, `create_time`, `update_time`) VALUES (224, 1, 220, 'A', '保存', '', 1, 'setting.web.web_setting/setAgreement', '', '', '', '', 0, 1, 0, 1743419673, 1743419674);
INSERT INTO `t_tenant_system_menu` (`id`, `tenant_id`, `pid`, `type`, `name`, `icon`, `sort`, `perms`, `paths`, `component`, `selected`, `params`, `is_cache`, `is_show`, `is_disable`, `create_time`, `update_time`) VALUES (225, 1, 214, 'C', '系统缓存', '', 80, '', 'cache', 'setting/system/cache', '', '', 0, 1, 0, 1743419673, 1743419674);
INSERT INTO `t_tenant_system_menu` (`id`, `tenant_id`, `pid`, `type`, `name`, `icon`, `sort`, `perms`, `paths`, `component`, `selected`, `params`, `is_cache`, `is_show`, `is_disable`, `create_time`, `update_time`) VALUES (226, 1, 225, 'A', '清除系统缓存', '', 1, 'setting.system.cache/clear', '', '', '', '', 0, 1, 0, 1743419673, 1743419674);
INSERT INTO `t_tenant_system_menu` (`id`, `tenant_id`, `pid`, `type`, `name`, `icon`, `sort`, `perms`, `paths`, `component`, `selected`, `params`, `is_cache`, `is_show`, `is_disable`, `create_time`, `update_time`) VALUES (227, 1, 281, 'C', '素材中心', 'el-icon-PictureRounded', 0, '', 'index', 'material/index', '', '', 0, 1, 0, 1743419673, 1743419674);
INSERT INTO `t_tenant_system_menu` (`id`, `tenant_id`, `pid`, `type`, `name`, `icon`, `sort`, `perms`, `paths`, `component`, `selected`, `params`, `is_cache`, `is_show`, `is_disable`, `create_time`, `update_time`) VALUES (228, 1, 282, 'C', '文章管理', 'el-icon-ChatDotSquare', 0, 'article.article/lists', 'lists', 'article/lists/index', '', '', 0, 1, 0, 1743419673, 1743419674);
INSERT INTO `t_tenant_system_menu` (`id`, `tenant_id`, `pid`, `type`, `name`, `icon`, `sort`, `perms`, `paths`, `component`, `selected`, `params`, `is_cache`, `is_show`, `is_disable`, `create_time`, `update_time`) VALUES (229, 1, 282, 'C', '文章添加/编辑', '', 0, 'article.article/add:edit', 'lists/edit', 'article/lists/edit', '/article/lists', '', 0, 0, 0, 1743419673, 1743419674);
INSERT INTO `t_tenant_system_menu` (`id`, `tenant_id`, `pid`, `type`, `name`, `icon`, `sort`, `perms`, `paths`, `component`, `selected`, `params`, `is_cache`, `is_show`, `is_disable`, `create_time`, `update_time`) VALUES (230, 1, 282, 'C', '文章栏目', 'el-icon-CollectionTag', 0, 'article.articleCate/lists', 'column', 'article/column/index', '', '', 1, 1, 0, 1743419673, 1743419674);
INSERT INTO `t_tenant_system_menu` (`id`, `tenant_id`, `pid`, `type`, `name`, `icon`, `sort`, `perms`, `paths`, `component`, `selected`, `params`, `is_cache`, `is_show`, `is_disable`, `create_time`, `update_time`) VALUES (231, 1, 228, 'A', '新增', '', 0, 'article.article/add', '', '', '', '', 0, 1, 0, 1743419673, 1743419674);
INSERT INTO `t_tenant_system_menu` (`id`, `tenant_id`, `pid`, `type`, `name`, `icon`, `sort`, `perms`, `paths`, `component`, `selected`, `params`, `is_cache`, `is_show`, `is_disable`, `create_time`, `update_time`) VALUES (232, 1, 228, 'A', '详情', '', 0, 'article.article/detail', '', '', '', '', 0, 1, 0, 1743419673, 1743419674);
INSERT INTO `t_tenant_system_menu` (`id`, `tenant_id`, `pid`, `type`, `name`, `icon`, `sort`, `perms`, `paths`, `component`, `selected`, `params`, `is_cache`, `is_show`, `is_disable`, `create_time`, `update_time`) VALUES (233, 1, 228, 'A', '删除', '', 0, 'article.article/delete', '', '', '', '', 0, 1, 0, 1743419673, 1743419674);
INSERT INTO `t_tenant_system_menu` (`id`, `tenant_id`, `pid`, `type`, `name`, `icon`, `sort`, `perms`, `paths`, `component`, `selected`, `params`, `is_cache`, `is_show`, `is_disable`, `create_time`, `update_time`) VALUES (234, 1, 228, 'A', '修改状态', '', 0, 'article.article/updateStatus', '', '', '', '', 0, 1, 0, 1743419673, 1743419674);
INSERT INTO `t_tenant_system_menu` (`id`, `tenant_id`, `pid`, `type`, `name`, `icon`, `sort`, `perms`, `paths`, `component`, `selected`, `params`, `is_cache`, `is_show`, `is_disable`, `create_time`, `update_time`) VALUES (235, 1, 228, 'A', '编辑', '', 0, 'article.article/edit', '', '', '', '', 0, 1, 0, 1743419673, 1743419674);
INSERT INTO `t_tenant_system_menu` (`id`, `tenant_id`, `pid`, `type`, `name`, `icon`, `sort`, `perms`, `paths`, `component`, `selected`, `params`, `is_cache`, `is_show`, `is_disable`, `create_time`, `update_time`) VALUES (236, 1, 230, 'A', '添加', '', 0, 'article.articleCate/add', '', '', '', '', 0, 1, 0, 1743419673, 1743419674);
INSERT INTO `t_tenant_system_menu` (`id`, `tenant_id`, `pid`, `type`, `name`, `icon`, `sort`, `perms`, `paths`, `component`, `selected`, `params`, `is_cache`, `is_show`, `is_disable`, `create_time`, `update_time`) VALUES (237, 1, 230, 'A', '删除', '', 0, 'article.articleCate/delete', '', '', '', '', 0, 1, 0, 1743419673, 1743419674);
INSERT INTO `t_tenant_system_menu` (`id`, `tenant_id`, `pid`, `type`, `name`, `icon`, `sort`, `perms`, `paths`, `component`, `selected`, `params`, `is_cache`, `is_show`, `is_disable`, `create_time`, `update_time`) VALUES (238, 1, 230, 'A', '详情', '', 0, 'article.articleCate/detail', '', '', '', '', 0, 1, 0, 1743419673, 1743419674);
INSERT INTO `t_tenant_system_menu` (`id`, `tenant_id`, `pid`, `type`, `name`, `icon`, `sort`, `perms`, `paths`, `component`, `selected`, `params`, `is_cache`, `is_show`, `is_disable`, `create_time`, `update_time`) VALUES (239, 1, 230, 'A', '修改状态', '', 0, 'article.articleCate/updateStatus', '', '', '', '', 0, 1, 0, 1743419673, 1743419674);
INSERT INTO `t_tenant_system_menu` (`id`, `tenant_id`, `pid`, `type`, `name`, `icon`, `sort`, `perms`, `paths`, `component`, `selected`, `params`, `is_cache`, `is_show`, `is_disable`, `create_time`, `update_time`) VALUES (240, 1, 183, 'C', 'h5设置', 'el-icon-Cellphone', 100, 'channel.web_page_setting/getConfig', 'h5', 'channel/h5', '', '', 0, 0, 1, 1743419673, 1746081333);
INSERT INTO `t_tenant_system_menu` (`id`, `tenant_id`, `pid`, `type`, `name`, `icon`, `sort`, `perms`, `paths`, `component`, `selected`, `params`, `is_cache`, `is_show`, `is_disable`, `create_time`, `update_time`) VALUES (241, 1, 183, 'M', '微信公众号', 'local-icon-dingdan', 80, '', 'wx_oa', '', '', '', 0, 0, 1, 1743419673, 1746081355);
INSERT INTO `t_tenant_system_menu` (`id`, `tenant_id`, `pid`, `type`, `name`, `icon`, `sort`, `perms`, `paths`, `component`, `selected`, `params`, `is_cache`, `is_show`, `is_disable`, `create_time`, `update_time`) VALUES (242, 1, 183, 'C', '微信小程序', 'local-icon-weixin', 90, 'channel.mnp_settings/getConfig', 'weapp', 'channel/weapp', '', '', 0, 1, 0, 1743419673, 1743419674);
INSERT INTO `t_tenant_system_menu` (`id`, `tenant_id`, `pid`, `type`, `name`, `icon`, `sort`, `perms`, `paths`, `component`, `selected`, `params`, `is_cache`, `is_show`, `is_disable`, `create_time`, `update_time`) VALUES (243, 1, 183, 'C', '微信开放平台', 'local-icon-notice_buyer', 70, 'channel.open_setting/getConfig', 'open_setting', 'channel/open_setting', '', '', 0, 0, 1, 1743419673, 1746081344);
INSERT INTO `t_tenant_system_menu` (`id`, `tenant_id`, `pid`, `type`, `name`, `icon`, `sort`, `perms`, `paths`, `component`, `selected`, `params`, `is_cache`, `is_show`, `is_disable`, `create_time`, `update_time`) VALUES (244, 1, 240, 'A', '保存', '', 0, 'channel.web_page_setting/setConfig', '', '', '', '', 0, 1, 0, 1743419673, 1743419674);
INSERT INTO `t_tenant_system_menu` (`id`, `tenant_id`, `pid`, `type`, `name`, `icon`, `sort`, `perms`, `paths`, `component`, `selected`, `params`, `is_cache`, `is_show`, `is_disable`, `create_time`, `update_time`) VALUES (245, 1, 241, 'C', '公众号配置', '', 0, 'channel.official_account_setting/getConfig', 'config', 'channel/wx_oa/config', '', '', 0, 1, 0, 1743419673, 1743419674);
INSERT INTO `t_tenant_system_menu` (`id`, `tenant_id`, `pid`, `type`, `name`, `icon`, `sort`, `perms`, `paths`, `component`, `selected`, `params`, `is_cache`, `is_show`, `is_disable`, `create_time`, `update_time`) VALUES (246, 1, 241, 'C', '菜单管理', '', 0, 'channel.official_account_menu/detail', 'menu', 'channel/wx_oa/menu', '', '', 0, 1, 0, 1743419673, 1743419674);
INSERT INTO `t_tenant_system_menu` (`id`, `tenant_id`, `pid`, `type`, `name`, `icon`, `sort`, `perms`, `paths`, `component`, `selected`, `params`, `is_cache`, `is_show`, `is_disable`, `create_time`, `update_time`) VALUES (247, 1, 241, 'C', '关注回复', '', 0, 'channel.official_account_reply/lists', 'follow', 'channel/wx_oa/reply/follow_reply', '', '', 0, 1, 0, 1743419673, 1743419674);
INSERT INTO `t_tenant_system_menu` (`id`, `tenant_id`, `pid`, `type`, `name`, `icon`, `sort`, `perms`, `paths`, `component`, `selected`, `params`, `is_cache`, `is_show`, `is_disable`, `create_time`, `update_time`) VALUES (248, 1, 241, 'C', '关键字回复', '', 0, '', 'keyword', 'channel/wx_oa/reply/keyword_reply', '', '', 0, 1, 0, 1743419673, 1743419674);
INSERT INTO `t_tenant_system_menu` (`id`, `tenant_id`, `pid`, `type`, `name`, `icon`, `sort`, `perms`, `paths`, `component`, `selected`, `params`, `is_cache`, `is_show`, `is_disable`, `create_time`, `update_time`) VALUES (249, 1, 241, 'C', '默认回复', '', 0, '', 'default', 'channel/wx_oa/reply/default_reply', '', '', 0, 1, 0, 1743419673, 1743419674);
INSERT INTO `t_tenant_system_menu` (`id`, `tenant_id`, `pid`, `type`, `name`, `icon`, `sort`, `perms`, `paths`, `component`, `selected`, `params`, `is_cache`, `is_show`, `is_disable`, `create_time`, `update_time`) VALUES (250, 1, 245, 'A', '保存', '', 0, 'channel.official_account_setting/setConfig', '', '', '', '', 0, 1, 0, 1743419673, 1743419674);
INSERT INTO `t_tenant_system_menu` (`id`, `tenant_id`, `pid`, `type`, `name`, `icon`, `sort`, `perms`, `paths`, `component`, `selected`, `params`, `is_cache`, `is_show`, `is_disable`, `create_time`, `update_time`) VALUES (251, 1, 245, 'A', '保存并发布', '', 0, 'channel.official_account_menu/save', '', '', '', '', 0, 1, 0, 1743419673, 1743419674);
INSERT INTO `t_tenant_system_menu` (`id`, `tenant_id`, `pid`, `type`, `name`, `icon`, `sort`, `perms`, `paths`, `component`, `selected`, `params`, `is_cache`, `is_show`, `is_disable`, `create_time`, `update_time`) VALUES (252, 1, 242, 'A', '保存', '', 0, 'channel.mnp_settings/setConfig', '', '', '', '', 0, 1, 0, 1743419673, 1743419674);
INSERT INTO `t_tenant_system_menu` (`id`, `tenant_id`, `pid`, `type`, `name`, `icon`, `sort`, `perms`, `paths`, `component`, `selected`, `params`, `is_cache`, `is_show`, `is_disable`, `create_time`, `update_time`) VALUES (253, 1, 184, 'M', '移动端', '', 100, '', 'mobile', '', '', '', 0, 1, 0, 1743419673, 1743419674);
INSERT INTO `t_tenant_system_menu` (`id`, `tenant_id`, `pid`, `type`, `name`, `icon`, `sort`, `perms`, `paths`, `component`, `selected`, `params`, `is_cache`, `is_show`, `is_disable`, `create_time`, `update_time`) VALUES (254, 1, 184, 'M', 'PC端', '', 90, '', 'pc', '', '', '', 0, 1, 0, 1743419673, 1743419674);
INSERT INTO `t_tenant_system_menu` (`id`, `tenant_id`, `pid`, `type`, `name`, `icon`, `sort`, `perms`, `paths`, `component`, `selected`, `params`, `is_cache`, `is_show`, `is_disable`, `create_time`, `update_time`) VALUES (255, 1, 296, 'A', '保存', '', 0, 'decorate.page/save', '', '', '', '', 0, 1, 0, 1743419673, 1743419674);
INSERT INTO `t_tenant_system_menu` (`id`, `tenant_id`, `pid`, `type`, `name`, `icon`, `sort`, `perms`, `paths`, `component`, `selected`, `params`, `is_cache`, `is_show`, `is_disable`, `create_time`, `update_time`) VALUES (256, 1, 297, 'A', '保存', '', 0, 'decorate.tabbar/save', '', '', '', '', 0, 1, 0, 1743419673, 1743419674);
INSERT INTO `t_tenant_system_menu` (`id`, `tenant_id`, `pid`, `type`, `name`, `icon`, `sort`, `perms`, `paths`, `component`, `selected`, `params`, `is_cache`, `is_show`, `is_disable`, `create_time`, `update_time`) VALUES (257, 1, 283, 'C', '通知设置', '', 0, 'notice.notice/settingLists', 'notice', 'message/notice/index', '', '', 0, 1, 0, 1743419673, 1743419674);
INSERT INTO `t_tenant_system_menu` (`id`, `tenant_id`, `pid`, `type`, `name`, `icon`, `sort`, `perms`, `paths`, `component`, `selected`, `params`, `is_cache`, `is_show`, `is_disable`, `create_time`, `update_time`) VALUES (258, 1, 283, 'C', '通知设置编辑', '', 0, 'notice.notice/set', 'notice/edit', 'message/notice/edit', '/message/notice', '', 0, 0, 0, 1743419673, 1743419674);
INSERT INTO `t_tenant_system_menu` (`id`, `tenant_id`, `pid`, `type`, `name`, `icon`, `sort`, `perms`, `paths`, `component`, `selected`, `params`, `is_cache`, `is_show`, `is_disable`, `create_time`, `update_time`) VALUES (259, 1, 283, 'C', '短信设置', '', 0, 'notice.sms_config/getConfig', 'short_letter', 'message/short_letter/index', '', '', 0, 1, 0, 1743419673, 1743419674);
INSERT INTO `t_tenant_system_menu` (`id`, `tenant_id`, `pid`, `type`, `name`, `icon`, `sort`, `perms`, `paths`, `component`, `selected`, `params`, `is_cache`, `is_show`, `is_disable`, `create_time`, `update_time`) VALUES (260, 1, 257, 'A', '详情', '', 0, 'notice.notice/detail', '', '', '', '', 0, 1, 0, 1743419673, 1743419674);
INSERT INTO `t_tenant_system_menu` (`id`, `tenant_id`, `pid`, `type`, `name`, `icon`, `sort`, `perms`, `paths`, `component`, `selected`, `params`, `is_cache`, `is_show`, `is_disable`, `create_time`, `update_time`) VALUES (261, 1, 259, 'A', '设置', '', 0, 'notice.sms_config/setConfig', '', '', '', '', 0, 1, 0, 1743419673, 1743419674);
INSERT INTO `t_tenant_system_menu` (`id`, `tenant_id`, `pid`, `type`, `name`, `icon`, `sort`, `perms`, `paths`, `component`, `selected`, `params`, `is_cache`, `is_show`, `is_disable`, `create_time`, `update_time`) VALUES (262, 1, 259, 'A', '详情', '', 0, 'notice.sms_config/detail', '', '', '', '', 0, 1, 0, 1743419673, 1743419674);
INSERT INTO `t_tenant_system_menu` (`id`, `tenant_id`, `pid`, `type`, `name`, `icon`, `sort`, `perms`, `paths`, `component`, `selected`, `params`, `is_cache`, `is_show`, `is_disable`, `create_time`, `update_time`) VALUES (263, 1, 215, 'A', '保存', '', 0, 'setting.hot_search/setConfig', '', '', '', '', 0, 1, 0, 1743419673, 1743419674);
INSERT INTO `t_tenant_system_menu` (`id`, `tenant_id`, `pid`, `type`, `name`, `icon`, `sort`, `perms`, `paths`, `component`, `selected`, `params`, `is_cache`, `is_show`, `is_disable`, `create_time`, `update_time`) VALUES (264, 1, 216, 'C', '用户设置', '', 0, 'setting.user.user/getConfig', 'setup', 'setting/user/setup', '', '', 0, 1, 0, 1743419673, 1743419674);
INSERT INTO `t_tenant_system_menu` (`id`, `tenant_id`, `pid`, `type`, `name`, `icon`, `sort`, `perms`, `paths`, `component`, `selected`, `params`, `is_cache`, `is_show`, `is_disable`, `create_time`, `update_time`) VALUES (265, 1, 216, 'C', '登录注册', '', 0, 'setting.user.user/getRegisterConfig', 'login_register', 'setting/user/login_register', '', '', 0, 1, 0, 1743419673, 1743419674);
INSERT INTO `t_tenant_system_menu` (`id`, `tenant_id`, `pid`, `type`, `name`, `icon`, `sort`, `perms`, `paths`, `component`, `selected`, `params`, `is_cache`, `is_show`, `is_disable`, `create_time`, `update_time`) VALUES (266, 1, 264, 'A', '保存', '', 0, 'setting.user.user/setConfig', '', '', '', '', 0, 1, 0, 1743419673, 1743419674);
INSERT INTO `t_tenant_system_menu` (`id`, `tenant_id`, `pid`, `type`, `name`, `icon`, `sort`, `perms`, `paths`, `component`, `selected`, `params`, `is_cache`, `is_show`, `is_disable`, `create_time`, `update_time`) VALUES (267, 1, 265, 'A', '保存', '', 0, 'setting.user.user/setRegisterConfig', '', '', '', '', 0, 1, 0, 1743419673, 1743419674);
INSERT INTO `t_tenant_system_menu` (`id`, `tenant_id`, `pid`, `type`, `name`, `icon`, `sort`, `perms`, `paths`, `component`, `selected`, `params`, `is_cache`, `is_show`, `is_disable`, `create_time`, `update_time`) VALUES (268, 1, 185, 'C', '用户列表', 'local-icon-user_guanli', 100, 'user.user/lists', 'lists', 'consumer/lists/index', '', '', 0, 1, 0, 1743419673, 1743419674);
INSERT INTO `t_tenant_system_menu` (`id`, `tenant_id`, `pid`, `type`, `name`, `icon`, `sort`, `perms`, `paths`, `component`, `selected`, `params`, `is_cache`, `is_show`, `is_disable`, `create_time`, `update_time`) VALUES (269, 1, 185, 'C', '用户详情', '', 90, 'user.user/detail', 'lists/detail', 'consumer/lists/detail', '/consumer/lists', '', 0, 0, 0, 1743419673, 1743419674);
INSERT INTO `t_tenant_system_menu` (`id`, `tenant_id`, `pid`, `type`, `name`, `icon`, `sort`, `perms`, `paths`, `component`, `selected`, `params`, `is_cache`, `is_show`, `is_disable`, `create_time`, `update_time`) VALUES (270, 1, 269, 'A', '编辑', '', 0, 'user.user/edit', '', '', '', '', 0, 1, 0, 1743419673, 1743419674);
INSERT INTO `t_tenant_system_menu` (`id`, `tenant_id`, `pid`, `type`, `name`, `icon`, `sort`, `perms`, `paths`, `component`, `selected`, `params`, `is_cache`, `is_show`, `is_disable`, `create_time`, `update_time`) VALUES (271, 1, 269, 'A', '余额调整', '', 0, 'user.user/adjustMoney', '', '', '', '', 0, 1, 0, 1743419673, 1743419674);
INSERT INTO `t_tenant_system_menu` (`id`, `tenant_id`, `pid`, `type`, `name`, `icon`, `sort`, `perms`, `paths`, `component`, `selected`, `params`, `is_cache`, `is_show`, `is_disable`, `create_time`, `update_time`) VALUES (272, 1, 243, 'A', '保存', '', 0, 'channel.open_setting/setConfig', '', '', '', '', 0, 1, 0, 1743419673, 1743419674);
INSERT INTO `t_tenant_system_menu` (`id`, `tenant_id`, `pid`, `type`, `name`, `icon`, `sort`, `perms`, `paths`, `component`, `selected`, `params`, `is_cache`, `is_show`, `is_disable`, `create_time`, `update_time`) VALUES (281, 1, 187, 'M', '素材管理', 'el-icon-Picture', 0, '', 'material', '', '', '', 0, 1, 0, 1743419673, 1743419674);
INSERT INTO `t_tenant_system_menu` (`id`, `tenant_id`, `pid`, `type`, `name`, `icon`, `sort`, `perms`, `paths`, `component`, `selected`, `params`, `is_cache`, `is_show`, `is_disable`, `create_time`, `update_time`) VALUES (282, 1, 187, 'M', '文章资讯', 'el-icon-ChatLineSquare', 90, '', 'article', '', '', '', 0, 1, 0, 1743419673, 1743419674);
INSERT INTO `t_tenant_system_menu` (`id`, `tenant_id`, `pid`, `type`, `name`, `icon`, `sort`, `perms`, `paths`, `component`, `selected`, `params`, `is_cache`, `is_show`, `is_disable`, `create_time`, `update_time`) VALUES (283, 1, 183, 'M', '消息管理', 'el-icon-ChatDotRound', 80, '', 'message', '', '', '', 0, 1, 0, 1743419673, 1743451981);
INSERT INTO `t_tenant_system_menu` (`id`, `tenant_id`, `pid`, `type`, `name`, `icon`, `sort`, `perms`, `paths`, `component`, `selected`, `params`, `is_cache`, `is_show`, `is_disable`, `create_time`, `update_time`) VALUES (284, 1, 216, 'C', '用户充值', '', 100, 'recharge.recharge/getConfig', 'recharge', 'app/recharge/index', '', '', 0, 1, 0, 1743419673, 1746081670);
INSERT INTO `t_tenant_system_menu` (`id`, `tenant_id`, `pid`, `type`, `name`, `icon`, `sort`, `perms`, `paths`, `component`, `selected`, `params`, `is_cache`, `is_show`, `is_disable`, `create_time`, `update_time`) VALUES (285, 1, 284, 'A', '保存', '', 0, 'recharge.recharge/setConfig', '', '', '', '', 0, 1, 0, 1743419673, 1743419674);
INSERT INTO `t_tenant_system_menu` (`id`, `tenant_id`, `pid`, `type`, `name`, `icon`, `sort`, `perms`, `paths`, `component`, `selected`, `params`, `is_cache`, `is_show`, `is_disable`, `create_time`, `update_time`) VALUES (286, 1, 217, 'C', '支付方式', '', 0, 'setting.pay.pay_way/getPayWay', 'method', 'setting/pay/method/index', '', '', 0, 1, 0, 1743419673, 1743419674);
INSERT INTO `t_tenant_system_menu` (`id`, `tenant_id`, `pid`, `type`, `name`, `icon`, `sort`, `perms`, `paths`, `component`, `selected`, `params`, `is_cache`, `is_show`, `is_disable`, `create_time`, `update_time`) VALUES (287, 1, 217, 'C', '支付配置', '', 0, 'setting.pay.pay_config/lists', 'config', 'setting/pay/config/index', '', '', 0, 1, 0, 1743419673, 1743419674);
INSERT INTO `t_tenant_system_menu` (`id`, `tenant_id`, `pid`, `type`, `name`, `icon`, `sort`, `perms`, `paths`, `component`, `selected`, `params`, `is_cache`, `is_show`, `is_disable`, `create_time`, `update_time`) VALUES (288, 1, 286, 'A', '设置支付方式', '', 0, 'setting.pay.pay_way/setPayWay', '', '', '', '', 0, 1, 0, 1743419673, 1743419674);
INSERT INTO `t_tenant_system_menu` (`id`, `tenant_id`, `pid`, `type`, `name`, `icon`, `sort`, `perms`, `paths`, `component`, `selected`, `params`, `is_cache`, `is_show`, `is_disable`, `create_time`, `update_time`) VALUES (289, 1, 287, 'A', '配置', '', 0, 'setting.pay.pay_config/setConfig', '', '', '', '', 0, 1, 0, 1743419673, 1743419674);
INSERT INTO `t_tenant_system_menu` (`id`, `tenant_id`, `pid`, `type`, `name`, `icon`, `sort`, `perms`, `paths`, `component`, `selected`, `params`, `is_cache`, `is_show`, `is_disable`, `create_time`, `update_time`) VALUES (290, 1, 188, 'C', '充值记录', 'el-icon-Wallet', 90, 'recharge.recharge/lists', 'recharge_record', 'finance/recharge_record', '', '', 0, 1, 0, 1743419673, 1743419674);
INSERT INTO `t_tenant_system_menu` (`id`, `tenant_id`, `pid`, `type`, `name`, `icon`, `sort`, `perms`, `paths`, `component`, `selected`, `params`, `is_cache`, `is_show`, `is_disable`, `create_time`, `update_time`) VALUES (291, 1, 188, 'C', '余额明细', 'local-icon-qianbao', 100, 'finance.account_log/lists', 'balance_details', 'finance/balance_details', '', '', 0, 1, 0, 1743419673, 1743419674);
INSERT INTO `t_tenant_system_menu` (`id`, `tenant_id`, `pid`, `type`, `name`, `icon`, `sort`, `perms`, `paths`, `component`, `selected`, `params`, `is_cache`, `is_show`, `is_disable`, `create_time`, `update_time`) VALUES (292, 1, 188, 'C', '退款记录', 'local-icon-heshoujilu', 0, 'finance.refund/record', 'refund_record', 'finance/refund_record', '', '', 0, 1, 0, 1743419673, 1743419674);
INSERT INTO `t_tenant_system_menu` (`id`, `tenant_id`, `pid`, `type`, `name`, `icon`, `sort`, `perms`, `paths`, `component`, `selected`, `params`, `is_cache`, `is_show`, `is_disable`, `create_time`, `update_time`) VALUES (293, 1, 290, 'A', '退款', '', 0, 'recharge.recharge/refund', '', '', '', '', 0, 1, 0, 1743419673, 1743419674);
INSERT INTO `t_tenant_system_menu` (`id`, `tenant_id`, `pid`, `type`, `name`, `icon`, `sort`, `perms`, `paths`, `component`, `selected`, `params`, `is_cache`, `is_show`, `is_disable`, `create_time`, `update_time`) VALUES (294, 1, 292, 'A', '重新退款', '', 0, 'recharge.recharge/refundAgain', '', '', '', '', 0, 1, 0, 1743419673, 1743419674);
INSERT INTO `t_tenant_system_menu` (`id`, `tenant_id`, `pid`, `type`, `name`, `icon`, `sort`, `perms`, `paths`, `component`, `selected`, `params`, `is_cache`, `is_show`, `is_disable`, `create_time`, `update_time`) VALUES (295, 1, 292, 'A', '退款日志', '', 0, 'finance.refund/log', '', '', '', '', 0, 1, 0, 1743419673, 1743419674);
INSERT INTO `t_tenant_system_menu` (`id`, `tenant_id`, `pid`, `type`, `name`, `icon`, `sort`, `perms`, `paths`, `component`, `selected`, `params`, `is_cache`, `is_show`, `is_disable`, `create_time`, `update_time`) VALUES (296, 1, 253, 'C', '页面装修', 'el-icon-CopyDocument', 100, 'decorate.page/detail', 'pages', 'decoration/pages/index', '', '', 0, 1, 0, 1743419673, 1743419674);
INSERT INTO `t_tenant_system_menu` (`id`, `tenant_id`, `pid`, `type`, `name`, `icon`, `sort`, `perms`, `paths`, `component`, `selected`, `params`, `is_cache`, `is_show`, `is_disable`, `create_time`, `update_time`) VALUES (297, 1, 253, 'C', '底部导航', 'el-icon-Position', 90, 'decorate.tabbar/detail', 'tabbar', 'decoration/tabbar', '', '', 0, 1, 0, 1743419673, 1743419674);
INSERT INTO `t_tenant_system_menu` (`id`, `tenant_id`, `pid`, `type`, `name`, `icon`, `sort`, `perms`, `paths`, `component`, `selected`, `params`, `is_cache`, `is_show`, `is_disable`, `create_time`, `update_time`) VALUES (298, 1, 253, 'C', '系统风格', 'el-icon-Brush', 80, '', 'style', 'decoration/style/style', '', '', 0, 1, 0, 1743419673, 1743419674);
INSERT INTO `t_tenant_system_menu` (`id`, `tenant_id`, `pid`, `type`, `name`, `icon`, `sort`, `perms`, `paths`, `component`, `selected`, `params`, `is_cache`, `is_show`, `is_disable`, `create_time`, `update_time`) VALUES (299, 1, 254, 'C', 'PC端装修', 'el-icon-Monitor', 8, '', 'pc', 'decoration/pc', '', '', 0, 1, 0, 1743419673, 1743419674);
INSERT INTO `t_tenant_system_menu` (`id`, `tenant_id`, `pid`, `type`, `name`, `icon`, `sort`, `perms`, `paths`, `component`, `selected`, `params`, `is_cache`, `is_show`, `is_disable`, `create_time`, `update_time`) VALUES (300, 1, 221, 'A', '保存', '', 0, 'setting.web.web_setting/saveSiteStatistics', '', '', '', '', 1, 1, 0, 1743419673, 1743419674);
INSERT INTO `t_tenant_system_menu` (`id`, `tenant_id`, `pid`, `type`, `name`, `icon`, `sort`, `perms`, `paths`, `component`, `selected`, `params`, `is_cache`, `is_show`, `is_disable`, `create_time`, `update_time`) VALUES (302, 1, 0, 'M', '考试管理', 'el-icon-Operation', 850, '', 'exam', '', '', '', 1, 1, 0, 1743426399, 1743452261);
INSERT INTO `t_tenant_system_menu` (`id`, `tenant_id`, `pid`, `type`, `name`, `icon`, `sort`, `perms`, `paths`, `component`, `selected`, `params`, `is_cache`, `is_show`, `is_disable`, `create_time`, `update_time`) VALUES (303, 1, 302, 'C', '题库分类', 'el-icon-Calendar', 1000, 'exam.exam_category/lists', 'category', 'exam/exam_category/index', '', '', 1, 0, 0, 1743444887, 1744635380);
INSERT INTO `t_tenant_system_menu` (`id`, `tenant_id`, `pid`, `type`, `name`, `icon`, `sort`, `perms`, `paths`, `component`, `selected`, `params`, `is_cache`, `is_show`, `is_disable`, `create_time`, `update_time`) VALUES (304, 1, 303, 'A', '添加', '', 0, 'exam.exam_category/add', '', '', '', '', 1, 1, 0, 1743444938, 1743444938);
INSERT INTO `t_tenant_system_menu` (`id`, `tenant_id`, `pid`, `type`, `name`, `icon`, `sort`, `perms`, `paths`, `component`, `selected`, `params`, `is_cache`, `is_show`, `is_disable`, `create_time`, `update_time`) VALUES (305, 1, 303, 'A', '编辑', '', 0, 'exam.exam_category/edit', '', '', '', '', 1, 1, 0, 1743444954, 1743444954);
INSERT INTO `t_tenant_system_menu` (`id`, `tenant_id`, `pid`, `type`, `name`, `icon`, `sort`, `perms`, `paths`, `component`, `selected`, `params`, `is_cache`, `is_show`, `is_disable`, `create_time`, `update_time`) VALUES (306, 1, 303, 'A', '删除', '', 0, 'exam.exam_category/delete', '', '', '', '', 1, 1, 0, 1743444975, 1743444975);
INSERT INTO `t_tenant_system_menu` (`id`, `tenant_id`, `pid`, `type`, `name`, `icon`, `sort`, `perms`, `paths`, `component`, `selected`, `params`, `is_cache`, `is_show`, `is_disable`, `create_time`, `update_time`) VALUES (308, 1, 302, 'C', '题库列表', 'el-icon-Calendar', 0, 'exam.tenant_exam_library/lists', 'tenant_exam_library', 'exam/tenant_exam_library/index', '', '', 1, 0, 0, 1743454028, 1744491468);
INSERT INTO `t_tenant_system_menu` (`id`, `tenant_id`, `pid`, `type`, `name`, `icon`, `sort`, `perms`, `paths`, `component`, `selected`, `params`, `is_cache`, `is_show`, `is_disable`, `create_time`, `update_time`) VALUES (309, 1, 308, 'A', '添加', '', 0, 'exam.tenant_exam_library/add', '', '', '', '', 1, 1, 0, 1743454136, 1743454136);
INSERT INTO `t_tenant_system_menu` (`id`, `tenant_id`, `pid`, `type`, `name`, `icon`, `sort`, `perms`, `paths`, `component`, `selected`, `params`, `is_cache`, `is_show`, `is_disable`, `create_time`, `update_time`) VALUES (310, 1, 308, 'A', '编辑', '', 0, 'exam.tenant_exam_library/edit', '', '', '', '', 1, 1, 0, 1743454154, 1743454154);
INSERT INTO `t_tenant_system_menu` (`id`, `tenant_id`, `pid`, `type`, `name`, `icon`, `sort`, `perms`, `paths`, `component`, `selected`, `params`, `is_cache`, `is_show`, `is_disable`, `create_time`, `update_time`) VALUES (311, 1, 308, 'A', '删除', '', 0, 'exam.tenant_exam_library/delete', 'exam.tenant_exam_library/delete', '', '', '', 1, 1, 0, 1743454170, 1743454198);
INSERT INTO `t_tenant_system_menu` (`id`, `tenant_id`, `pid`, `type`, `name`, `icon`, `sort`, `perms`, `paths`, `component`, `selected`, `params`, `is_cache`, `is_show`, `is_disable`, `create_time`, `update_time`) VALUES (314, 1, 318, 'A', '试题添加', '', 0, 'exam.tenant_exam_question/add', '', '', '', '', 1, 1, 0, 1744284609, 1744286496);
INSERT INTO `t_tenant_system_menu` (`id`, `tenant_id`, `pid`, `type`, `name`, `icon`, `sort`, `perms`, `paths`, `component`, `selected`, `params`, `is_cache`, `is_show`, `is_disable`, `create_time`, `update_time`) VALUES (315, 1, 318, 'A', '试题编辑', '', 0, 'exam.tenant_exam_question/edit', '', '', '', '', 1, 1, 0, 1744284628, 1744286510);
INSERT INTO `t_tenant_system_menu` (`id`, `tenant_id`, `pid`, `type`, `name`, `icon`, `sort`, `perms`, `paths`, `component`, `selected`, `params`, `is_cache`, `is_show`, `is_disable`, `create_time`, `update_time`) VALUES (316, 1, 318, 'A', '试题删除', '', 0, 'exam.tenant_exam_question/delete', '', '', '', '', 1, 1, 0, 1744284648, 1744286519);
INSERT INTO `t_tenant_system_menu` (`id`, `tenant_id`, `pid`, `type`, `name`, `icon`, `sort`, `perms`, `paths`, `component`, `selected`, `params`, `is_cache`, `is_show`, `is_disable`, `create_time`, `update_time`) VALUES (318, 1, 302, 'C', '试题管理', 'el-icon-Calendar', 0, 'exam.tenant_exam_question/lists', 'question', 'exam/tenant_exam_question/index', '', '', 0, 0, 0, 1744286482, 1744490956);
INSERT INTO `t_tenant_system_menu` (`id`, `tenant_id`, `pid`, `type`, `name`, `icon`, `sort`, `perms`, `paths`, `component`, `selected`, `params`, `is_cache`, `is_show`, `is_disable`, `create_time`, `update_time`) VALUES (319, 1, 302, 'C', '题库管理', 'el-icon-Calendar', 1000, '', 'library', 'exam/index', '', '', 1, 1, 0, 1744407601, 1744635392);
INSERT INTO `t_tenant_system_menu` (`id`, `tenant_id`, `pid`, `type`, `name`, `icon`, `sort`, `perms`, `paths`, `component`, `selected`, `params`, `is_cache`, `is_show`, `is_disable`, `create_time`, `update_time`) VALUES (320, 1, 302, 'C', '题库章节', 'el-icon-Calendar', 0, 'exam.tenant_exam_chapter/lists', 'tenant_exam_chapter', 'exam/tenant_exam_chapter/index', '', '', 1, 0, 0, 1744446537, 1744446843);
INSERT INTO `t_tenant_system_menu` (`id`, `tenant_id`, `pid`, `type`, `name`, `icon`, `sort`, `perms`, `paths`, `component`, `selected`, `params`, `is_cache`, `is_show`, `is_disable`, `create_time`, `update_time`) VALUES (321, 1, 320, 'A', '添加', '', 0, 'exam.tenant_exam_chapter/add', '', '', '', '', 1, 1, 0, 1744446560, 1744446560);
INSERT INTO `t_tenant_system_menu` (`id`, `tenant_id`, `pid`, `type`, `name`, `icon`, `sort`, `perms`, `paths`, `component`, `selected`, `params`, `is_cache`, `is_show`, `is_disable`, `create_time`, `update_time`) VALUES (322, 1, 320, 'A', '编辑', '', 0, 'exam.tenant_exam_chapter/edit', '', '', '', '', 1, 1, 0, 1744446583, 1744446583);
INSERT INTO `t_tenant_system_menu` (`id`, `tenant_id`, `pid`, `type`, `name`, `icon`, `sort`, `perms`, `paths`, `component`, `selected`, `params`, `is_cache`, `is_show`, `is_disable`, `create_time`, `update_time`) VALUES (323, 1, 320, 'A', '删除', '', 0, 'exam.tenant_exam_chapter/delete', '', '', '', '', 1, 1, 0, 1744446603, 1744446603);
INSERT INTO `t_tenant_system_menu` (`id`, `tenant_id`, `pid`, `type`, `name`, `icon`, `sort`, `perms`, `paths`, `component`, `selected`, `params`, `is_cache`, `is_show`, `is_disable`, `create_time`, `update_time`) VALUES (324, 1, 302, 'C', '考试管理', 'el-icon-Calendar', 800, 'exam.tenant_exam_examination/lists', 'tenant_exam_examination', 'exam/tenant_exam_examination/index', '', '', 1, 1, 0, 1744553058, 1744635424);
INSERT INTO `t_tenant_system_menu` (`id`, `tenant_id`, `pid`, `type`, `name`, `icon`, `sort`, `perms`, `paths`, `component`, `selected`, `params`, `is_cache`, `is_show`, `is_disable`, `create_time`, `update_time`) VALUES (325, 1, 324, 'A', '添加', '', 0, 'exam.tenant_exam_examination/add', 'exam.tenant_exam_examination/add', '', '', '', 1, 1, 0, 1744553084, 1744553084);
INSERT INTO `t_tenant_system_menu` (`id`, `tenant_id`, `pid`, `type`, `name`, `icon`, `sort`, `perms`, `paths`, `component`, `selected`, `params`, `is_cache`, `is_show`, `is_disable`, `create_time`, `update_time`) VALUES (326, 1, 324, 'A', '编辑', '', 0, 'exam.tenant_exam_examination/edit', '', '', '', '', 1, 1, 0, 1744553111, 1744553111);
INSERT INTO `t_tenant_system_menu` (`id`, `tenant_id`, `pid`, `type`, `name`, `icon`, `sort`, `perms`, `paths`, `component`, `selected`, `params`, `is_cache`, `is_show`, `is_disable`, `create_time`, `update_time`) VALUES (327, 1, 324, 'A', '删除', '', 0, 'exam.tenant_exam_examination/delete', '', '', '', '', 1, 1, 0, 1744553132, 1744553132);
INSERT INTO `t_tenant_system_menu` (`id`, `tenant_id`, `pid`, `type`, `name`, `icon`, `sort`, `perms`, `paths`, `component`, `selected`, `params`, `is_cache`, `is_show`, `is_disable`, `create_time`, `update_time`) VALUES (328, 1, 302, 'C', '试卷管理', 'el-icon-Calendar', 900, 'exam.tenant_exam_collection/lists', 'collection/index', 'exam/tenant_exam_collection/index', '', '', 1, 1, 0, 1744622598, 1744635408);
INSERT INTO `t_tenant_system_menu` (`id`, `tenant_id`, `pid`, `type`, `name`, `icon`, `sort`, `perms`, `paths`, `component`, `selected`, `params`, `is_cache`, `is_show`, `is_disable`, `create_time`, `update_time`) VALUES (329, 1, 187, 'C', '图片管理', 'local-icon-tupian', 0, 'config.tenant_banner/lists', 'tenant_banner', 'config/banner/index', '', '', 0, 1, 0, 1746035774, 1746081217);
INSERT INTO `t_tenant_system_menu` (`id`, `tenant_id`, `pid`, `type`, `name`, `icon`, `sort`, `perms`, `paths`, `component`, `selected`, `params`, `is_cache`, `is_show`, `is_disable`, `create_time`, `update_time`) VALUES (330, 1, 329, 'A', '添加', '', 0, 'config.tenant_banner/add', '', '', '', '', 1, 1, 0, 1746035809, 1746035809);
INSERT INTO `t_tenant_system_menu` (`id`, `tenant_id`, `pid`, `type`, `name`, `icon`, `sort`, `perms`, `paths`, `component`, `selected`, `params`, `is_cache`, `is_show`, `is_disable`, `create_time`, `update_time`) VALUES (331, 1, 329, 'A', '编辑', '', 0, 'config.tenant_banner/edit', '', '', '', '', 1, 1, 0, 1746035827, 1746035827);
INSERT INTO `t_tenant_system_menu` (`id`, `tenant_id`, `pid`, `type`, `name`, `icon`, `sort`, `perms`, `paths`, `component`, `selected`, `params`, `is_cache`, `is_show`, `is_disable`, `create_time`, `update_time`) VALUES (332, 1, 329, 'A', '删除', '', 0, 'config.tenant_banner/delete', '', '', '', '', 1, 1, 0, 1746035843, 1746035843);
COMMIT;

-- ----------------------------
-- Table structure for t_tenant_system_role
-- ----------------------------
DROP TABLE IF EXISTS `t_tenant_system_role`;
CREATE TABLE `t_tenant_system_role` (
  `id` int(11) unsigned NOT NULL AUTO_INCREMENT,
  `tenant_id` int(11) NOT NULL COMMENT '租户ID',
  `name` varchar(16) CHARACTER SET utf8mb4 COLLATE utf8mb4_general_ci NOT NULL DEFAULT '' COMMENT '名称',
  `desc` varchar(128) CHARACTER SET utf8mb4 COLLATE utf8mb4_general_ci NOT NULL DEFAULT '' COMMENT '描述',
  `sort` int(11) DEFAULT '0' COMMENT '排序',
  `create_time` int(10) DEFAULT NULL COMMENT '创建时间',
  `update_time` int(10) DEFAULT NULL COMMENT '更新时间',
  `delete_time` int(10) DEFAULT NULL COMMENT '删除时间',
  PRIMARY KEY (`id`) USING BTREE
) ENGINE=InnoDB DEFAULT CHARSET=utf8mb4 COLLATE=utf8mb4_general_ci ROW_FORMAT=DYNAMIC COMMENT='角色表';

-- ----------------------------
-- Records of t_tenant_system_role
-- ----------------------------
BEGIN;
COMMIT;

-- ----------------------------
-- Table structure for t_tenant_system_role_menu
-- ----------------------------
DROP TABLE IF EXISTS `t_tenant_system_role_menu`;
CREATE TABLE `t_tenant_system_role_menu` (
  `role_id` int(10) unsigned NOT NULL DEFAULT '0' COMMENT '角色ID',
  `menu_id` int(10) unsigned NOT NULL DEFAULT '0' COMMENT '菜单ID',
  PRIMARY KEY (`role_id`,`menu_id`) USING BTREE
) ENGINE=InnoDB DEFAULT CHARSET=utf8mb4 COLLATE=utf8mb4_general_ci ROW_FORMAT=DYNAMIC COMMENT='角色菜单关系表';

-- ----------------------------
-- Records of t_tenant_system_role_menu
-- ----------------------------
BEGIN;
COMMIT;

-- ----------------------------
-- Table structure for t_user
-- ----------------------------
DROP TABLE IF EXISTS `t_user`;
CREATE TABLE `t_user` (
  `id` int(10) unsigned NOT NULL AUTO_INCREMENT COMMENT '主键',
  `tenant_id` int(11) NOT NULL COMMENT '租户ID',
  `sn` varchar(255) COLLATE utf8mb4_general_ci NOT NULL DEFAULT '0' COMMENT '编号',
  `avatar` varchar(200) CHARACTER SET utf8mb4 COLLATE utf8mb4_general_ci NOT NULL DEFAULT '' COMMENT '头像',
  `real_name` varchar(32) CHARACTER SET utf8mb4 COLLATE utf8mb4_general_ci NOT NULL DEFAULT '' COMMENT '真实姓名',
  `nickname` varchar(32) CHARACTER SET utf8mb4 COLLATE utf8mb4_general_ci NOT NULL DEFAULT '' COMMENT '用户昵称',
  `account` varchar(32) CHARACTER SET utf8mb4 COLLATE utf8mb4_general_ci NOT NULL DEFAULT '' COMMENT '用户账号',
  `password` varchar(32) CHARACTER SET utf8mb4 COLLATE utf8mb4_general_ci NOT NULL DEFAULT '' COMMENT '用户密码',
  `mobile` varchar(32) CHARACTER SET utf8mb4 COLLATE utf8mb4_general_ci NOT NULL DEFAULT '' COMMENT '用户电话',
  `sex` tinyint(1) unsigned NOT NULL DEFAULT '0' COMMENT '用户性别: [1=男, 2=女]',
  `channel` tinyint(1) unsigned NOT NULL DEFAULT '0' COMMENT '注册渠道: [1-微信小程序 2-微信公众号 3-手机H5 4-电脑PC 5-苹果APP 6-安卓APP]',
  `is_disable` tinyint(1) unsigned NOT NULL DEFAULT '0' COMMENT '是否禁用: [0=否, 1=是]',
  `login_ip` varchar(200) CHARACTER SET utf8mb4 COLLATE utf8mb4_general_ci NOT NULL DEFAULT '' COMMENT '最后登录IP',
  `login_time` int(10) unsigned NOT NULL DEFAULT '0' COMMENT '最后登录时间',
  `is_new_user` tinyint(1) NOT NULL DEFAULT '0' COMMENT '是否是新注册用户: [1-是, 0-否]',
  `user_money` decimal(10,2) unsigned DEFAULT '0.00' COMMENT '用户余额',
  `total_recharge_amount` decimal(10,2) unsigned DEFAULT '0.00' COMMENT '累计充值',
  `create_time` int(10) unsigned NOT NULL DEFAULT '0' COMMENT '创建时间',
  `update_time` int(10) unsigned NOT NULL DEFAULT '0' COMMENT '更新时间',
  `delete_time` int(10) unsigned DEFAULT NULL COMMENT '删除时间',
  `remark` varchar(255) COLLATE utf8mb4_general_ci DEFAULT '这家伙很懒，什么都没留下',
  PRIMARY KEY (`id`) USING BTREE,
  UNIQUE KEY `sn` (`sn`) USING BTREE COMMENT '编号唯一',
  UNIQUE KEY `account` (`account`) USING BTREE COMMENT '账号唯一'
) ENGINE=InnoDB AUTO_INCREMENT=2 DEFAULT CHARSET=utf8mb4 COLLATE=utf8mb4_general_ci ROW_FORMAT=DYNAMIC COMMENT='用户表';

-- ----------------------------
-- Records of t_user
-- ----------------------------
BEGIN;
INSERT INTO `t_user` (`id`, `tenant_id`, `sn`, `avatar`, `real_name`, `nickname`, `account`, `password`, `mobile`, `sex`, `channel`, `is_disable`, `login_ip`, `login_time`, `is_new_user`, `user_money`, `total_recharge_amount`, `create_time`, `update_time`, `delete_time`, `remark`) VALUES (1, 1, 'tt_77774634', 'uploads/images/20250502/20250502155407b626f8947.jpeg', '', 'Mandy', '18228937997', 'd033825bd5a013ae66c2da5f4b036478', '18228937997', 1, 1, 0, '172.18.0.1', 1746813190, 0, 0.00, 0.00, 1746167232, 1746813190, NULL, '这家伙很懒，什么都没留下');
COMMIT;

-- ----------------------------
-- Table structure for t_user_account_log
-- ----------------------------
DROP TABLE IF EXISTS `t_user_account_log`;
CREATE TABLE `t_user_account_log` (
  `id` int(11) unsigned NOT NULL AUTO_INCREMENT,
  `tenant_id` int(11) NOT NULL COMMENT '租户ID',
  `sn` varchar(32) CHARACTER SET utf8mb4 COLLATE utf8mb4_general_ci NOT NULL DEFAULT '' COMMENT '流水号',
  `user_id` int(11) NOT NULL COMMENT '用户id',
  `change_object` tinyint(1) NOT NULL DEFAULT '0' COMMENT '变动对象',
  `change_type` smallint(5) NOT NULL COMMENT '变动类型',
  `action` tinyint(1) NOT NULL DEFAULT '0' COMMENT '动作 1-增加 2-减少',
  `change_amount` decimal(10,2) NOT NULL COMMENT '变动数量',
  `left_amount` decimal(10,2) NOT NULL DEFAULT '100.00' COMMENT '变动后数量',
  `source_sn` varchar(255) CHARACTER SET utf8mb4 COLLATE utf8mb4_general_ci DEFAULT NULL COMMENT '关联单号',
  `remark` varchar(255) CHARACTER SET utf8mb4 COLLATE utf8mb4_general_ci DEFAULT '' COMMENT '备注',
  `extra` text CHARACTER SET utf8mb4 COLLATE utf8mb4_general_ci COMMENT '预留扩展字段',
  `create_time` int(10) DEFAULT NULL COMMENT '创建时间',
  `update_time` int(10) DEFAULT NULL COMMENT '更新时间',
  `delete_time` int(10) DEFAULT NULL COMMENT '删除时间',
  PRIMARY KEY (`id`) USING BTREE
) ENGINE=InnoDB DEFAULT CHARSET=utf8mb4 COLLATE=utf8mb4_general_ci ROW_FORMAT=DYNAMIC COMMENT='用户账户变动记录表';

-- ----------------------------
-- Records of t_user_account_log
-- ----------------------------
BEGIN;
COMMIT;

-- ----------------------------
-- Table structure for t_user_auth
-- ----------------------------
DROP TABLE IF EXISTS `t_user_auth`;
CREATE TABLE `t_user_auth` (
  `id` int(11) NOT NULL AUTO_INCREMENT,
  `tenant_id` int(11) NOT NULL COMMENT '租户ID',
  `user_id` int(11) NOT NULL COMMENT '用户id',
  `openid` varchar(128) CHARACTER SET utf8mb4 COLLATE utf8mb4_general_ci NOT NULL COMMENT '微信openid',
  `unionid` varchar(128) CHARACTER SET utf8mb4 COLLATE utf8mb4_general_ci DEFAULT '' COMMENT '微信unionid',
  `terminal` tinyint(1) NOT NULL DEFAULT '1' COMMENT '客户端类型：1-微信小程序；2-微信公众号；3-手机H5；4-电脑PC；5-苹果APP；6-安卓APP',
  `create_time` int(10) DEFAULT NULL COMMENT '创建时间',
  `update_time` int(10) DEFAULT NULL COMMENT '更新时间',
  PRIMARY KEY (`id`) USING BTREE,
  UNIQUE KEY `openid` (`openid`) USING BTREE
) ENGINE=InnoDB AUTO_INCREMENT=2 DEFAULT CHARSET=utf8mb4 COLLATE=utf8mb4_general_ci ROW_FORMAT=DYNAMIC COMMENT='用户授权表';

-- ----------------------------
-- Records of t_user_auth
-- ----------------------------
BEGIN;
INSERT INTO `t_user_auth` (`id`, `tenant_id`, `user_id`, `openid`, `unionid`, `terminal`, `create_time`, `update_time`) VALUES (1, 1, 1, 'odJ2P4h_RAREj8JSTHemQDhRw0P4', '', 1, 1746168416, 1746168416);
COMMIT;

-- ----------------------------
-- Table structure for t_user_session
-- ----------------------------
DROP TABLE IF EXISTS `t_user_session`;
CREATE TABLE `t_user_session` (
  `id` int(11) NOT NULL AUTO_INCREMENT,
  `tenant_id` int(11) NOT NULL COMMENT '租户ID',
  `user_id` int(11) NOT NULL COMMENT '用户id',
  `terminal` tinyint(1) NOT NULL DEFAULT '1' COMMENT '客户端类型：1-微信小程序；2-微信公众号；3-手机H5；4-电脑PC；5-苹果APP；6-安卓APP',
  `token` varchar(32) CHARACTER SET utf8mb4 COLLATE utf8mb4_general_ci NOT NULL COMMENT '令牌',
  `update_time` int(10) DEFAULT NULL COMMENT '更新时间',
  `expire_time` int(10) NOT NULL COMMENT '到期时间',
  PRIMARY KEY (`id`) USING BTREE,
  UNIQUE KEY `admin_id_client` (`user_id`,`terminal`) USING BTREE COMMENT '一个用户在一个终端只有一个token',
  UNIQUE KEY `token` (`token`) USING BTREE COMMENT 'token是唯一的'
) ENGINE=InnoDB AUTO_INCREMENT=2 DEFAULT CHARSET=utf8mb4 COLLATE=utf8mb4_general_ci ROW_FORMAT=DYNAMIC COMMENT='用户会话表';

-- ----------------------------
-- Records of t_user_session
-- ----------------------------
BEGIN;
INSERT INTO `t_user_session` (`id`, `tenant_id`, `user_id`, `terminal`, `token`, `update_time`, `expire_time`) VALUES (1, 1, 1, 1, 'd0247df01113decd462434ea673ff441', 1746813190, 1746841990);
COMMIT;

SET FOREIGN_KEY_CHECKS = 1;
